class_id,category,class_name_english,video_path
354,Verbs,See,SSL400\Dataset - Original\Verbs\See\See_027.mov
78,Days,Monday,SSL400\Dataset - Original\Days\Monday\Monday_012.mp4
20,Adjectives,Loose,SSL400\Dataset - Original\Adjectives\Loose\Loose_002.MOV
65,Colors,Purple,SSL400\Dataset - Original\Colors\Purple\Purple_012.mp4
151,Nouns,List,SSL400\Dataset - Original\Nouns\List\List_009.mp4
339,Verbs,Look,SSL400\Dataset - Original\Verbs\Look\Look_013.mp4
319,Verbs,Feel,SSL400\Dataset - Original\Verbs\Feel\Feel_004.mp4
72,Days,Evening,SSL400\Dataset - Original\Days\Evening\Evening_001.mov
103,Months,January,SSL400\Dataset - Original\Months\January\January_013.mp4
315,Verbs,Eat,SSL400\Dataset - Original\Verbs\Eat\Eat_011.mp4
324,Verbs,Go,SSL400\Dataset - Original\Verbs\Go\Go_008.mp4
173,Nouns,Radio,SSL400\Dataset - Original\Nouns\Radio\Radio_004.MOV
232,People,Doctor,SSL400\Dataset - Original\People\Doctor\Doctor_009.mp4
210,Numbers,19. nineteen,SSL400\Dataset - Original\Numbers\19. nineteen\19. nineteen_002.mov
382,Verbs,Write,SSL400\Dataset - Original\Verbs\Write\Write_016.mp4
309,Verbs,Cry,SSL400\Dataset - Original\Verbs\Cry\Cry_018.mp4
382,Verbs,Write,SSL400\Dataset - Original\Verbs\Write\Write_027.mp4
288,Vehicles,Plane,SSL400\Dataset - Original\Vehicles\Plane\Plane_005.mp4
97,Greetings,Thank you,SSL400\Dataset - Original\Greetings\Thank you\Thank you_045.MOV
314,Verbs,Drink,SSL400\Dataset - Original\Verbs\Drink\Drink_034.mp4
263,Places,House,SSL400\Dataset - Original\Places\House\House_046.mp4
160,Nouns,Network,SSL400\Dataset - Original\Nouns\Network\Network_006.mp4
108,Months,Month,SSL400\Dataset - Original\Months\Month\Month_002.mov
61,Colors,Green,SSL400\Dataset - Original\Colors\Green\Green_004.mp4
139,Nouns,Gun,SSL400\Dataset - Original\Nouns\Gun\Gun_005.MOV
238,People,Grand father,SSL400\Dataset - Original\People\Grand father\Grand father_016.mp4
95,Greetings,Hello,SSL400\Dataset - Original\Greetings\Hello\Hello_002.mp4
150,Nouns,Laptop,SSL400\Dataset - Original\Nouns\Laptop\Laptop_014.MP4
50,Adverb,Never,SSL400\Dataset - Original\Adverb\Never\Never_005.mp4
337,Verbs,Like,SSL400\Dataset - Original\Verbs\Like\Like_007.mov
120,Nouns,Ceiling fan,SSL400\Dataset - Original\Nouns\Ceiling fan\Ceiling fan_006.MOV
25,Adjectives,Old,SSL400\Dataset - Original\Adjectives\Old\Old_003.mp4
1,Adjectives,Beautiful,SSL400\Dataset - Original\Adjectives\Beautiful\Beautiful_009.mp4
149,Nouns,Key,SSL400\Dataset - Original\Nouns\Key\Key_005.MOV
177,Nouns,Shirt,SSL400\Dataset - Original\Nouns\Shirt\Shirt_015.MOV
173,Nouns,Radio,SSL400\Dataset - Original\Nouns\Radio\Radio_010.MOV
13,Adjectives,Good,SSL400\Dataset - Original\Adjectives\Good\Good_025.mp4
315,Verbs,Eat,SSL400\Dataset - Original\Verbs\Eat\Eat_024.mp4
356,Verbs,Sell,SSL400\Dataset - Original\Verbs\Sell\Sell_021.mp4
151,Nouns,List,SSL400\Dataset - Original\Nouns\List\List_004.mp4
330,Verbs,How,SSL400\Dataset - Original\Verbs\How\How_003.mov
213,Numbers,3. three,SSL400\Dataset - Original\Numbers\3. three\3. three_012.mov
303,Verbs,Come,SSL400\Dataset - Original\Verbs\Come\Come_018.mp4
342,Verbs,Meet,SSL400\Dataset - Original\Verbs\Meet\Meet_004.mp4
156,Nouns,Money,SSL400\Dataset - Original\Nouns\Money\Money_022.mp4
159,Nouns,My,SSL400\Dataset - Original\Nouns\My\My_017.mp4
309,Verbs,Cry,SSL400\Dataset - Original\Verbs\Cry\Cry_006.mp4
288,Vehicles,Plane,SSL400\Dataset - Original\Vehicles\Plane\Plane_018.MOV
156,Nouns,Money,SSL400\Dataset - Original\Nouns\Money\Money_013.mp4
41,Adverb,Again,SSL400\Dataset - Original\Adverb\Again\Again_025.mp4
244,People,Mother,SSL400\Dataset - Original\People\Mother\Mother_009.mp4
95,Greetings,Hello,SSL400\Dataset - Original\Greetings\Hello\Hello_033.mp4
199,Nouns,You,SSL400\Dataset - Original\Nouns\You\You_034.mov
5,Adjectives,Deep,SSL400\Dataset - Original\Adjectives\Deep\Deep_007.mp4
351,Verbs,Run,SSL400\Dataset - Original\Verbs\Run\Run_023.mp4
171,Nouns,Point,SSL400\Dataset - Original\Nouns\Point\Point_005.mp4
310,Verbs,Cut,SSL400\Dataset - Original\Verbs\Cut\Cut_019.mp4
317,Verbs,Erase,SSL400\Dataset - Original\Verbs\Erase\Erase_001.mp4
140,Nouns,Hat,SSL400\Dataset - Original\Nouns\Hat\Hat_006.MOV
281,Preposition,Until,SSL400\Dataset - Original\Preposition\Until\Until_003.mp4
91,Days,Yesterday,SSL400\Dataset - Original\Days\Yesterday\Yesterday_010.MOV
86,Days,Today,SSL400\Dataset - Original\Days\Today\Today_024.MOV
158,Nouns,Movie,SSL400\Dataset - Original\Nouns\Movie\Movie_004.mp4
221,Numbers,Count,SSL400\Dataset - Original\Numbers\Count\Count_003.mov
95,Greetings,Hello,SSL400\Dataset - Original\Greetings\Hello\Hello_054.MOV
65,Colors,Purple,SSL400\Dataset - Original\Colors\Purple\Purple_007.mp4
340,Verbs,Love,SSL400\Dataset - Original\Verbs\Love\Love_006.mp4
97,Greetings,Thank you,SSL400\Dataset - Original\Greetings\Thank you\Thank you_084.mp4
141,Nouns,He,SSL400\Dataset - Original\Nouns\He\He_007.MOV
194,Nouns,Weather,SSL400\Dataset - Original\Nouns\Weather\Weather_006.mp4
212,Numbers,20. twenty,SSL400\Dataset - Original\Numbers\20. twenty\20. twenty_002.mov
93,Greetings,Alright,SSL400\Dataset - Original\Greetings\Alright\Alright_018.MOV
6,Adjectives,Different,SSL400\Dataset - Original\Adjectives\Different\Different_009.mp4
172,Nouns,Problem,SSL400\Dataset - Original\Nouns\Problem\Problem_007.mp4
77,Days,Hour,SSL400\Dataset - Original\Days\Hour\Hour_009.mp4
140,Nouns,Hat,SSL400\Dataset - Original\Nouns\Hat\Hat_013.MOV
1,Adjectives,Beautiful,SSL400\Dataset - Original\Adjectives\Beautiful\Beautiful_004.mp4
185,Nouns,Structure,SSL400\Dataset - Original\Nouns\Structure\Structure_007.mp4
275,Preposition,Near,SSL400\Dataset - Original\Preposition\Near\Near_002.mp4
104,Months,July,SSL400\Dataset - Original\Months\July\July_002.mp4
306,Verbs,Copy,SSL400\Dataset - Original\Verbs\Copy\Copy_005.mp4
110,Months,October,SSL400\Dataset - Original\Months\October\October_002.mov
159,Nouns,My,SSL400\Dataset - Original\Nouns\My\My_020.mp4
97,Greetings,Thank you,SSL400\Dataset - Original\Greetings\Thank you\Thank you_035.MOV
303,Verbs,Come,SSL400\Dataset - Original\Verbs\Come\Come_010.mp4
61,Colors,Green,SSL400\Dataset - Original\Colors\Green\Green_001.mp4
190,Nouns,Technology,SSL400\Dataset - Original\Nouns\Technology\Technology_001.mp4
286,Vehicles,Car,SSL400\Dataset - Original\Vehicles\Car\Car_001.mov
243,People,Man,SSL400\Dataset - Original\People\Man\Man_028.MOV
382,Verbs,Write,SSL400\Dataset - Original\Verbs\Write\Write_033.mp4
291,Vehicles,Van,SSL400\Dataset - Original\Vehicles\Van\Van_003.mov
305,Verbs,Cook,SSL400\Dataset - Original\Verbs\Cook\Cook_004.mp4
209,Numbers,18. eighteen,SSL400\Dataset - Original\Numbers\18. eighteen\18. eighteen_003.mov
133,Nouns,Eyes,SSL400\Dataset - Original\Nouns\Eyes\Eyes_001.mp4
95,Greetings,Hello,SSL400\Dataset - Original\Greetings\Hello\Hello_100.mp4
199,Nouns,You,SSL400\Dataset - Original\Nouns\You\You_044.mov
9,Adjectives,Fast,SSL400\Dataset - Original\Adjectives\Fast\Fast_007.MOV
211,Numbers,2. two,SSL400\Dataset - Original\Numbers\2. two\2. two_001.mp4
116,Nouns,Book,SSL400\Dataset - Original\Nouns\Book\Book_008.mp4
200,Numbers,1. one,SSL400\Dataset - Original\Numbers\1. one\1. one_002.mp4
4,Adjectives,Deaf,SSL400\Dataset - Original\Adjectives\Deaf\Deaf_015.MOV
5,Adjectives,Deep,SSL400\Dataset - Original\Adjectives\Deep\Deep_015.MOV
28,Adjectives,Present,SSL400\Dataset - Original\Adjectives\Present\Present_007.mp4
95,Greetings,Hello,SSL400\Dataset - Original\Greetings\Hello\Hello_034.mp4
104,Months,July,SSL400\Dataset - Original\Months\July\July_001.mov
211,Numbers,2. two,SSL400\Dataset - Original\Numbers\2. two\2. two_013.mov
348,Verbs,Pull,SSL400\Dataset - Original\Verbs\Pull\Pull_005.mp4
164,Nouns,Paint,SSL400\Dataset - Original\Nouns\Paint\Paint_021.MP4
67,Colors,White,SSL400\Dataset - Original\Colors\White\White_034.MOV
200,Numbers,1. one,SSL400\Dataset - Original\Numbers\1. one\1. one_008.mp4
324,Verbs,Go,SSL400\Dataset - Original\Verbs\Go\Go_003.mp4
150,Nouns,Laptop,SSL400\Dataset - Original\Nouns\Laptop\Laptop_007.MOV
359,Verbs,Sleep,SSL400\Dataset - Original\Verbs\Sleep\Sleep_027.mov
328,Verbs,Help,SSL400\Dataset - Original\Verbs\Help\Help_029.mov
320,Verbs,Fight,SSL400\Dataset - Original\Verbs\Fight\Fight_010.mp4
369,Verbs,Tell,SSL400\Dataset - Original\Verbs\Tell\Tell_023.mp4
97,Greetings,Thank you,SSL400\Dataset - Original\Greetings\Thank you\Thank you_062.mp4
304,Verbs,Connect,SSL400\Dataset - Original\Verbs\Connect\Connect_004.mp4
200,Numbers,1. one,SSL400\Dataset - Original\Numbers\1. one\1. one_006.mp4
86,Days,Today,SSL400\Dataset - Original\Days\Today\Today_025.MOV
382,Verbs,Write,SSL400\Dataset - Original\Verbs\Write\Write_009.mp4
40,Adjectives,Wrong,SSL400\Dataset - Original\Adjectives\Wrong\Wrong_018.mp4
114,Nouns,Bag,SSL400\Dataset - Original\Nouns\Bag\Bag_006.MOV
320,Verbs,Fight,SSL400\Dataset - Original\Verbs\Fight\Fight_009.mp4
314,Verbs,Drink,SSL400\Dataset - Original\Verbs\Drink\Drink_013.mp4
191,Nouns,Telephone,SSL400\Dataset - Original\Nouns\Telephone\Telephone_006.mp4
159,Nouns,My,SSL400\Dataset - Original\Nouns\My\My_019.mp4
83,Days,Sunday,SSL400\Dataset - Original\Days\Sunday\Sunday_004.mov
314,Verbs,Drink,SSL400\Dataset - Original\Verbs\Drink\Drink_039.mp4
216,Numbers,6. six,SSL400\Dataset - Original\Numbers\6. six\6. six_007.mov
303,Verbs,Come,SSL400\Dataset - Original\Verbs\Come\Come_007.mp4
13,Adjectives,Good,SSL400\Dataset - Original\Adjectives\Good\Good_067.mp4
95,Greetings,Hello,SSL400\Dataset - Original\Greetings\Hello\Hello_007.mp4
151,Nouns,List,SSL400\Dataset - Original\Nouns\List\List_005.mp4
159,Nouns,My,SSL400\Dataset - Original\Nouns\My\My_018.mp4
216,Numbers,6. six,SSL400\Dataset - Original\Numbers\6. six\6. six_001.mov
342,Verbs,Meet,SSL400\Dataset - Original\Verbs\Meet\Meet_024.mp4
245,People,Player,SSL400\Dataset - Original\People\Player\Player_010.MOV
263,Places,House,SSL400\Dataset - Original\Places\House\House_011.mov
55,Colors,Black,SSL400\Dataset - Original\Colors\Black\Black_017.MOV
353,Verbs,Search,SSL400\Dataset - Original\Verbs\Search\Search_002.mov
190,Nouns,Technology,SSL400\Dataset - Original\Nouns\Technology\Technology_007.MOV
310,Verbs,Cut,SSL400\Dataset - Original\Verbs\Cut\Cut_007.mp4
93,Greetings,Alright,SSL400\Dataset - Original\Greetings\Alright\Alright_007.MOV
310,Verbs,Cut,SSL400\Dataset - Original\Verbs\Cut\Cut_012.mp4
32,Adjectives,Senior,SSL400\Dataset - Original\Adjectives\Senior\Senior_005.mp4
14,Adjectives,Happy,SSL400\Dataset - Original\Adjectives\Happy\Happy_007.mp4
139,Nouns,Gun,SSL400\Dataset - Original\Nouns\Gun\Gun_011.MP4
186,Nouns,Suit,SSL400\Dataset - Original\Nouns\Suit\Suit_001.MOV
287,Vehicles,Motorcycle,SSL400\Dataset - Original\Vehicles\Motorcycle\Motorcycle_004.mp4
345,Verbs,Order,SSL400\Dataset - Original\Verbs\Order\Order_006.mp4
177,Nouns,Shirt,SSL400\Dataset - Original\Nouns\Shirt\Shirt_001.MOV
12,Adjectives,Full,SSL400\Dataset - Original\Adjectives\Full\Full_010.mp4
86,Days,Today,SSL400\Dataset - Original\Days\Today\Today_015.mp4
215,Numbers,5. five,SSL400\Dataset - Original\Numbers\5. five\5. five_005.mp4
97,Greetings,Thank you,SSL400\Dataset - Original\Greetings\Thank you\Thank you_031.MOV
342,Verbs,Meet,SSL400\Dataset - Original\Verbs\Meet\Meet_012.mov
268,Places,Shop,SSL400\Dataset - Original\Places\Shop\Shop_022.MOV
231,People,Daughter,SSL400\Dataset - Original\People\Daughter\Daughter_004.mov
13,Adjectives,Good,SSL400\Dataset - Original\Adjectives\Good\Good_019.mp4
85,Days,Time,SSL400\Dataset - Original\Days\Time\Time_007.mp4
315,Verbs,Eat,SSL400\Dataset - Original\Verbs\Eat\Eat_033.mp4
309,Verbs,Cry,SSL400\Dataset - Original\Verbs\Cry\Cry_019.mp4
377,Verbs,Walk,SSL400\Dataset - Original\Verbs\Walk\Walk_002.mp4
214,Numbers,4. four,SSL400\Dataset - Original\Numbers\4. four\4. four_013.mov
264,Places,Location,SSL400\Dataset - Original\Places\Location\Location_010.MOV
16,Adjectives,Healthy,SSL400\Dataset - Original\Adjectives\Healthy\Healthy_007.MOV
97,Greetings,Thank you,SSL400\Dataset - Original\Greetings\Thank you\Thank you_027.mp4
216,Numbers,6. six,SSL400\Dataset - Original\Numbers\6. six\6. six_005.mov
378,Verbs,Want,SSL400\Dataset - Original\Verbs\Want\Want_015.mp4
199,Nouns,You,SSL400\Dataset - Original\Nouns\You\You_015.MOV
31,Adjectives,Same,SSL400\Dataset - Original\Adjectives\Same\Same_009.mp4
147,Nouns,Impact,SSL400\Dataset - Original\Nouns\Impact\Impact_005.mp4
263,Places,House,SSL400\Dataset - Original\Places\House\House_006.mp4
363,Verbs,Sweep,SSL400\Dataset - Original\Verbs\Sweep\Sweep_002.mov
380,Verbs,Watch,SSL400\Dataset - Original\Verbs\Watch\Watch_001.mp4
140,Nouns,Hat,SSL400\Dataset - Original\Nouns\Hat\Hat_014.MOV
14,Adjectives,Happy,SSL400\Dataset - Original\Adjectives\Happy\Happy_001.mp4
263,Places,House,SSL400\Dataset - Original\Places\House\House_031.mp4
152,Nouns,Lock,SSL400\Dataset - Original\Nouns\Lock\Lock_004.MOV
243,People,Man,SSL400\Dataset - Original\People\Man\Man_014.mp4
102,Months,February,SSL400\Dataset - Original\Months\February\February_004.mp4
313,Verbs,Draw,SSL400\Dataset - Original\Verbs\Draw\Draw_001.mov
68,Colors,Yellow,SSL400\Dataset - Original\Colors\Yellow\Yellow_015.mp4
16,Adjectives,Healthy,SSL400\Dataset - Original\Adjectives\Healthy\Healthy_008.MOV
89,Days,Wednesday,SSL400\Dataset - Original\Days\Wednesday\Wednesday_007.MOV
109,Months,November,SSL400\Dataset - Original\Months\November\November_008.mov
371,Verbs,Think,SSL400\Dataset - Original\Verbs\Think\Think_003.mp4
264,Places,Location,SSL400\Dataset - Original\Places\Location\Location_005.MOV
342,Verbs,Meet,SSL400\Dataset - Original\Verbs\Meet\Meet_015.mp4
183,Nouns,Squirrel,SSL400\Dataset - Original\Nouns\Squirrel\Squirrel_012.mp4
315,Verbs,Eat,SSL400\Dataset - Original\Verbs\Eat\Eat_020.mp4
318,Verbs,Exchange,SSL400\Dataset - Original\Verbs\Exchange\Exchange_003.mp4
67,Colors,White,SSL400\Dataset - Original\Colors\White\White_008.mp4
3,Adjectives,Cold,SSL400\Dataset - Original\Adjectives\Cold\Cold_002.mp4
13,Adjectives,Good,SSL400\Dataset - Original\Adjectives\Good\Good_007.mp4
3,Adjectives,Cold,SSL400\Dataset - Original\Adjectives\Cold\Cold_005.mp4
199,Nouns,You,SSL400\Dataset - Original\Nouns\You\You_040.mov
15,Adjectives,Hard,SSL400\Dataset - Original\Adjectives\Hard\Hard_012.MOV
359,Verbs,Sleep,SSL400\Dataset - Original\Verbs\Sleep\Sleep_008.mp4
342,Verbs,Meet,SSL400\Dataset - Original\Verbs\Meet\Meet_028.mp4
284,Vehicles,Boat,SSL400\Dataset - Original\Vehicles\Boat\Boat_009.MOV
234,People,Elder sister,SSL400\Dataset - Original\People\Elder sister\Elder sister_017.mp4
70,Days,Day,SSL400\Dataset - Original\Days\Day\Day_013.mp4
116,Nouns,Book,SSL400\Dataset - Original\Nouns\Book\Book_002.mp4
68,Colors,Yellow,SSL400\Dataset - Original\Colors\Yellow\Yellow_032.MOV
356,Verbs,Sell,SSL400\Dataset - Original\Verbs\Sell\Sell_020.mp4
183,Nouns,Squirrel,SSL400\Dataset - Original\Nouns\Squirrel\Squirrel_008.mp4
334,Verbs,Laugh,SSL400\Dataset - Original\Verbs\Laugh\Laugh_004.mov
263,Places,House,SSL400\Dataset - Original\Places\House\House_015.mp4
126,Nouns,Computer,SSL400\Dataset - Original\Nouns\Computer\Computer_002.MOV
91,Days,Yesterday,SSL400\Dataset - Original\Days\Yesterday\Yesterday_015.mov
29,Adjectives,Quick,SSL400\Dataset - Original\Adjectives\Quick\Quick_006.mp4
371,Verbs,Think,SSL400\Dataset - Original\Verbs\Think\Think_007.mp4
114,Nouns,Bag,SSL400\Dataset - Original\Nouns\Bag\Bag_011.MP4
244,People,Mother,SSL400\Dataset - Original\People\Mother\Mother_015.mp4
88,Days,Tuesday,SSL400\Dataset - Original\Days\Tuesday\Tuesday_001.mov
200,Numbers,1. one,SSL400\Dataset - Original\Numbers\1. one\1. one_018.mov
97,Greetings,Thank you,SSL400\Dataset - Original\Greetings\Thank you\Thank you_021.mp4
68,Colors,Yellow,SSL400\Dataset - Original\Colors\Yellow\Yellow_020.mp4
191,Nouns,Telephone,SSL400\Dataset - Original\Nouns\Telephone\Telephone_004.mp4
15,Adjectives,Hard,SSL400\Dataset - Original\Adjectives\Hard\Hard_009.MOV
334,Verbs,Laugh,SSL400\Dataset - Original\Verbs\Laugh\Laugh_005.mov
324,Verbs,Go,SSL400\Dataset - Original\Verbs\Go\Go_032.mov
264,Places,Location,SSL400\Dataset - Original\Places\Location\Location_015.MOV
380,Verbs,Watch,SSL400\Dataset - Original\Verbs\Watch\Watch_003.mp4
218,Numbers,8. eight,SSL400\Dataset - Original\Numbers\8. eight\8. eight_010.mov
264,Places,Location,SSL400\Dataset - Original\Places\Location\Location_001.MOV
155,Nouns,Mind,SSL400\Dataset - Original\Nouns\Mind\Mind_003.mp4
351,Verbs,Run,SSL400\Dataset - Original\Verbs\Run\Run_024.mp4
378,Verbs,Want,SSL400\Dataset - Original\Verbs\Want\Want_013.mp4
9,Adjectives,Fast,SSL400\Dataset - Original\Adjectives\Fast\Fast_001.MOV
49,Adverb,Instead,SSL400\Dataset - Original\Adverb\Instead\Instead_003.mp4
95,Greetings,Hello,SSL400\Dataset - Original\Greetings\Hello\Hello_003.mp4
305,Verbs,Cook,SSL400\Dataset - Original\Verbs\Cook\Cook_016.mp4
61,Colors,Green,SSL400\Dataset - Original\Colors\Green\Green_022.mp4
337,Verbs,Like,SSL400\Dataset - Original\Verbs\Like\Like_005.mov
266,Places,Police station,SSL400\Dataset - Original\Places\Police station\Police station_002.mov
314,Verbs,Drink,SSL400\Dataset - Original\Verbs\Drink\Drink_019.mp4
354,Verbs,See,SSL400\Dataset - Original\Verbs\See\See_025.mov
135,Nouns,Fever,SSL400\Dataset - Original\Nouns\Fever\Fever_008.mp4
186,Nouns,Suit,SSL400\Dataset - Original\Nouns\Suit\Suit_016.MOV
185,Nouns,Structure,SSL400\Dataset - Original\Nouns\Structure\Structure_004.mp4
51,Adverb,Not like (dislike),SSL400\Dataset - Original\Adverb\Not like (dislike)\Not like (dislike)_001.mov
139,Nouns,Gun,SSL400\Dataset - Original\Nouns\Gun\Gun_013.MP4
239,People,Grand mother,SSL400\Dataset - Original\People\Grand mother\Grand mother_002.mov
310,Verbs,Cut,SSL400\Dataset - Original\Verbs\Cut\Cut_029.mp4
183,Nouns,Squirrel,SSL400\Dataset - Original\Nouns\Squirrel\Squirrel_021.mp4
366,Verbs,Talk,SSL400\Dataset - Original\Verbs\Talk\Talk_001.mov
184,Nouns,Street,SSL400\Dataset - Original\Nouns\Street\Street_005.mp4
59,Colors,Gold,SSL400\Dataset - Original\Colors\Gold\Gold_001.mov
126,Nouns,Computer,SSL400\Dataset - Original\Nouns\Computer\Computer_011.MOV
279,Preposition,Than,SSL400\Dataset - Original\Preposition\Than\Than_003.mp4
344,Verbs,Open,SSL400\Dataset - Original\Verbs\Open\Open_002.mp4
263,Places,House,SSL400\Dataset - Original\Places\House\House_061.mp4
149,Nouns,Key,SSL400\Dataset - Original\Nouns\Key\Key_009.MP4
256,People,Younger bro,SSL400\Dataset - Original\People\Younger bro\Younger bro_006.mp4
367,Verbs,Teach,SSL400\Dataset - Original\Verbs\Teach\Teach_002.mp4
110,Months,October,SSL400\Dataset - Original\Months\October\October_001.mov
114,Nouns,Bag,SSL400\Dataset - Original\Nouns\Bag\Bag_008.MP4
268,Places,Shop,SSL400\Dataset - Original\Places\Shop\Shop_011.MOV
152,Nouns,Lock,SSL400\Dataset - Original\Nouns\Lock\Lock_005.MOV
155,Nouns,Mind,SSL400\Dataset - Original\Nouns\Mind\Mind_004.mp4
377,Verbs,Walk,SSL400\Dataset - Original\Verbs\Walk\Walk_006.mp4
141,Nouns,He,SSL400\Dataset - Original\Nouns\He\He_011.MOV
374,Verbs,Understand,SSL400\Dataset - Original\Verbs\Understand\Understand_006.mov
280,Preposition,To,SSL400\Dataset - Original\Preposition\To\To_008.mp4
130,Nouns,Door,SSL400\Dataset - Original\Nouns\Door\Door_004.mp4
163,Nouns,Our,SSL400\Dataset - Original\Nouns\Our\Our_001.mp4
70,Days,Day,SSL400\Dataset - Original\Days\Day\Day_022.mov
303,Verbs,Come,SSL400\Dataset - Original\Verbs\Come\Come_012.mp4
263,Places,House,SSL400\Dataset - Original\Places\House\House_009.mp4
70,Days,Day,SSL400\Dataset - Original\Days\Day\Day_007.mp4
1,Adjectives,Beautiful,SSL400\Dataset - Original\Adjectives\Beautiful\Beautiful_028.MOV
100,Months,August,SSL400\Dataset - Original\Months\August\August_007.mov
257,People,Younger sister,SSL400\Dataset - Original\People\Younger sister\Younger sister_008.mov
251,People,Son,SSL400\Dataset - Original\People\Son\Son_011.MOV
351,Verbs,Run,SSL400\Dataset - Original\Verbs\Run\Run_025.mov
62,Colors,Grey,SSL400\Dataset - Original\Colors\Grey\Grey_001.mp4
78,Days,Monday,SSL400\Dataset - Original\Days\Monday\Monday_013.mp4
6,Adjectives,Different,SSL400\Dataset - Original\Adjectives\Different\Different_007.mp4
125,Nouns,Clothing,SSL400\Dataset - Original\Nouns\Clothing\Clothing_008.MOV
369,Verbs,Tell,SSL400\Dataset - Original\Verbs\Tell\Tell_030.mp4
369,Verbs,Tell,SSL400\Dataset - Original\Verbs\Tell\Tell_008.mp4
378,Verbs,Want,SSL400\Dataset - Original\Verbs\Want\Want_016.mp4
86,Days,Today,SSL400\Dataset - Original\Days\Today\Today_033.MP4
377,Verbs,Walk,SSL400\Dataset - Original\Verbs\Walk\Walk_011.mp4
309,Verbs,Cry,SSL400\Dataset - Original\Verbs\Cry\Cry_009.mp4
309,Verbs,Cry,SSL400\Dataset - Original\Verbs\Cry\Cry_007.mp4
159,Nouns,My,SSL400\Dataset - Original\Nouns\My\My_024.mp4
41,Adverb,Again,SSL400\Dataset - Original\Adverb\Again\Again_006.mp4
9,Adjectives,Fast,SSL400\Dataset - Original\Adjectives\Fast\Fast_012.MOV
309,Verbs,Cry,SSL400\Dataset - Original\Verbs\Cry\Cry_010.mp4
95,Greetings,Hello,SSL400\Dataset - Original\Greetings\Hello\Hello_053.MOV
359,Verbs,Sleep,SSL400\Dataset - Original\Verbs\Sleep\Sleep_023.mp4
199,Nouns,You,SSL400\Dataset - Original\Nouns\You\You_009.MOV
92,Determiner,No,SSL400\Dataset - Original\Determiner\No\No_001.mov
133,Nouns,Eyes,SSL400\Dataset - Original\Nouns\Eyes\Eyes_004.mp4
61,Colors,Green,SSL400\Dataset - Original\Colors\Green\Green_002.mp4
303,Verbs,Come,SSL400\Dataset - Original\Verbs\Come\Come_003.mp4
198,Nouns,Window,SSL400\Dataset - Original\Nouns\Window\Window_014.MP4
97,Greetings,Thank you,SSL400\Dataset - Original\Greetings\Thank you\Thank you_093.mp4
238,People,Grand father,SSL400\Dataset - Original\People\Grand father\Grand father_018.mp4
87,Days,Tomorrow,SSL400\Dataset - Original\Days\Tomorrow\Tomorrow_010.MOV
55,Colors,Black,SSL400\Dataset - Original\Colors\Black\Black_006.mp4
320,Verbs,Fight,SSL400\Dataset - Original\Verbs\Fight\Fight_025.mov
369,Verbs,Tell,SSL400\Dataset - Original\Verbs\Tell\Tell_031.mp4
254,People,Us,SSL400\Dataset - Original\People\Us\Us_009.mp4
274,Preposition,Inside,SSL400\Dataset - Original\Preposition\Inside\Inside_003.mp4
183,Nouns,Squirrel,SSL400\Dataset - Original\Nouns\Squirrel\Squirrel_022.mp4
140,Nouns,Hat,SSL400\Dataset - Original\Nouns\Hat\Hat_017.MOV
263,Places,House,SSL400\Dataset - Original\Places\House\House_001.mp4
220,Numbers,Addition,SSL400\Dataset - Original\Numbers\Addition\Addition_006.mov
140,Nouns,Hat,SSL400\Dataset - Original\Nouns\Hat\Hat_007.MOV
49,Adverb,Instead,SSL400\Dataset - Original\Adverb\Instead\Instead_002.mp4
251,People,Son,SSL400\Dataset - Original\People\Son\Son_024.mov
16,Adjectives,Healthy,SSL400\Dataset - Original\Adjectives\Healthy\Healthy_003.MOV
129,Nouns,Culture,SSL400\Dataset - Original\Nouns\Culture\Culture_003.mp4
68,Colors,Yellow,SSL400\Dataset - Original\Colors\Yellow\Yellow_006.mp4
305,Verbs,Cook,SSL400\Dataset - Original\Verbs\Cook\Cook_027.mov
254,People,Us,SSL400\Dataset - Original\People\Us\Us_015.mp4
119,Nouns,Cat,SSL400\Dataset - Original\Nouns\Cat\Cat_001.mp4
344,Verbs,Open,SSL400\Dataset - Original\Verbs\Open\Open_007.mov
131,Nouns,Elephant,SSL400\Dataset - Original\Nouns\Elephant\Elephant_021.mp4
85,Days,Time,SSL400\Dataset - Original\Days\Time\Time_001.mp4
89,Days,Wednesday,SSL400\Dataset - Original\Days\Wednesday\Wednesday_008.MOV
31,Adjectives,Same,SSL400\Dataset - Original\Adjectives\Same\Same_003.mp4
35,Adjectives,Strong,SSL400\Dataset - Original\Adjectives\Strong\Strong_001.MOV
382,Verbs,Write,SSL400\Dataset - Original\Verbs\Write\Write_004.mp4
20,Adjectives,Loose,SSL400\Dataset - Original\Adjectives\Loose\Loose_006.MOV
148,Nouns,Internet,SSL400\Dataset - Original\Nouns\Internet\Internet_008.mp4
359,Verbs,Sleep,SSL400\Dataset - Original\Verbs\Sleep\Sleep_020.mp4
356,Verbs,Sell,SSL400\Dataset - Original\Verbs\Sell\Sell_015.mp4
97,Greetings,Thank you,SSL400\Dataset - Original\Greetings\Thank you\Thank you_107.mp4
328,Verbs,Help,SSL400\Dataset - Original\Verbs\Help\Help_030.mov
271,Preposition,After,SSL400\Dataset - Original\Preposition\After\After_003.mp4
272,Preposition,Around,SSL400\Dataset - Original\Preposition\Around\Around_002.mp4
367,Verbs,Teach,SSL400\Dataset - Original\Verbs\Teach\Teach_019.mp4
79,Days,Morning,SSL400\Dataset - Original\Days\Morning\Morning_001.mov
98,Interjection,Yes,SSL400\Dataset - Original\Interjection\Yes\Yes_004.mov
274,Preposition,Inside,SSL400\Dataset - Original\Preposition\Inside\Inside_002.mp4
222,Numbers,Divide,SSL400\Dataset - Original\Numbers\Divide\Divide_001.mov
194,Nouns,Weather,SSL400\Dataset - Original\Nouns\Weather\Weather_002.mp4
380,Verbs,Watch,SSL400\Dataset - Original\Verbs\Watch\Watch_005.mp4
288,Vehicles,Plane,SSL400\Dataset - Original\Vehicles\Plane\Plane_006.mp4
1,Adjectives,Beautiful,SSL400\Dataset - Original\Adjectives\Beautiful\Beautiful_007.mp4
94,Greetings,Ayubowan,SSL400\Dataset - Original\Greetings\Ayubowan\Ayubowan_002.mov
306,Verbs,Copy,SSL400\Dataset - Original\Verbs\Copy\Copy_003.mp4
70,Days,Day,SSL400\Dataset - Original\Days\Day\Day_018.mp4
354,Verbs,See,SSL400\Dataset - Original\Verbs\See\See_006.mp4
67,Colors,White,SSL400\Dataset - Original\Colors\White\White_038.MOV
315,Verbs,Eat,SSL400\Dataset - Original\Verbs\Eat\Eat_027.mp4
287,Vehicles,Motorcycle,SSL400\Dataset - Original\Vehicles\Motorcycle\Motorcycle_003.mp4
314,Verbs,Drink,SSL400\Dataset - Original\Verbs\Drink\Drink_033.mp4
139,Nouns,Gun,SSL400\Dataset - Original\Nouns\Gun\Gun_001.MOV
121,Nouns,Cell phone,SSL400\Dataset - Original\Nouns\Cell phone\Cell phone_013.MP4
328,Verbs,Help,SSL400\Dataset - Original\Verbs\Help\Help_007.mp4
141,Nouns,He,SSL400\Dataset - Original\Nouns\He\He_018.MOV
139,Nouns,Gun,SSL400\Dataset - Original\Nouns\Gun\Gun_010.MP4
322,Verbs,Get up,SSL400\Dataset - Original\Verbs\Get up\Get up_002.mov
86,Days,Today,SSL400\Dataset - Original\Days\Today\Today_030.MOV
199,Nouns,You,SSL400\Dataset - Original\Nouns\You\You_060.mp4
97,Greetings,Thank you,SSL400\Dataset - Original\Greetings\Thank you\Thank you_109.mp4
141,Nouns,He,SSL400\Dataset - Original\Nouns\He\He_002.mov
190,Nouns,Technology,SSL400\Dataset - Original\Nouns\Technology\Technology_020.MP4
10,Adjectives,Fat,SSL400\Dataset - Original\Adjectives\Fat\Fat_008.mp4
263,Places,House,SSL400\Dataset - Original\Places\House\House_021.mp4
219,Numbers,9. nine,SSL400\Dataset - Original\Numbers\9. nine\9. nine_002.mov
103,Months,January,SSL400\Dataset - Original\Months\January\January_016.mp4
220,Numbers,Addition,SSL400\Dataset - Original\Numbers\Addition\Addition_003.mov
259,Places,Bank,SSL400\Dataset - Original\Places\Bank\Bank_002.mov
348,Verbs,Pull,SSL400\Dataset - Original\Verbs\Pull\Pull_001.mp4
42,Adverb,Also,SSL400\Dataset - Original\Adverb\Also\Also_001.mp4
305,Verbs,Cook,SSL400\Dataset - Original\Verbs\Cook\Cook_024.mp4
64,Colors,Pink,SSL400\Dataset - Original\Colors\Pink\Pink_005.mov
9,Adjectives,Fast,SSL400\Dataset - Original\Adjectives\Fast\Fast_019.MOV
314,Verbs,Drink,SSL400\Dataset - Original\Verbs\Drink\Drink_018.mp4
356,Verbs,Sell,SSL400\Dataset - Original\Verbs\Sell\Sell_011.mp4
268,Places,Shop,SSL400\Dataset - Original\Places\Shop\Shop_013.MOV
377,Verbs,Walk,SSL400\Dataset - Original\Verbs\Walk\Walk_016.mp4
309,Verbs,Cry,SSL400\Dataset - Original\Verbs\Cry\Cry_023.mp4
76,Days,Good night,SSL400\Dataset - Original\Days\Good night\Good night_004.mov
1,Adjectives,Beautiful,SSL400\Dataset - Original\Adjectives\Beautiful\Beautiful_020.mp4
307,Verbs,Cough,SSL400\Dataset - Original\Verbs\Cough\Cough_012.mp4
166,Nouns,Path,SSL400\Dataset - Original\Nouns\Path\Path_004.mp4
317,Verbs,Erase,SSL400\Dataset - Original\Verbs\Erase\Erase_002.mp4
114,Nouns,Bag,SSL400\Dataset - Original\Nouns\Bag\Bag_010.MP4
121,Nouns,Cell phone,SSL400\Dataset - Original\Nouns\Cell phone\Cell phone_008.MOV
4,Adjectives,Deaf,SSL400\Dataset - Original\Adjectives\Deaf\Deaf_008.mp4
27,Adjectives,Positive,SSL400\Dataset - Original\Adjectives\Positive\Positive_001.mp4
300,Verbs,Change,SSL400\Dataset - Original\Verbs\Change\Change_007.mp4
95,Greetings,Hello,SSL400\Dataset - Original\Greetings\Hello\Hello_077.mp4
328,Verbs,Help,SSL400\Dataset - Original\Verbs\Help\Help_016.mp4
204,Numbers,13. thirteen,SSL400\Dataset - Original\Numbers\13. thirteen\13. thirteen_003.mov
359,Verbs,Sleep,SSL400\Dataset - Original\Verbs\Sleep\Sleep_005.mp4
230,People,Child,SSL400\Dataset - Original\People\Child\Child_016.MOV
55,Colors,Black,SSL400\Dataset - Original\Colors\Black\Black_012.MOV
347,Verbs,Play,SSL400\Dataset - Original\Verbs\Play\Play_023.mp4
70,Days,Day,SSL400\Dataset - Original\Days\Day\Day_019.mp4
3,Adjectives,Cold,SSL400\Dataset - Original\Adjectives\Cold\Cold_003.mp4
115,Nouns,Bed,SSL400\Dataset - Original\Nouns\Bed\Bed_012.MP4
4,Adjectives,Deaf,SSL400\Dataset - Original\Adjectives\Deaf\Deaf_013.MOV
159,Nouns,My,SSL400\Dataset - Original\Nouns\My\My_011.mp4
293,Verbs,Allow,SSL400\Dataset - Original\Verbs\Allow\Allow_002.mp4
159,Nouns,My,SSL400\Dataset - Original\Nouns\My\My_014.mp4
347,Verbs,Play,SSL400\Dataset - Original\Verbs\Play\Play_020.mp4
119,Nouns,Cat,SSL400\Dataset - Original\Nouns\Cat\Cat_020.mp4
357,Verbs,Show,SSL400\Dataset - Original\Verbs\Show\Show_008.mp4
335,Verbs,Lead,SSL400\Dataset - Original\Verbs\Lead\Lead_006.mp4
78,Days,Monday,SSL400\Dataset - Original\Days\Monday\Monday_007.mp4
329,Verbs,Hit,SSL400\Dataset - Original\Verbs\Hit\Hit_006.mp4
42,Adverb,Also,SSL400\Dataset - Original\Adverb\Also\Also_008.mp4
68,Colors,Yellow,SSL400\Dataset - Original\Colors\Yellow\Yellow_046.mp4
254,People,Us,SSL400\Dataset - Original\People\Us\Us_006.mp4
318,Verbs,Exchange,SSL400\Dataset - Original\Verbs\Exchange\Exchange_008.mp4
274,Preposition,Inside,SSL400\Dataset - Original\Preposition\Inside\Inside_006.mp4
243,People,Man,SSL400\Dataset - Original\People\Man\Man_034.MOV
320,Verbs,Fight,SSL400\Dataset - Original\Verbs\Fight\Fight_023.mp4
292,Vehicles,Vehicle,SSL400\Dataset - Original\Vehicles\Vehicle\Vehicle_003.mp4
201,Numbers,10. ten,SSL400\Dataset - Original\Numbers\10. ten\10. ten_002.mov
215,Numbers,5. five,SSL400\Dataset - Original\Numbers\5. five\5. five_014.mov
223,Numbers,Equal,SSL400\Dataset - Original\Numbers\Equal\Equal_014.mov
325,Verbs,Guide,SSL400\Dataset - Original\Verbs\Guide\Guide_004.mp4
244,People,Mother,SSL400\Dataset - Original\People\Mother\Mother_021.mov
95,Greetings,Hello,SSL400\Dataset - Original\Greetings\Hello\Hello_085.mp4
37,Adjectives,Tight,SSL400\Dataset - Original\Adjectives\Tight\Tight_001.MOV
97,Greetings,Thank you,SSL400\Dataset - Original\Greetings\Thank you\Thank you_102.mp4
117,Nouns,Camera,SSL400\Dataset - Original\Nouns\Camera\Camera_018.MP4
324,Verbs,Go,SSL400\Dataset - Original\Verbs\Go\Go_028.mov
307,Verbs,Cough,SSL400\Dataset - Original\Verbs\Cough\Cough_020.mp4
174,Nouns,Ring,SSL400\Dataset - Original\Nouns\Ring\Ring_008.MOV
148,Nouns,Internet,SSL400\Dataset - Original\Nouns\Internet\Internet_003.mp4
61,Colors,Green,SSL400\Dataset - Original\Colors\Green\Green_003.mp4
284,Vehicles,Boat,SSL400\Dataset - Original\Vehicles\Boat\Boat_021.MP4
180,Nouns,Skirt,SSL400\Dataset - Original\Nouns\Skirt\Skirt_010.MOV
351,Verbs,Run,SSL400\Dataset - Original\Verbs\Run\Run_010.mp4
119,Nouns,Cat,SSL400\Dataset - Original\Nouns\Cat\Cat_016.mp4
230,People,Child,SSL400\Dataset - Original\People\Child\Child_027.MOV
113,Nouns,Article,SSL400\Dataset - Original\Nouns\Article\Article_001.mp4
327,Verbs,Hear,SSL400\Dataset - Original\Verbs\Hear\Hear_001.mp4
78,Days,Monday,SSL400\Dataset - Original\Days\Monday\Monday_017.mp4
74,Days,Good evening,SSL400\Dataset - Original\Days\Good evening\Good evening_003.mov
86,Days,Today,SSL400\Dataset - Original\Days\Today\Today_021.MOV
263,Places,House,SSL400\Dataset - Original\Places\House\House_005.mp4
42,Adverb,Also,SSL400\Dataset - Original\Adverb\Also\Also_006.mp4
339,Verbs,Look,SSL400\Dataset - Original\Verbs\Look\Look_021.mp4
164,Nouns,Paint,SSL400\Dataset - Original\Nouns\Paint\Paint_011.MOV
348,Verbs,Pull,SSL400\Dataset - Original\Verbs\Pull\Pull_010.mov
314,Verbs,Drink,SSL400\Dataset - Original\Verbs\Drink\Drink_032.mp4
230,People,Child,SSL400\Dataset - Original\People\Child\Child_003.mp4
170,Nouns,Pocket,SSL400\Dataset - Original\Nouns\Pocket\Pocket_018.MOV
200,Numbers,1. one,SSL400\Dataset - Original\Numbers\1. one\1. one_015.mov
339,Verbs,Look,SSL400\Dataset - Original\Verbs\Look\Look_014.mp4
78,Days,Monday,SSL400\Dataset - Original\Days\Monday\Monday_011.mp4
1,Adjectives,Beautiful,SSL400\Dataset - Original\Adjectives\Beautiful\Beautiful_018.mp4
315,Verbs,Eat,SSL400\Dataset - Original\Verbs\Eat\Eat_026.mp4
170,Nouns,Pocket,SSL400\Dataset - Original\Nouns\Pocket\Pocket_013.MOV
135,Nouns,Fever,SSL400\Dataset - Original\Nouns\Fever\Fever_017.mp4
331,Verbs,I know,SSL400\Dataset - Original\Verbs\I know\I know_002.mov
121,Nouns,Cell phone,SSL400\Dataset - Original\Nouns\Cell phone\Cell phone_012.MP4
177,Nouns,Shirt,SSL400\Dataset - Original\Nouns\Shirt\Shirt_012.MOV
32,Adjectives,Senior,SSL400\Dataset - Original\Adjectives\Senior\Senior_004.mp4
116,Nouns,Book,SSL400\Dataset - Original\Nouns\Book\Book_012.mp4
9,Adjectives,Fast,SSL400\Dataset - Original\Adjectives\Fast\Fast_011.MOV
95,Greetings,Hello,SSL400\Dataset - Original\Greetings\Hello\Hello_018.mp4
62,Colors,Grey,SSL400\Dataset - Original\Colors\Grey\Grey_003.mp4
303,Verbs,Come,SSL400\Dataset - Original\Verbs\Come\Come_017.mp4
13,Adjectives,Good,SSL400\Dataset - Original\Adjectives\Good\Good_042.mp4
203,Numbers,12. twelve,SSL400\Dataset - Original\Numbers\12. twelve\12. twelve_002.mov
97,Greetings,Thank you,SSL400\Dataset - Original\Greetings\Thank you\Thank you_033.MOV
315,Verbs,Eat,SSL400\Dataset - Original\Verbs\Eat\Eat_036.mp4
118,Nouns,Card,SSL400\Dataset - Original\Nouns\Card\Card_006.mp4
70,Days,Day,SSL400\Dataset - Original\Days\Day\Day_016.mp4
358,Verbs,Sit,SSL400\Dataset - Original\Verbs\Sit\Sit_002.mov
41,Adverb,Again,SSL400\Dataset - Original\Adverb\Again\Again_027.mp4
159,Nouns,My,SSL400\Dataset - Original\Nouns\My\My_001.mp4
303,Verbs,Come,SSL400\Dataset - Original\Verbs\Come\Come_001.mp4
337,Verbs,Like,SSL400\Dataset - Original\Verbs\Like\Like_001.mov
351,Verbs,Run,SSL400\Dataset - Original\Verbs\Run\Run_019.mp4
205,Numbers,14. fourteen,SSL400\Dataset - Original\Numbers\14. fourteen\14. fourteen_001.mov
13,Adjectives,Good,SSL400\Dataset - Original\Adjectives\Good\Good_028.mp4
49,Adverb,Instead,SSL400\Dataset - Original\Adverb\Instead\Instead_004.mp4
213,Numbers,3. three,SSL400\Dataset - Original\Numbers\3. three\3. three_010.mov
376,Verbs,Visit,SSL400\Dataset - Original\Verbs\Visit\Visit_001.mp4
199,Nouns,You,SSL400\Dataset - Original\Nouns\You\You_035.mov
30,Adjectives,Rich,SSL400\Dataset - Original\Adjectives\Rich\Rich_010.mp4
29,Adjectives,Quick,SSL400\Dataset - Original\Adjectives\Quick\Quick_003.mp4
310,Verbs,Cut,SSL400\Dataset - Original\Verbs\Cut\Cut_010.mp4
245,People,Player,SSL400\Dataset - Original\People\Player\Player_016.MOV
156,Nouns,Money,SSL400\Dataset - Original\Nouns\Money\Money_023.mp4
67,Colors,White,SSL400\Dataset - Original\Colors\White\White_010.mp4
40,Adjectives,Wrong,SSL400\Dataset - Original\Adjectives\Wrong\Wrong_002.mp4
190,Nouns,Technology,SSL400\Dataset - Original\Nouns\Technology\Technology_017.MP4
342,Verbs,Meet,SSL400\Dataset - Original\Verbs\Meet\Meet_008.mp4
244,People,Mother,SSL400\Dataset - Original\People\Mother\Mother_007.mp4
6,Adjectives,Different,SSL400\Dataset - Original\Adjectives\Different\Different_006.mp4
223,Numbers,Equal,SSL400\Dataset - Original\Numbers\Equal\Equal_013.mov
85,Days,Time,SSL400\Dataset - Original\Days\Time\Time_024.mov
151,Nouns,List,SSL400\Dataset - Original\Nouns\List\List_007.mp4
315,Verbs,Eat,SSL400\Dataset - Original\Verbs\Eat\Eat_034.mp4
224,Numbers,Multiplication,SSL400\Dataset - Original\Numbers\Multiplication\Multiplication_002.mov
23,Adjectives,Nice,SSL400\Dataset - Original\Adjectives\Nice\Nice_004.MOV
120,Nouns,Ceiling fan,SSL400\Dataset - Original\Nouns\Ceiling fan\Ceiling fan_001.mov
9,Adjectives,Fast,SSL400\Dataset - Original\Adjectives\Fast\Fast_008.MOV
124,Nouns,Choice,SSL400\Dataset - Original\Nouns\Choice\Choice_008.mp4
145,Nouns,How much,SSL400\Dataset - Original\Nouns\How much\How much_001.mov
11,Adjectives,Free,SSL400\Dataset - Original\Adjectives\Free\Free_004.mp4
212,Numbers,20. twenty,SSL400\Dataset - Original\Numbers\20. twenty\20. twenty_001.mov
233,People,Elder bro,SSL400\Dataset - Original\People\Elder bro\Elder bro_006.mp4
243,People,Man,SSL400\Dataset - Original\People\Man\Man_051.MOV
163,Nouns,Our,SSL400\Dataset - Original\Nouns\Our\Our_002.mp4
164,Nouns,Paint,SSL400\Dataset - Original\Nouns\Paint\Paint_009.MOV
43,Adverb,Can,SSL400\Dataset - Original\Adverb\Can\Can_007.mov
234,People,Elder sister,SSL400\Dataset - Original\People\Elder sister\Elder sister_007.mp4
324,Verbs,Go,SSL400\Dataset - Original\Verbs\Go\Go_027.mov
310,Verbs,Cut,SSL400\Dataset - Original\Verbs\Cut\Cut_020.mp4
255,People,Wife,SSL400\Dataset - Original\People\Wife\Wife_003.mov
363,Verbs,Sweep,SSL400\Dataset - Original\Verbs\Sweep\Sweep_001.mov
214,Numbers,4. four,SSL400\Dataset - Original\Numbers\4. four\4. four_005.mp4
356,Verbs,Sell,SSL400\Dataset - Original\Verbs\Sell\Sell_016.mp4
295,Verbs,Boil,SSL400\Dataset - Original\Verbs\Boil\Boil_001.mov
30,Adjectives,Rich,SSL400\Dataset - Original\Adjectives\Rich\Rich_016.mp4
351,Verbs,Run,SSL400\Dataset - Original\Verbs\Run\Run_026.mov
367,Verbs,Teach,SSL400\Dataset - Original\Verbs\Teach\Teach_006.mp4
97,Greetings,Thank you,SSL400\Dataset - Original\Greetings\Thank you\Thank you_089.mp4
199,Nouns,You,SSL400\Dataset - Original\Nouns\You\You_022.MOV
4,Adjectives,Deaf,SSL400\Dataset - Original\Adjectives\Deaf\Deaf_011.mp4
342,Verbs,Meet,SSL400\Dataset - Original\Verbs\Meet\Meet_001.mp4
228,People,Bro,SSL400\Dataset - Original\People\Bro\Bro_010.mov
367,Verbs,Teach,SSL400\Dataset - Original\Verbs\Teach\Teach_007.mp4
95,Greetings,Hello,SSL400\Dataset - Original\Greetings\Hello\Hello_039.mp4
183,Nouns,Squirrel,SSL400\Dataset - Original\Nouns\Squirrel\Squirrel_010.mp4
170,Nouns,Pocket,SSL400\Dataset - Original\Nouns\Pocket\Pocket_016.MOV
244,People,Mother,SSL400\Dataset - Original\People\Mother\Mother_004.mp4
93,Greetings,Alright,SSL400\Dataset - Original\Greetings\Alright\Alright_003.MOV
285,Vehicles,Bus,SSL400\Dataset - Original\Vehicles\Bus\Bus_002.mov
321,Verbs,Follow,SSL400\Dataset - Original\Verbs\Follow\Follow_009.mp4
324,Verbs,Go,SSL400\Dataset - Original\Verbs\Go\Go_023.mp4
41,Adverb,Again,SSL400\Dataset - Original\Adverb\Again\Again_013.mp4
207,Numbers,16. sixteen,SSL400\Dataset - Original\Numbers\16. sixteen\16. sixteen_002.mov
253,People,Uncle,SSL400\Dataset - Original\People\Uncle\Uncle_002.mov
13,Adjectives,Good,SSL400\Dataset - Original\Adjectives\Good\Good_057.mp4
323,Verbs,Give,SSL400\Dataset - Original\Verbs\Give\Give_013.mp4
148,Nouns,Internet,SSL400\Dataset - Original\Nouns\Internet\Internet_005.mp4
40,Adjectives,Wrong,SSL400\Dataset - Original\Adjectives\Wrong\Wrong_014.mp4
66,Colors,Red,SSL400\Dataset - Original\Colors\Red\Red_019.mp4
300,Verbs,Change,SSL400\Dataset - Original\Verbs\Change\Change_004.mp4
310,Verbs,Cut,SSL400\Dataset - Original\Verbs\Cut\Cut_018.mp4
278,Preposition,Over,SSL400\Dataset - Original\Preposition\Over\Over_004.mp4
152,Nouns,Lock,SSL400\Dataset - Original\Nouns\Lock\Lock_010.MP4
230,People,Child,SSL400\Dataset - Original\People\Child\Child_007.mp4
378,Verbs,Want,SSL400\Dataset - Original\Verbs\Want\Want_012.mp4
121,Nouns,Cell phone,SSL400\Dataset - Original\Nouns\Cell phone\Cell phone_002.MOV
95,Greetings,Hello,SSL400\Dataset - Original\Greetings\Hello\Hello_024.mp4
55,Colors,Black,SSL400\Dataset - Original\Colors\Black\Black_025.MOV
263,Places,House,SSL400\Dataset - Original\Places\House\House_060.mp4
130,Nouns,Door,SSL400\Dataset - Original\Nouns\Door\Door_002.mp4
267,Places,Road,SSL400\Dataset - Original\Places\Road\Road_005.MOV
89,Days,Wednesday,SSL400\Dataset - Original\Days\Wednesday\Wednesday_003.MOV
233,People,Elder bro,SSL400\Dataset - Original\People\Elder bro\Elder bro_008.mp4
356,Verbs,Sell,SSL400\Dataset - Original\Verbs\Sell\Sell_010.mp4
97,Greetings,Thank you,SSL400\Dataset - Original\Greetings\Thank you\Thank you_060.mp4
86,Days,Today,SSL400\Dataset - Original\Days\Today\Today_014.mp4
243,People,Man,SSL400\Dataset - Original\People\Man\Man_002.mp4
1,Adjectives,Beautiful,SSL400\Dataset - Original\Adjectives\Beautiful\Beautiful_025.mp4
348,Verbs,Pull,SSL400\Dataset - Original\Verbs\Pull\Pull_011.mov
50,Adverb,Never,SSL400\Dataset - Original\Adverb\Never\Never_002.mp4
124,Nouns,Choice,SSL400\Dataset - Original\Nouns\Choice\Choice_004.mp4
16,Adjectives,Healthy,SSL400\Dataset - Original\Adjectives\Healthy\Healthy_018.MOV
56,Colors,Blue,SSL400\Dataset - Original\Colors\Blue\Blue_005.mov
346,Verbs,Peeing,SSL400\Dataset - Original\Verbs\Peeing\Peeing_004.mp4
77,Days,Hour,SSL400\Dataset - Original\Days\Hour\Hour_023.MOV
65,Colors,Purple,SSL400\Dataset - Original\Colors\Purple\Purple_010.mp4
90,Days,Week,SSL400\Dataset - Original\Days\Week\Week_005.mov
360,Verbs,Smile,SSL400\Dataset - Original\Verbs\Smile\Smile_001.mov
138,Nouns,Group,SSL400\Dataset - Original\Nouns\Group\Group_006.mp4
233,People,Elder bro,SSL400\Dataset - Original\People\Elder bro\Elder bro_001.mp4
13,Adjectives,Good,SSL400\Dataset - Original\Adjectives\Good\Good_048.mp4
12,Adjectives,Full,SSL400\Dataset - Original\Adjectives\Full\Full_007.mp4
128,Nouns,Crocodile,SSL400\Dataset - Original\Nouns\Crocodile\Crocodile_013.mp4
288,Vehicles,Plane,SSL400\Dataset - Original\Vehicles\Plane\Plane_028.MP4
243,People,Man,SSL400\Dataset - Original\People\Man\Man_004.mp4
303,Verbs,Come,SSL400\Dataset - Original\Verbs\Come\Come_033.mov
243,People,Man,SSL400\Dataset - Original\People\Man\Man_041.MOV
279,Preposition,Than,SSL400\Dataset - Original\Preposition\Than\Than_004.mp4
101,Months,December,SSL400\Dataset - Original\Months\December\December_002.mp4
13,Adjectives,Good,SSL400\Dataset - Original\Adjectives\Good\Good_058.mp4
95,Greetings,Hello,SSL400\Dataset - Original\Greetings\Hello\Hello_010.mp4
243,People,Man,SSL400\Dataset - Original\People\Man\Man_053.MOV
354,Verbs,See,SSL400\Dataset - Original\Verbs\See\See_020.mp4
211,Numbers,2. two,SSL400\Dataset - Original\Numbers\2. two\2. two_008.mov
314,Verbs,Drink,SSL400\Dataset - Original\Verbs\Drink\Drink_024.mp4
153,Nouns,Middle,SSL400\Dataset - Original\Nouns\Middle\Middle_003.mp4
243,People,Man,SSL400\Dataset - Original\People\Man\Man_016.mp4
117,Nouns,Camera,SSL400\Dataset - Original\Nouns\Camera\Camera_012.MOV
67,Colors,White,SSL400\Dataset - Original\Colors\White\White_031.MOV
303,Verbs,Come,SSL400\Dataset - Original\Verbs\Come\Come_015.mp4
227,People,Baby,SSL400\Dataset - Original\People\Baby\Baby_004.mov
173,Nouns,Radio,SSL400\Dataset - Original\Nouns\Radio\Radio_003.MOV
15,Adjectives,Hard,SSL400\Dataset - Original\Adjectives\Hard\Hard_003.mp4
95,Greetings,Hello,SSL400\Dataset - Original\Greetings\Hello\Hello_041.mp4
241,People,Husband,SSL400\Dataset - Original\People\Husband\Husband_002.mov
128,Nouns,Crocodile,SSL400\Dataset - Original\Nouns\Crocodile\Crocodile_008.mp4
251,People,Son,SSL400\Dataset - Original\People\Son\Son_003.MOV
266,Places,Police station,SSL400\Dataset - Original\Places\Police station\Police station_004.mov
13,Adjectives,Good,SSL400\Dataset - Original\Adjectives\Good\Good_009.mp4
56,Colors,Blue,SSL400\Dataset - Original\Colors\Blue\Blue_003.mov
159,Nouns,My,SSL400\Dataset - Original\Nouns\My\My_015.mp4
244,People,Mother,SSL400\Dataset - Original\People\Mother\Mother_018.mp4
65,Colors,Purple,SSL400\Dataset - Original\Colors\Purple\Purple_014.mp4
13,Adjectives,Good,SSL400\Dataset - Original\Adjectives\Good\Good_016.mp4
97,Greetings,Thank you,SSL400\Dataset - Original\Greetings\Thank you\Thank you_036.MOV
106,Months,March,SSL400\Dataset - Original\Months\March\March_005.mp4
64,Colors,Pink,SSL400\Dataset - Original\Colors\Pink\Pink_004.mp4
280,Preposition,To,SSL400\Dataset - Original\Preposition\To\To_002.mp4
284,Vehicles,Boat,SSL400\Dataset - Original\Vehicles\Boat\Boat_020.MP4
303,Verbs,Come,SSL400\Dataset - Original\Verbs\Come\Come_021.mp4
315,Verbs,Eat,SSL400\Dataset - Original\Verbs\Eat\Eat_043.mp4
95,Greetings,Hello,SSL400\Dataset - Original\Greetings\Hello\Hello_061.MOV
97,Greetings,Thank you,SSL400\Dataset - Original\Greetings\Thank you\Thank you_079.mp4
146,Nouns,I,SSL400\Dataset - Original\Nouns\I\I_038.MOV
141,Nouns,He,SSL400\Dataset - Original\Nouns\He\He_001.mov
189,Nouns,Team,SSL400\Dataset - Original\Nouns\Team\Team_001.mp4
30,Adjectives,Rich,SSL400\Dataset - Original\Adjectives\Rich\Rich_018.mp4
230,People,Child,SSL400\Dataset - Original\People\Child\Child_004.mp4
13,Adjectives,Good,SSL400\Dataset - Original\Adjectives\Good\Good_026.mp4
66,Colors,Red,SSL400\Dataset - Original\Colors\Red\Red_027.mp4
288,Vehicles,Plane,SSL400\Dataset - Original\Vehicles\Plane\Plane_020.MOV
173,Nouns,Radio,SSL400\Dataset - Original\Nouns\Radio\Radio_001.MOV
331,Verbs,I know,SSL400\Dataset - Original\Verbs\I know\I know_001.mov
91,Days,Yesterday,SSL400\Dataset - Original\Days\Yesterday\Yesterday_003.MOV
281,Preposition,Until,SSL400\Dataset - Original\Preposition\Until\Until_002.mp4
24,Adjectives,Not good,SSL400\Dataset - Original\Adjectives\Not good\Not good_003.mov
238,People,Grand father,SSL400\Dataset - Original\People\Grand father\Grand father_011.mp4
113,Nouns,Article,SSL400\Dataset - Original\Nouns\Article\Article_003.mp4
228,People,Bro,SSL400\Dataset - Original\People\Bro\Bro_006.mov
5,Adjectives,Deep,SSL400\Dataset - Original\Adjectives\Deep\Deep_003.mp4
171,Nouns,Point,SSL400\Dataset - Original\Nouns\Point\Point_010.mp4
63,Colors,Orange,SSL400\Dataset - Original\Colors\Orange\Orange_005.mov
97,Greetings,Thank you,SSL400\Dataset - Original\Greetings\Thank you\Thank you_006.mp4
342,Verbs,Meet,SSL400\Dataset - Original\Verbs\Meet\Meet_025.mp4
191,Nouns,Telephone,SSL400\Dataset - Original\Nouns\Telephone\Telephone_018.MP4
117,Nouns,Camera,SSL400\Dataset - Original\Nouns\Camera\Camera_019.MP4
377,Verbs,Walk,SSL400\Dataset - Original\Verbs\Walk\Walk_017.mp4
68,Colors,Yellow,SSL400\Dataset - Original\Colors\Yellow\Yellow_003.mp4
128,Nouns,Crocodile,SSL400\Dataset - Original\Nouns\Crocodile\Crocodile_018.mp4
345,Verbs,Order,SSL400\Dataset - Original\Verbs\Order\Order_004.mp4
166,Nouns,Path,SSL400\Dataset - Original\Nouns\Path\Path_006.mp4
78,Days,Monday,SSL400\Dataset - Original\Days\Monday\Monday_001.mp4
254,People,Us,SSL400\Dataset - Original\People\Us\Us_024.mov
218,Numbers,8. eight,SSL400\Dataset - Original\Numbers\8. eight\8. eight_007.mov
222,Numbers,Divide,SSL400\Dataset - Original\Numbers\Divide\Divide_002.mov
180,Nouns,Skirt,SSL400\Dataset - Original\Nouns\Skirt\Skirt_007.MOV
268,Places,Shop,SSL400\Dataset - Original\Places\Shop\Shop_005.MOV
218,Numbers,8. eight,SSL400\Dataset - Original\Numbers\8. eight\8. eight_003.mov
114,Nouns,Bag,SSL400\Dataset - Original\Nouns\Bag\Bag_014.MP4
218,Numbers,8. eight,SSL400\Dataset - Original\Numbers\8. eight\8. eight_008.mov
22,Adjectives,Next,SSL400\Dataset - Original\Adjectives\Next\Next_004.mp4
161,Nouns,,SSL400\Dataset - Original\Nouns\None\None_006.mp4
282,Preposition,Up,SSL400\Dataset - Original\Preposition\Up\Up_001.mp4
65,Colors,Purple,SSL400\Dataset - Original\Colors\Purple\Purple_006.mp4
156,Nouns,Money,SSL400\Dataset - Original\Nouns\Money\Money_025.MOV
354,Verbs,See,SSL400\Dataset - Original\Verbs\See\See_018.mp4
57,Colors,Brown,SSL400\Dataset - Original\Colors\Brown\Brown_003.mov
378,Verbs,Want,SSL400\Dataset - Original\Verbs\Want\Want_021.mp4
83,Days,Sunday,SSL400\Dataset - Original\Days\Sunday\Sunday_002.mov
93,Greetings,Alright,SSL400\Dataset - Original\Greetings\Alright\Alright_016.MOV
282,Preposition,Up,SSL400\Dataset - Original\Preposition\Up\Up_008.mp4
119,Nouns,Cat,SSL400\Dataset - Original\Nouns\Cat\Cat_004.mp4
95,Greetings,Hello,SSL400\Dataset - Original\Greetings\Hello\Hello_064.MOV
126,Nouns,Computer,SSL400\Dataset - Original\Nouns\Computer\Computer_012.MP4
70,Days,Day,SSL400\Dataset - Original\Days\Day\Day_001.mp4
95,Greetings,Hello,SSL400\Dataset - Original\Greetings\Hello\Hello_063.MOV
175,Nouns,Sand,SSL400\Dataset - Original\Nouns\Sand\Sand_001.mov
180,Nouns,Skirt,SSL400\Dataset - Original\Nouns\Skirt\Skirt_005.MOV
227,People,Baby,SSL400\Dataset - Original\People\Baby\Baby_002.mov
340,Verbs,Love,SSL400\Dataset - Original\Verbs\Love\Love_008.mov
146,Nouns,I,SSL400\Dataset - Original\Nouns\I\I_006.mov
65,Colors,Purple,SSL400\Dataset - Original\Colors\Purple\Purple_020.mp4
194,Nouns,Weather,SSL400\Dataset - Original\Nouns\Weather\Weather_007.mp4
347,Verbs,Play,SSL400\Dataset - Original\Verbs\Play\Play_005.mp4
12,Adjectives,Full,SSL400\Dataset - Original\Adjectives\Full\Full_006.mp4
3,Adjectives,Cold,SSL400\Dataset - Original\Adjectives\Cold\Cold_004.mp4
190,Nouns,Technology,SSL400\Dataset - Original\Nouns\Technology\Technology_010.MOV
180,Nouns,Skirt,SSL400\Dataset - Original\Nouns\Skirt\Skirt_020.MOV
191,Nouns,Telephone,SSL400\Dataset - Original\Nouns\Telephone\Telephone_017.MP4
138,Nouns,Group,SSL400\Dataset - Original\Nouns\Group\Group_007.mp4
77,Days,Hour,SSL400\Dataset - Original\Days\Hour\Hour_030.MOV
230,People,Child,SSL400\Dataset - Original\People\Child\Child_002.mp4
365,Verbs,Take,SSL400\Dataset - Original\Verbs\Take\Take_001.mov
245,People,Player,SSL400\Dataset - Original\People\Player\Player_011.MOV
126,Nouns,Computer,SSL400\Dataset - Original\Nouns\Computer\Computer_004.MOV
195,Nouns,Who,SSL400\Dataset - Original\Nouns\Who\Who_003.mov
41,Adverb,Again,SSL400\Dataset - Original\Adverb\Again\Again_009.mov
95,Greetings,Hello,SSL400\Dataset - Original\Greetings\Hello\Hello_021.mp4
146,Nouns,I,SSL400\Dataset - Original\Nouns\I\I_001.mp4
267,Places,Road,SSL400\Dataset - Original\Places\Road\Road_014.MOV
263,Places,House,SSL400\Dataset - Original\Places\House\House_039.mp4
140,Nouns,Hat,SSL400\Dataset - Original\Nouns\Hat\Hat_003.MOV
199,Nouns,You,SSL400\Dataset - Original\Nouns\You\You_013.MOV
68,Colors,Yellow,SSL400\Dataset - Original\Colors\Yellow\Yellow_001.mp4
324,Verbs,Go,SSL400\Dataset - Original\Verbs\Go\Go_017.mp4
131,Nouns,Elephant,SSL400\Dataset - Original\Nouns\Elephant\Elephant_002.mp4
204,Numbers,13. thirteen,SSL400\Dataset - Original\Numbers\13. thirteen\13. thirteen_002.mov
382,Verbs,Write,SSL400\Dataset - Original\Verbs\Write\Write_005.mp4
263,Places,House,SSL400\Dataset - Original\Places\House\House_044.mp4
137,Nouns,Food,SSL400\Dataset - Original\Nouns\Food\Food_003.mp4
87,Days,Tomorrow,SSL400\Dataset - Original\Days\Tomorrow\Tomorrow_002.MOV
301,Verbs,Choose,SSL400\Dataset - Original\Verbs\Choose\Choose_005.mp4
267,Places,Road,SSL400\Dataset - Original\Places\Road\Road_015.MOV
10,Adjectives,Fat,SSL400\Dataset - Original\Adjectives\Fat\Fat_009.mp4
288,Vehicles,Plane,SSL400\Dataset - Original\Vehicles\Plane\Plane_029.mov
303,Verbs,Come,SSL400\Dataset - Original\Verbs\Come\Come_014.mp4
98,Interjection,Yes,SSL400\Dataset - Original\Interjection\Yes\Yes_003.mov
263,Places,House,SSL400\Dataset - Original\Places\House\House_045.mp4
85,Days,Time,SSL400\Dataset - Original\Days\Time\Time_004.mp4
7,Adjectives,Difficult,SSL400\Dataset - Original\Adjectives\Difficult\Difficult_001.mov
378,Verbs,Want,SSL400\Dataset - Original\Verbs\Want\Want_005.mp4
40,Adjectives,Wrong,SSL400\Dataset - Original\Adjectives\Wrong\Wrong_007.mp4
159,Nouns,My,SSL400\Dataset - Original\Nouns\My\My_025.mp4
354,Verbs,See,SSL400\Dataset - Original\Verbs\See\See_016.mp4
40,Adjectives,Wrong,SSL400\Dataset - Original\Adjectives\Wrong\Wrong_012.mp4
117,Nouns,Camera,SSL400\Dataset - Original\Nouns\Camera\Camera_001.mp4
66,Colors,Red,SSL400\Dataset - Original\Colors\Red\Red_016.mp4
67,Colors,White,SSL400\Dataset - Original\Colors\White\White_047.mov
119,Nouns,Cat,SSL400\Dataset - Original\Nouns\Cat\Cat_021.mp4
304,Verbs,Connect,SSL400\Dataset - Original\Verbs\Connect\Connect_002.mp4
97,Greetings,Thank you,SSL400\Dataset - Original\Greetings\Thank you\Thank you_108.mp4
55,Colors,Black,SSL400\Dataset - Original\Colors\Black\Black_013.MOV
382,Verbs,Write,SSL400\Dataset - Original\Verbs\Write\Write_012.mp4
77,Days,Hour,SSL400\Dataset - Original\Days\Hour\Hour_001.mp4
267,Places,Road,SSL400\Dataset - Original\Places\Road\Road_018.MOV
30,Adjectives,Rich,SSL400\Dataset - Original\Adjectives\Rich\Rich_004.mp4
13,Adjectives,Good,SSL400\Dataset - Original\Adjectives\Good\Good_063.mp4
55,Colors,Black,SSL400\Dataset - Original\Colors\Black\Black_015.MOV
241,People,Husband,SSL400\Dataset - Original\People\Husband\Husband_003.mov
121,Nouns,Cell phone,SSL400\Dataset - Original\Nouns\Cell phone\Cell phone_007.MOV
181,Nouns,Society,SSL400\Dataset - Original\Nouns\Society\Society_004.mp4
138,Nouns,Group,SSL400\Dataset - Original\Nouns\Group\Group_005.mp4
98,Interjection,Yes,SSL400\Dataset - Original\Interjection\Yes\Yes_006.mov
264,Places,Location,SSL400\Dataset - Original\Places\Location\Location_003.MOV
135,Nouns,Fever,SSL400\Dataset - Original\Nouns\Fever\Fever_021.mp4
192,Nouns,They,SSL400\Dataset - Original\Nouns\They\They_002.mp4
245,People,Player,SSL400\Dataset - Original\People\Player\Player_002.MOV
89,Days,Wednesday,SSL400\Dataset - Original\Days\Wednesday\Wednesday_014.MP4
369,Verbs,Tell,SSL400\Dataset - Original\Verbs\Tell\Tell_010.mp4
74,Days,Good evening,SSL400\Dataset - Original\Days\Good evening\Good evening_004.mov
264,Places,Location,SSL400\Dataset - Original\Places\Location\Location_007.MOV
269,Places,Temple,SSL400\Dataset - Original\Places\Temple\Temple_002.mov
125,Nouns,Clothing,SSL400\Dataset - Original\Nouns\Clothing\Clothing_003.MOV
315,Verbs,Eat,SSL400\Dataset - Original\Verbs\Eat\Eat_018.mp4
263,Places,House,SSL400\Dataset - Original\Places\House\House_002.mp4
232,People,Doctor,SSL400\Dataset - Original\People\Doctor\Doctor_005.mp4
232,People,Doctor,SSL400\Dataset - Original\People\Doctor\Doctor_002.mp4
263,Places,House,SSL400\Dataset - Original\Places\House\House_007.mp4
234,People,Elder sister,SSL400\Dataset - Original\People\Elder sister\Elder sister_009.mp4
1,Adjectives,Beautiful,SSL400\Dataset - Original\Adjectives\Beautiful\Beautiful_015.mp4
13,Adjectives,Good,SSL400\Dataset - Original\Adjectives\Good\Good_015.mov
327,Verbs,Hear,SSL400\Dataset - Original\Verbs\Hear\Hear_004.mp4
382,Verbs,Write,SSL400\Dataset - Original\Verbs\Write\Write_013.mp4
126,Nouns,Computer,SSL400\Dataset - Original\Nouns\Computer\Computer_010.MOV
37,Adjectives,Tight,SSL400\Dataset - Original\Adjectives\Tight\Tight_003.MOV
356,Verbs,Sell,SSL400\Dataset - Original\Verbs\Sell\Sell_017.mp4
341,Verbs,Make,SSL400\Dataset - Original\Verbs\Make\Make_002.mov
68,Colors,Yellow,SSL400\Dataset - Original\Colors\Yellow\Yellow_022.mp4
351,Verbs,Run,SSL400\Dataset - Original\Verbs\Run\Run_018.mp4
353,Verbs,Search,SSL400\Dataset - Original\Verbs\Search\Search_001.mov
159,Nouns,My,SSL400\Dataset - Original\Nouns\My\My_012.mp4
199,Nouns,You,SSL400\Dataset - Original\Nouns\You\You_039.mov
95,Greetings,Hello,SSL400\Dataset - Original\Greetings\Hello\Hello_099.mp4
156,Nouns,Money,SSL400\Dataset - Original\Nouns\Money\Money_038.MP4
319,Verbs,Feel,SSL400\Dataset - Original\Verbs\Feel\Feel_008.mp4
95,Greetings,Hello,SSL400\Dataset - Original\Greetings\Hello\Hello_095.mp4
254,People,Us,SSL400\Dataset - Original\People\Us\Us_014.mp4
378,Verbs,Want,SSL400\Dataset - Original\Verbs\Want\Want_018.mp4
97,Greetings,Thank you,SSL400\Dataset - Original\Greetings\Thank you\Thank you_073.mp4
149,Nouns,Key,SSL400\Dataset - Original\Nouns\Key\Key_002.MOV
174,Nouns,Ring,SSL400\Dataset - Original\Nouns\Ring\Ring_004.mp4
67,Colors,White,SSL400\Dataset - Original\Colors\White\White_018.mp4
203,Numbers,12. twelve,SSL400\Dataset - Original\Numbers\12. twelve\12. twelve_001.mov
303,Verbs,Come,SSL400\Dataset - Original\Verbs\Come\Come_034.mov
67,Colors,White,SSL400\Dataset - Original\Colors\White\White_004.mp4
369,Verbs,Tell,SSL400\Dataset - Original\Verbs\Tell\Tell_035.mp4
120,Nouns,Ceiling fan,SSL400\Dataset - Original\Nouns\Ceiling fan\Ceiling fan_003.MOV
81,Days,Saturday,SSL400\Dataset - Original\Days\Saturday\Saturday_001.mov
339,Verbs,Look,SSL400\Dataset - Original\Verbs\Look\Look_007.mp4
314,Verbs,Drink,SSL400\Dataset - Original\Verbs\Drink\Drink_017.mp4
95,Greetings,Hello,SSL400\Dataset - Original\Greetings\Hello\Hello_044.mp4
52,Adverb,When,SSL400\Dataset - Original\Adverb\When\When_001.mov
30,Adjectives,Rich,SSL400\Dataset - Original\Adjectives\Rich\Rich_014.mp4
17,Adjectives,High,SSL400\Dataset - Original\Adjectives\High\High_003.MOV
208,Numbers,17. seventeen,SSL400\Dataset - Original\Numbers\17. seventeen\17. seventeen_002.mov
213,Numbers,3. three,SSL400\Dataset - Original\Numbers\3. three\3. three_008.mov
280,Preposition,To,SSL400\Dataset - Original\Preposition\To\To_005.mp4
243,People,Man,SSL400\Dataset - Original\People\Man\Man_032.MOV
26,Adjectives,Past,SSL400\Dataset - Original\Adjectives\Past\Past_004.mp4
264,Places,Location,SSL400\Dataset - Original\Places\Location\Location_016.MOV
169,Nouns,Phone,SSL400\Dataset - Original\Nouns\Phone\Phone_001.mp4
128,Nouns,Crocodile,SSL400\Dataset - Original\Nouns\Crocodile\Crocodile_007.mp4
275,Preposition,Near,SSL400\Dataset - Original\Preposition\Near\Near_007.mp4
382,Verbs,Write,SSL400\Dataset - Original\Verbs\Write\Write_034.mp4
126,Nouns,Computer,SSL400\Dataset - Original\Nouns\Computer\Computer_014.MP4
89,Days,Wednesday,SSL400\Dataset - Original\Days\Wednesday\Wednesday_002.MOV
146,Nouns,I,SSL400\Dataset - Original\Nouns\I\I_030.mp4
187,Nouns,Table,SSL400\Dataset - Original\Nouns\Table\Table_002.MOV
223,Numbers,Equal,SSL400\Dataset - Original\Numbers\Equal\Equal_006.mp4
180,Nouns,Skirt,SSL400\Dataset - Original\Nouns\Skirt\Skirt_012.MOV
273,Preposition,In,SSL400\Dataset - Original\Preposition\In\In_001.mp4
30,Adjectives,Rich,SSL400\Dataset - Original\Adjectives\Rich\Rich_017.mp4
166,Nouns,Path,SSL400\Dataset - Original\Nouns\Path\Path_005.mp4
40,Adjectives,Wrong,SSL400\Dataset - Original\Adjectives\Wrong\Wrong_015.mp4
288,Vehicles,Plane,SSL400\Dataset - Original\Vehicles\Plane\Plane_021.MOV
73,Days,Friday,SSL400\Dataset - Original\Days\Friday\Friday_005.mov
3,Adjectives,Cold,SSL400\Dataset - Original\Adjectives\Cold\Cold_008.mp4
121,Nouns,Cell phone,SSL400\Dataset - Original\Nouns\Cell phone\Cell phone_006.MOV
174,Nouns,Ring,SSL400\Dataset - Original\Nouns\Ring\Ring_007.MOV
121,Nouns,Cell phone,SSL400\Dataset - Original\Nouns\Cell phone\Cell phone_011.MOV
230,People,Child,SSL400\Dataset - Original\People\Child\Child_005.mp4
347,Verbs,Play,SSL400\Dataset - Original\Verbs\Play\Play_026.mov
191,Nouns,Telephone,SSL400\Dataset - Original\Nouns\Telephone\Telephone_013.MOV
191,Nouns,Telephone,SSL400\Dataset - Original\Nouns\Telephone\Telephone_012.MOV
178,Nouns,Sign,SSL400\Dataset - Original\Nouns\Sign\Sign_001.mp4
351,Verbs,Run,SSL400\Dataset - Original\Verbs\Run\Run_006.mp4
13,Adjectives,Good,SSL400\Dataset - Original\Adjectives\Good\Good_050.mp4
378,Verbs,Want,SSL400\Dataset - Original\Verbs\Want\Want_017.mp4
283,Vehicles,Bicycle,SSL400\Dataset - Original\Vehicles\Bicycle\Bicycle_002.mov
152,Nouns,Lock,SSL400\Dataset - Original\Nouns\Lock\Lock_011.MP4
119,Nouns,Cat,SSL400\Dataset - Original\Nouns\Cat\Cat_022.mp4
324,Verbs,Go,SSL400\Dataset - Original\Verbs\Go\Go_018.mp4
245,People,Player,SSL400\Dataset - Original\People\Player\Player_009.MOV
293,Verbs,Allow,SSL400\Dataset - Original\Verbs\Allow\Allow_001.mp4
256,People,Younger bro,SSL400\Dataset - Original\People\Younger bro\Younger bro_004.mp4
328,Verbs,Help,SSL400\Dataset - Original\Verbs\Help\Help_019.mp4
351,Verbs,Run,SSL400\Dataset - Original\Verbs\Run\Run_017.mp4
83,Days,Sunday,SSL400\Dataset - Original\Days\Sunday\Sunday_003.mov
254,People,Us,SSL400\Dataset - Original\People\Us\Us_012.mp4
183,Nouns,Squirrel,SSL400\Dataset - Original\Nouns\Squirrel\Squirrel_016.mp4
352,Verbs,Scratch,SSL400\Dataset - Original\Verbs\Scratch\Scratch_001.mov
378,Verbs,Want,SSL400\Dataset - Original\Verbs\Want\Want_019.mp4
367,Verbs,Teach,SSL400\Dataset - Original\Verbs\Teach\Teach_003.mp4
142,Nouns,Health,SSL400\Dataset - Original\Nouns\Health\Health_004.mp4
367,Verbs,Teach,SSL400\Dataset - Original\Verbs\Teach\Teach_001.mp4
68,Colors,Yellow,SSL400\Dataset - Original\Colors\Yellow\Yellow_005.mp4
263,Places,House,SSL400\Dataset - Original\Places\House\House_026.mp4
365,Verbs,Take,SSL400\Dataset - Original\Verbs\Take\Take_002.mov
172,Nouns,Problem,SSL400\Dataset - Original\Nouns\Problem\Problem_002.mp4
140,Nouns,Hat,SSL400\Dataset - Original\Nouns\Hat\Hat_016.MOV
263,Places,House,SSL400\Dataset - Original\Places\House\House_042.mp4
165,Nouns,Part,SSL400\Dataset - Original\Nouns\Part\Part_003.mp4
146,Nouns,I,SSL400\Dataset - Original\Nouns\I\I_035.mp4
4,Adjectives,Deaf,SSL400\Dataset - Original\Adjectives\Deaf\Deaf_006.mp4
27,Adjectives,Positive,SSL400\Dataset - Original\Adjectives\Positive\Positive_006.mp4
12,Adjectives,Full,SSL400\Dataset - Original\Adjectives\Full\Full_002.mp4
41,Adverb,Again,SSL400\Dataset - Original\Adverb\Again\Again_018.mp4
339,Verbs,Look,SSL400\Dataset - Original\Verbs\Look\Look_003.mp4
378,Verbs,Want,SSL400\Dataset - Original\Verbs\Want\Want_001.mp4
267,Places,Road,SSL400\Dataset - Original\Places\Road\Road_017.MOV
315,Verbs,Eat,SSL400\Dataset - Original\Verbs\Eat\Eat_021.mp4
116,Nouns,Book,SSL400\Dataset - Original\Nouns\Book\Book_011.mp4
106,Months,March,SSL400\Dataset - Original\Months\March\March_006.mov
369,Verbs,Tell,SSL400\Dataset - Original\Verbs\Tell\Tell_020.mp4
126,Nouns,Computer,SSL400\Dataset - Original\Nouns\Computer\Computer_008.MOV
97,Greetings,Thank you,SSL400\Dataset - Original\Greetings\Thank you\Thank you_116.mp4
361,Verbs,Stop,SSL400\Dataset - Original\Verbs\Stop\Stop_003.mp4
239,People,Grand mother,SSL400\Dataset - Original\People\Grand mother\Grand mother_001.mov
219,Numbers,9. nine,SSL400\Dataset - Original\Numbers\9. nine\9. nine_004.mov
215,Numbers,5. five,SSL400\Dataset - Original\Numbers\5. five\5. five_010.mov
95,Greetings,Hello,SSL400\Dataset - Original\Greetings\Hello\Hello_075.mp4
381,Verbs,Work,SSL400\Dataset - Original\Verbs\Work\Work_002.mov
345,Verbs,Order,SSL400\Dataset - Original\Verbs\Order\Order_010.mp4
200,Numbers,1. one,SSL400\Dataset - Original\Numbers\1. one\1. one_012.mov
342,Verbs,Meet,SSL400\Dataset - Original\Verbs\Meet\Meet_010.mov
344,Verbs,Open,SSL400\Dataset - Original\Verbs\Open\Open_005.mp4
111,Months,September,SSL400\Dataset - Original\Months\September\September_002.mov
123,Nouns,Children,SSL400\Dataset - Original\Nouns\Children\Children_001.mp4
64,Colors,Pink,SSL400\Dataset - Original\Colors\Pink\Pink_006.mp4
90,Days,Week,SSL400\Dataset - Original\Days\Week\Week_006.mov
151,Nouns,List,SSL400\Dataset - Original\Nouns\List\List_008.mp4
309,Verbs,Cry,SSL400\Dataset - Original\Verbs\Cry\Cry_025.mov
77,Days,Hour,SSL400\Dataset - Original\Days\Hour\Hour_015.mp4
67,Colors,White,SSL400\Dataset - Original\Colors\White\White_028.MOV
210,Numbers,19. nineteen,SSL400\Dataset - Original\Numbers\19. nineteen\19. nineteen_001.mov
340,Verbs,Love,SSL400\Dataset - Original\Verbs\Love\Love_004.mp4
16,Adjectives,Healthy,SSL400\Dataset - Original\Adjectives\Healthy\Healthy_005.MOV
307,Verbs,Cough,SSL400\Dataset - Original\Verbs\Cough\Cough_018.mp4
13,Adjectives,Good,SSL400\Dataset - Original\Adjectives\Good\Good_034.mp4
168,Nouns,Pencil,SSL400\Dataset - Original\Nouns\Pencil\Pencil_011.MP4
67,Colors,White,SSL400\Dataset - Original\Colors\White\White_020.mp4
317,Verbs,Erase,SSL400\Dataset - Original\Verbs\Erase\Erase_008.mov
185,Nouns,Structure,SSL400\Dataset - Original\Nouns\Structure\Structure_001.mp4
85,Days,Time,SSL400\Dataset - Original\Days\Time\Time_014.MOV
343,Verbs,Now,SSL400\Dataset - Original\Verbs\Now\Now_002.mov
80,Days,Night,SSL400\Dataset - Original\Days\Night\Night_002.mov
170,Nouns,Pocket,SSL400\Dataset - Original\Nouns\Pocket\Pocket_022.MP4
103,Months,January,SSL400\Dataset - Original\Months\January\January_028.mov
263,Places,House,SSL400\Dataset - Original\Places\House\House_023.mp4
10,Adjectives,Fat,SSL400\Dataset - Original\Adjectives\Fat\Fat_005.mp4
131,Nouns,Elephant,SSL400\Dataset - Original\Nouns\Elephant\Elephant_012.mp4
95,Greetings,Hello,SSL400\Dataset - Original\Greetings\Hello\Hello_065.MOV
68,Colors,Yellow,SSL400\Dataset - Original\Colors\Yellow\Yellow_013.mp4
189,Nouns,Team,SSL400\Dataset - Original\Nouns\Team\Team_004.mp4
336,Verbs,Let,SSL400\Dataset - Original\Verbs\Let\Let_004.mp4
97,Greetings,Thank you,SSL400\Dataset - Original\Greetings\Thank you\Thank you_087.mp4
362,Verbs,Study,SSL400\Dataset - Original\Verbs\Study\Study_005.mov
68,Colors,Yellow,SSL400\Dataset - Original\Colors\Yellow\Yellow_024.MOV
94,Greetings,Ayubowan,SSL400\Dataset - Original\Greetings\Ayubowan\Ayubowan_004.mov
116,Nouns,Book,SSL400\Dataset - Original\Nouns\Book\Book_014.mp4
0,Adjectives,Bad,SSL400\Dataset - Original\Adjectives\Bad\Bad_003.mov
149,Nouns,Key,SSL400\Dataset - Original\Nouns\Key\Key_013.MP4
371,Verbs,Think,SSL400\Dataset - Original\Verbs\Think\Think_002.mp4
314,Verbs,Drink,SSL400\Dataset - Original\Verbs\Drink\Drink_028.mp4
67,Colors,White,SSL400\Dataset - Original\Colors\White\White_024.MOV
150,Nouns,Laptop,SSL400\Dataset - Original\Nouns\Laptop\Laptop_003.MOV
68,Colors,Yellow,SSL400\Dataset - Original\Colors\Yellow\Yellow_012.mp4
118,Nouns,Card,SSL400\Dataset - Original\Nouns\Card\Card_002.mp4
146,Nouns,I,SSL400\Dataset - Original\Nouns\I\I_015.mov
114,Nouns,Bag,SSL400\Dataset - Original\Nouns\Bag\Bag_004.MOV
13,Adjectives,Good,SSL400\Dataset - Original\Adjectives\Good\Good_011.mov
67,Colors,White,SSL400\Dataset - Original\Colors\White\White_036.MOV
332,Verbs,Jump,SSL400\Dataset - Original\Verbs\Jump\Jump_002.mov
333,Verbs,Knock,SSL400\Dataset - Original\Verbs\Knock\Knock_002.mov
105,Months,June,SSL400\Dataset - Original\Months\June\June_004.mp4
324,Verbs,Go,SSL400\Dataset - Original\Verbs\Go\Go_006.mp4
290,Vehicles,Train,SSL400\Dataset - Original\Vehicles\Train\Train_001.mov
357,Verbs,Show,SSL400\Dataset - Original\Verbs\Show\Show_004.mp4
95,Greetings,Hello,SSL400\Dataset - Original\Greetings\Hello\Hello_070.mp4
43,Adverb,Can,SSL400\Dataset - Original\Adverb\Can\Can_005.mov
5,Adjectives,Deep,SSL400\Dataset - Original\Adjectives\Deep\Deep_005.mp4
310,Verbs,Cut,SSL400\Dataset - Original\Verbs\Cut\Cut_024.mp4
34,Adjectives,Soft,SSL400\Dataset - Original\Adjectives\Soft\Soft_008.MOV
359,Verbs,Sleep,SSL400\Dataset - Original\Verbs\Sleep\Sleep_007.mp4
102,Months,February,SSL400\Dataset - Original\Months\February\February_006.mp4
369,Verbs,Tell,SSL400\Dataset - Original\Verbs\Tell\Tell_002.mp4
243,People,Man,SSL400\Dataset - Original\People\Man\Man_029.MOV
47,Adverb,Dont know,SSL400\Dataset - Original\Adverb\Dont know\Dont know_002.mov
93,Greetings,Alright,SSL400\Dataset - Original\Greetings\Alright\Alright_013.MOV
239,People,Grand mother,SSL400\Dataset - Original\People\Grand mother\Grand mother_004.mov
128,Nouns,Crocodile,SSL400\Dataset - Original\Nouns\Crocodile\Crocodile_022.mp4
85,Days,Time,SSL400\Dataset - Original\Days\Time\Time_011.MOV
305,Verbs,Cook,SSL400\Dataset - Original\Verbs\Cook\Cook_011.mp4
199,Nouns,You,SSL400\Dataset - Original\Nouns\You\You_055.mp4
162,Nouns,Ok,SSL400\Dataset - Original\Nouns\Ok\Ok_002.mp4
234,People,Elder sister,SSL400\Dataset - Original\People\Elder sister\Elder sister_019.mp4
284,Vehicles,Boat,SSL400\Dataset - Original\Vehicles\Boat\Boat_016.MOV
266,Places,Police station,SSL400\Dataset - Original\Places\Police station\Police station_003.mov
125,Nouns,Clothing,SSL400\Dataset - Original\Nouns\Clothing\Clothing_006.MOV
67,Colors,White,SSL400\Dataset - Original\Colors\White\White_002.mp4
215,Numbers,5. five,SSL400\Dataset - Original\Numbers\5. five\5. five_011.mov
344,Verbs,Open,SSL400\Dataset - Original\Verbs\Open\Open_004.mp4
95,Greetings,Hello,SSL400\Dataset - Original\Greetings\Hello\Hello_017.mp4
95,Greetings,Hello,SSL400\Dataset - Original\Greetings\Hello\Hello_090.mp4
39,Adjectives,Welcome,SSL400\Dataset - Original\Adjectives\Welcome\Welcome_005.mp4
107,Months,May,SSL400\Dataset - Original\Months\May\May_003.mov
13,Adjectives,Good,SSL400\Dataset - Original\Adjectives\Good\Good_012.mov
316,Verbs,Enter,SSL400\Dataset - Original\Verbs\Enter\Enter_006.mp4
41,Adverb,Again,SSL400\Dataset - Original\Adverb\Again\Again_024.mp4
251,People,Son,SSL400\Dataset - Original\People\Son\Son_012.MOV
97,Greetings,Thank you,SSL400\Dataset - Original\Greetings\Thank you\Thank you_023.mp4
30,Adjectives,Rich,SSL400\Dataset - Original\Adjectives\Rich\Rich_009.mp4
267,Places,Road,SSL400\Dataset - Original\Places\Road\Road_002.MOV
146,Nouns,I,SSL400\Dataset - Original\Nouns\I\I_016.mov
97,Greetings,Thank you,SSL400\Dataset - Original\Greetings\Thank you\Thank you_095.mp4
16,Adjectives,Healthy,SSL400\Dataset - Original\Adjectives\Healthy\Healthy_012.MOV
300,Verbs,Change,SSL400\Dataset - Original\Verbs\Change\Change_001.mp4
91,Days,Yesterday,SSL400\Dataset - Original\Days\Yesterday\Yesterday_005.MOV
95,Greetings,Hello,SSL400\Dataset - Original\Greetings\Hello\Hello_092.mp4
328,Verbs,Help,SSL400\Dataset - Original\Verbs\Help\Help_002.mp4
126,Nouns,Computer,SSL400\Dataset - Original\Nouns\Computer\Computer_007.MOV
82,Days,Seconds,SSL400\Dataset - Original\Days\Seconds\Seconds_001.mov
185,Nouns,Structure,SSL400\Dataset - Original\Nouns\Structure\Structure_006.mp4
243,People,Man,SSL400\Dataset - Original\People\Man\Man_048.MOV
1,Adjectives,Beautiful,SSL400\Dataset - Original\Adjectives\Beautiful\Beautiful_027.MOV
272,Preposition,Around,SSL400\Dataset - Original\Preposition\Around\Around_001.mp4
119,Nouns,Cat,SSL400\Dataset - Original\Nouns\Cat\Cat_014.mp4
149,Nouns,Key,SSL400\Dataset - Original\Nouns\Key\Key_003.MOV
243,People,Man,SSL400\Dataset - Original\People\Man\Man_018.mp4
93,Greetings,Alright,SSL400\Dataset - Original\Greetings\Alright\Alright_002.MOV
141,Nouns,He,SSL400\Dataset - Original\Nouns\He\He_019.MOV
222,Numbers,Divide,SSL400\Dataset - Original\Numbers\Divide\Divide_004.mov
141,Nouns,He,SSL400\Dataset - Original\Nouns\He\He_009.MOV
287,Vehicles,Motorcycle,SSL400\Dataset - Original\Vehicles\Motorcycle\Motorcycle_007.mp4
95,Greetings,Hello,SSL400\Dataset - Original\Greetings\Hello\Hello_093.mp4
172,Nouns,Problem,SSL400\Dataset - Original\Nouns\Problem\Problem_009.mp4
28,Adjectives,Present,SSL400\Dataset - Original\Adjectives\Present\Present_003.mp4
134,Nouns,Face,SSL400\Dataset - Original\Nouns\Face\Face_005.mp4
223,Numbers,Equal,SSL400\Dataset - Original\Numbers\Equal\Equal_010.mov
233,People,Elder bro,SSL400\Dataset - Original\People\Elder bro\Elder bro_012.mp4
153,Nouns,Middle,SSL400\Dataset - Original\Nouns\Middle\Middle_006.mp4
382,Verbs,Write,SSL400\Dataset - Original\Verbs\Write\Write_020.mp4
262,Places,Hospital,SSL400\Dataset - Original\Places\Hospital\Hospital_002.mov
13,Adjectives,Good,SSL400\Dataset - Original\Adjectives\Good\Good_013.mov
65,Colors,Purple,SSL400\Dataset - Original\Colors\Purple\Purple_026.mp4
18,Adjectives,Independent,SSL400\Dataset - Original\Adjectives\Independent\Independent_001.mp4
307,Verbs,Cough,SSL400\Dataset - Original\Verbs\Cough\Cough_011.mp4
220,Numbers,Addition,SSL400\Dataset - Original\Numbers\Addition\Addition_005.mov
211,Numbers,2. two,SSL400\Dataset - Original\Numbers\2. two\2. two_019.mov
243,People,Man,SSL400\Dataset - Original\People\Man\Man_046.MOV
347,Verbs,Play,SSL400\Dataset - Original\Verbs\Play\Play_019.mp4
8,Adjectives,Double,SSL400\Dataset - Original\Adjectives\Double\Double_002.mp4
369,Verbs,Tell,SSL400\Dataset - Original\Verbs\Tell\Tell_016.mp4
354,Verbs,See,SSL400\Dataset - Original\Verbs\See\See_026.mov
248,People,She,SSL400\Dataset - Original\People\She\She_001.mov
128,Nouns,Crocodile,SSL400\Dataset - Original\Nouns\Crocodile\Crocodile_019.mp4
367,Verbs,Teach,SSL400\Dataset - Original\Verbs\Teach\Teach_020.mp4
291,Vehicles,Van,SSL400\Dataset - Original\Vehicles\Van\Van_001.mov
310,Verbs,Cut,SSL400\Dataset - Original\Verbs\Cut\Cut_015.mp4
223,Numbers,Equal,SSL400\Dataset - Original\Numbers\Equal\Equal_015.mov
115,Nouns,Bed,SSL400\Dataset - Original\Nouns\Bed\Bed_011.MP4
198,Nouns,Window,SSL400\Dataset - Original\Nouns\Window\Window_012.MP4
27,Adjectives,Positive,SSL400\Dataset - Original\Adjectives\Positive\Positive_003.mp4
118,Nouns,Card,SSL400\Dataset - Original\Nouns\Card\Card_008.mp4
232,People,Doctor,SSL400\Dataset - Original\People\Doctor\Doctor_011.mp4
256,People,Younger bro,SSL400\Dataset - Original\People\Younger bro\Younger bro_003.mp4
359,Verbs,Sleep,SSL400\Dataset - Original\Verbs\Sleep\Sleep_001.mp4
244,People,Mother,SSL400\Dataset - Original\People\Mother\Mother_016.mp4
324,Verbs,Go,SSL400\Dataset - Original\Verbs\Go\Go_020.mp4
26,Adjectives,Past,SSL400\Dataset - Original\Adjectives\Past\Past_002.mp4
49,Adverb,Instead,SSL400\Dataset - Original\Adverb\Instead\Instead_006.mp4
268,Places,Shop,SSL400\Dataset - Original\Places\Shop\Shop_014.MOV
93,Greetings,Alright,SSL400\Dataset - Original\Greetings\Alright\Alright_004.MOV
337,Verbs,Like,SSL400\Dataset - Original\Verbs\Like\Like_003.mov
214,Numbers,4. four,SSL400\Dataset - Original\Numbers\4. four\4. four_003.mp4
103,Months,January,SSL400\Dataset - Original\Months\January\January_003.mp4
1,Adjectives,Beautiful,SSL400\Dataset - Original\Adjectives\Beautiful\Beautiful_035.MOV
4,Adjectives,Deaf,SSL400\Dataset - Original\Adjectives\Deaf\Deaf_003.mp4
302,Verbs,Click,SSL400\Dataset - Original\Verbs\Click\Click_003.mp4
95,Greetings,Hello,SSL400\Dataset - Original\Greetings\Hello\Hello_084.mp4
66,Colors,Red,SSL400\Dataset - Original\Colors\Red\Red_024.mp4
66,Colors,Red,SSL400\Dataset - Original\Colors\Red\Red_011.mp4
315,Verbs,Eat,SSL400\Dataset - Original\Verbs\Eat\Eat_023.mp4
369,Verbs,Tell,SSL400\Dataset - Original\Verbs\Tell\Tell_021.mp4
378,Verbs,Want,SSL400\Dataset - Original\Verbs\Want\Want_020.mp4
303,Verbs,Come,SSL400\Dataset - Original\Verbs\Come\Come_009.mp4
170,Nouns,Pocket,SSL400\Dataset - Original\Nouns\Pocket\Pocket_017.MOV
382,Verbs,Write,SSL400\Dataset - Original\Verbs\Write\Write_021.mp4
97,Greetings,Thank you,SSL400\Dataset - Original\Greetings\Thank you\Thank you_015.mp4
371,Verbs,Think,SSL400\Dataset - Original\Verbs\Think\Think_001.mp4
288,Vehicles,Plane,SSL400\Dataset - Original\Vehicles\Plane\Plane_026.MOV
123,Nouns,Children,SSL400\Dataset - Original\Nouns\Children\Children_005.mp4
342,Verbs,Meet,SSL400\Dataset - Original\Verbs\Meet\Meet_020.mp4
115,Nouns,Bed,SSL400\Dataset - Original\Nouns\Bed\Bed_006.MOV
69,Conjunctions,Or,SSL400\Dataset - Original\Conjunctions\Or\Or_003.mp4
167,Nouns,Peace,SSL400\Dataset - Original\Nouns\Peace\Peace_004.mp4
125,Nouns,Clothing,SSL400\Dataset - Original\Nouns\Clothing\Clothing_018.MOV
95,Greetings,Hello,SSL400\Dataset - Original\Greetings\Hello\Hello_031.mp4
26,Adjectives,Past,SSL400\Dataset - Original\Adjectives\Past\Past_003.mp4
16,Adjectives,Healthy,SSL400\Dataset - Original\Adjectives\Healthy\Healthy_002.MOV
256,People,Younger bro,SSL400\Dataset - Original\People\Younger bro\Younger bro_022.mov
12,Adjectives,Full,SSL400\Dataset - Original\Adjectives\Full\Full_012.mp4
139,Nouns,Gun,SSL400\Dataset - Original\Nouns\Gun\Gun_014.MP4
356,Verbs,Sell,SSL400\Dataset - Original\Verbs\Sell\Sell_018.mp4
95,Greetings,Hello,SSL400\Dataset - Original\Greetings\Hello\Hello_066.MOV
29,Adjectives,Quick,SSL400\Dataset - Original\Adjectives\Quick\Quick_005.mp4
67,Colors,White,SSL400\Dataset - Original\Colors\White\White_009.mp4
333,Verbs,Knock,SSL400\Dataset - Original\Verbs\Knock\Knock_004.mov
66,Colors,Red,SSL400\Dataset - Original\Colors\Red\Red_007.mp4
159,Nouns,My,SSL400\Dataset - Original\Nouns\My\My_009.mov
1,Adjectives,Beautiful,SSL400\Dataset - Original\Adjectives\Beautiful\Beautiful_011.mp4
3,Adjectives,Cold,SSL400\Dataset - Original\Adjectives\Cold\Cold_006.mp4
95,Greetings,Hello,SSL400\Dataset - Original\Greetings\Hello\Hello_057.MOV
354,Verbs,See,SSL400\Dataset - Original\Verbs\See\See_004.mp4
272,Preposition,Around,SSL400\Dataset - Original\Preposition\Around\Around_003.mp4
12,Adjectives,Full,SSL400\Dataset - Original\Adjectives\Full\Full_003.mp4
3,Adjectives,Cold,SSL400\Dataset - Original\Adjectives\Cold\Cold_010.mp4
379,Verbs,Wash,SSL400\Dataset - Original\Verbs\Wash\Wash_005.mp4
86,Days,Today,SSL400\Dataset - Original\Days\Today\Today_034.mov
200,Numbers,1. one,SSL400\Dataset - Original\Numbers\1. one\1. one_010.mov
153,Nouns,Middle,SSL400\Dataset - Original\Nouns\Middle\Middle_005.mp4
199,Nouns,You,SSL400\Dataset - Original\Nouns\You\You_033.mov
97,Greetings,Thank you,SSL400\Dataset - Original\Greetings\Thank you\Thank you_028.mp4
103,Months,January,SSL400\Dataset - Original\Months\January\January_004.mp4
241,People,Husband,SSL400\Dataset - Original\People\Husband\Husband_001.mov
13,Adjectives,Good,SSL400\Dataset - Original\Adjectives\Good\Good_033.mp4
332,Verbs,Jump,SSL400\Dataset - Original\Verbs\Jump\Jump_001.mov
146,Nouns,I,SSL400\Dataset - Original\Nouns\I\I_033.mp4
28,Adjectives,Present,SSL400\Dataset - Original\Adjectives\Present\Present_006.mp4
345,Verbs,Order,SSL400\Dataset - Original\Verbs\Order\Order_001.mp4
156,Nouns,Money,SSL400\Dataset - Original\Nouns\Money\Money_020.mp4
95,Greetings,Hello,SSL400\Dataset - Original\Greetings\Hello\Hello_079.mp4
77,Days,Hour,SSL400\Dataset - Original\Days\Hour\Hour_002.mp4
205,Numbers,14. fourteen,SSL400\Dataset - Original\Numbers\14. fourteen\14. fourteen_002.mov
303,Verbs,Come,SSL400\Dataset - Original\Verbs\Come\Come_020.mp4
238,People,Grand father,SSL400\Dataset - Original\People\Grand father\Grand father_006.mp4
288,Vehicles,Plane,SSL400\Dataset - Original\Vehicles\Plane\Plane_002.mp4
128,Nouns,Crocodile,SSL400\Dataset - Original\Nouns\Crocodile\Crocodile_004.mp4
243,People,Man,SSL400\Dataset - Original\People\Man\Man_052.MOV
77,Days,Hour,SSL400\Dataset - Original\Days\Hour\Hour_028.MOV
55,Colors,Black,SSL400\Dataset - Original\Colors\Black\Black_022.MOV
357,Verbs,Show,SSL400\Dataset - Original\Verbs\Show\Show_009.mp4
156,Nouns,Money,SSL400\Dataset - Original\Nouns\Money\Money_004.mp4
97,Greetings,Thank you,SSL400\Dataset - Original\Greetings\Thank you\Thank you_064.mp4
301,Verbs,Choose,SSL400\Dataset - Original\Verbs\Choose\Choose_002.mp4
284,Vehicles,Boat,SSL400\Dataset - Original\Vehicles\Boat\Boat_018.MOV
55,Colors,Black,SSL400\Dataset - Original\Colors\Black\Black_005.mp4
35,Adjectives,Strong,SSL400\Dataset - Original\Adjectives\Strong\Strong_006.MOV
149,Nouns,Key,SSL400\Dataset - Original\Nouns\Key\Key_010.MP4
99,Months,April,SSL400\Dataset - Original\Months\April\April_003.mov
80,Days,Night,SSL400\Dataset - Original\Days\Night\Night_003.mov
163,Nouns,Our,SSL400\Dataset - Original\Nouns\Our\Our_003.mp4
284,Vehicles,Boat,SSL400\Dataset - Original\Vehicles\Boat\Boat_006.MOV
181,Nouns,Society,SSL400\Dataset - Original\Nouns\Society\Society_002.mp4
199,Nouns,You,SSL400\Dataset - Original\Nouns\You\You_007.mp4
354,Verbs,See,SSL400\Dataset - Original\Verbs\See\See_001.mp4
377,Verbs,Walk,SSL400\Dataset - Original\Verbs\Walk\Walk_004.mp4
199,Nouns,You,SSL400\Dataset - Original\Nouns\You\You_043.mov
382,Verbs,Write,SSL400\Dataset - Original\Verbs\Write\Write_018.mp4
13,Adjectives,Good,SSL400\Dataset - Original\Adjectives\Good\Good_056.mp4
228,People,Bro,SSL400\Dataset - Original\People\Bro\Bro_004.mov
300,Verbs,Change,SSL400\Dataset - Original\Verbs\Change\Change_009.mp4
153,Nouns,Middle,SSL400\Dataset - Original\Nouns\Middle\Middle_002.mp4
309,Verbs,Cry,SSL400\Dataset - Original\Verbs\Cry\Cry_027.mov
115,Nouns,Bed,SSL400\Dataset - Original\Nouns\Bed\Bed_008.MP4
233,People,Elder bro,SSL400\Dataset - Original\People\Elder bro\Elder bro_024.mov
97,Greetings,Thank you,SSL400\Dataset - Original\Greetings\Thank you\Thank you_091.mp4
324,Verbs,Go,SSL400\Dataset - Original\Verbs\Go\Go_007.mp4
65,Colors,Purple,SSL400\Dataset - Original\Colors\Purple\Purple_008.mp4
271,Preposition,After,SSL400\Dataset - Original\Preposition\After\After_004.mp4
149,Nouns,Key,SSL400\Dataset - Original\Nouns\Key\Key_012.MP4
171,Nouns,Point,SSL400\Dataset - Original\Nouns\Point\Point_001.mp4
105,Months,June,SSL400\Dataset - Original\Months\June\June_001.mov
378,Verbs,Want,SSL400\Dataset - Original\Verbs\Want\Want_022.mp4
199,Nouns,You,SSL400\Dataset - Original\Nouns\You\You_047.mov
226,People,Aunt,SSL400\Dataset - Original\People\Aunt\Aunt_001.mov
356,Verbs,Sell,SSL400\Dataset - Original\Verbs\Sell\Sell_023.mp4
309,Verbs,Cry,SSL400\Dataset - Original\Verbs\Cry\Cry_017.mp4
97,Greetings,Thank you,SSL400\Dataset - Original\Greetings\Thank you\Thank you_002.mp4
251,People,Son,SSL400\Dataset - Original\People\Son\Son_001.MOV
109,Months,November,SSL400\Dataset - Original\Months\November\November_005.mov
97,Greetings,Thank you,SSL400\Dataset - Original\Greetings\Thank you\Thank you_042.MOV
287,Vehicles,Motorcycle,SSL400\Dataset - Original\Vehicles\Motorcycle\Motorcycle_006.mp4
1,Adjectives,Beautiful,SSL400\Dataset - Original\Adjectives\Beautiful\Beautiful_033.MOV
131,Nouns,Elephant,SSL400\Dataset - Original\Nouns\Elephant\Elephant_003.mp4
10,Adjectives,Fat,SSL400\Dataset - Original\Adjectives\Fat\Fat_010.mp4
86,Days,Today,SSL400\Dataset - Original\Days\Today\Today_019.mp4
351,Verbs,Run,SSL400\Dataset - Original\Verbs\Run\Run_021.mp4
161,Nouns,,SSL400\Dataset - Original\Nouns\None\None_003.mp4
140,Nouns,Hat,SSL400\Dataset - Original\Nouns\Hat\Hat_012.MOV
141,Nouns,He,SSL400\Dataset - Original\Nouns\He\He_020.MOV
125,Nouns,Clothing,SSL400\Dataset - Original\Nouns\Clothing\Clothing_015.MOV
155,Nouns,Mind,SSL400\Dataset - Original\Nouns\Mind\Mind_001.mp4
233,People,Elder bro,SSL400\Dataset - Original\People\Elder bro\Elder bro_019.mp4
251,People,Son,SSL400\Dataset - Original\People\Son\Son_019.MOV
345,Verbs,Order,SSL400\Dataset - Original\Verbs\Order\Order_009.mp4
86,Days,Today,SSL400\Dataset - Original\Days\Today\Today_012.mp4
65,Colors,Purple,SSL400\Dataset - Original\Colors\Purple\Purple_029.mov
379,Verbs,Wash,SSL400\Dataset - Original\Verbs\Wash\Wash_010.mov
177,Nouns,Shirt,SSL400\Dataset - Original\Nouns\Shirt\Shirt_007.MOV
315,Verbs,Eat,SSL400\Dataset - Original\Verbs\Eat\Eat_002.mp4
354,Verbs,See,SSL400\Dataset - Original\Verbs\See\See_014.mp4
171,Nouns,Point,SSL400\Dataset - Original\Nouns\Point\Point_008.mp4
170,Nouns,Pocket,SSL400\Dataset - Original\Nouns\Pocket\Pocket_006.MOV
97,Greetings,Thank you,SSL400\Dataset - Original\Greetings\Thank you\Thank you_017.mp4
128,Nouns,Crocodile,SSL400\Dataset - Original\Nouns\Crocodile\Crocodile_011.mp4
277,Preposition,Out,SSL400\Dataset - Original\Preposition\Out\Out_004.mp4
288,Vehicles,Plane,SSL400\Dataset - Original\Vehicles\Plane\Plane_004.mp4
244,People,Mother,SSL400\Dataset - Original\People\Mother\Mother_024.mov
117,Nouns,Camera,SSL400\Dataset - Original\Nouns\Camera\Camera_013.MOV
97,Greetings,Thank you,SSL400\Dataset - Original\Greetings\Thank you\Thank you_024.mp4
213,Numbers,3. three,SSL400\Dataset - Original\Numbers\3. three\3. three_011.mov
295,Verbs,Boil,SSL400\Dataset - Original\Verbs\Boil\Boil_002.mov
186,Nouns,Suit,SSL400\Dataset - Original\Nouns\Suit\Suit_019.MP4
307,Verbs,Cough,SSL400\Dataset - Original\Verbs\Cough\Cough_001.mp4
328,Verbs,Help,SSL400\Dataset - Original\Verbs\Help\Help_013.mp4
230,People,Child,SSL400\Dataset - Original\People\Child\Child_008.mp4
91,Days,Yesterday,SSL400\Dataset - Original\Days\Yesterday\Yesterday_011.MOV
328,Verbs,Help,SSL400\Dataset - Original\Verbs\Help\Help_018.mp4
260,Places,Bus station,SSL400\Dataset - Original\Places\Bus station\Bus station_001.mov
39,Adjectives,Welcome,SSL400\Dataset - Original\Adjectives\Welcome\Welcome_003.mp4
120,Nouns,Ceiling fan,SSL400\Dataset - Original\Nouns\Ceiling fan\Ceiling fan_002.MOV
199,Nouns,You,SSL400\Dataset - Original\Nouns\You\You_014.MOV
342,Verbs,Meet,SSL400\Dataset - Original\Verbs\Meet\Meet_034.mp4
351,Verbs,Run,SSL400\Dataset - Original\Verbs\Run\Run_001.mp4
102,Months,February,SSL400\Dataset - Original\Months\February\February_007.mov
371,Verbs,Think,SSL400\Dataset - Original\Verbs\Think\Think_004.mp4
315,Verbs,Eat,SSL400\Dataset - Original\Verbs\Eat\Eat_029.mp4
263,Places,House,SSL400\Dataset - Original\Places\House\House_012.mp4
287,Vehicles,Motorcycle,SSL400\Dataset - Original\Vehicles\Motorcycle\Motorcycle_002.mp4
372,Verbs,Throw,SSL400\Dataset - Original\Verbs\Throw\Throw_001.mov
22,Adjectives,Next,SSL400\Dataset - Original\Adjectives\Next\Next_003.mp4
158,Nouns,Movie,SSL400\Dataset - Original\Nouns\Movie\Movie_005.mp4
107,Months,May,SSL400\Dataset - Original\Months\May\May_005.mov
146,Nouns,I,SSL400\Dataset - Original\Nouns\I\I_024.mp4
8,Adjectives,Double,SSL400\Dataset - Original\Adjectives\Double\Double_005.mp4
314,Verbs,Drink,SSL400\Dataset - Original\Verbs\Drink\Drink_037.mp4
354,Verbs,See,SSL400\Dataset - Original\Verbs\See\See_030.mov
321,Verbs,Follow,SSL400\Dataset - Original\Verbs\Follow\Follow_006.mp4
324,Verbs,Go,SSL400\Dataset - Original\Verbs\Go\Go_026.mov
251,People,Son,SSL400\Dataset - Original\People\Son\Son_009.MOV
166,Nouns,Path,SSL400\Dataset - Original\Nouns\Path\Path_001.mp4
13,Adjectives,Good,SSL400\Dataset - Original\Adjectives\Good\Good_003.mp4
135,Nouns,Fever,SSL400\Dataset - Original\Nouns\Fever\Fever_013.mp4
263,Places,House,SSL400\Dataset - Original\Places\House\House_013.mp4
68,Colors,Yellow,SSL400\Dataset - Original\Colors\Yellow\Yellow_002.mp4
21,Adjectives,Low,SSL400\Dataset - Original\Adjectives\Low\Low_004.MOV
116,Nouns,Book,SSL400\Dataset - Original\Nouns\Book\Book_001.mp4
13,Adjectives,Good,SSL400\Dataset - Original\Adjectives\Good\Good_036.mp4
103,Months,January,SSL400\Dataset - Original\Months\January\January_027.mov
263,Places,House,SSL400\Dataset - Original\Places\House\House_057.mp4
218,Numbers,8. eight,SSL400\Dataset - Original\Numbers\8. eight\8. eight_004.mov
78,Days,Monday,SSL400\Dataset - Original\Days\Monday\Monday_023.mov
191,Nouns,Telephone,SSL400\Dataset - Original\Nouns\Telephone\Telephone_015.MP4
369,Verbs,Tell,SSL400\Dataset - Original\Verbs\Tell\Tell_015.mp4
309,Verbs,Cry,SSL400\Dataset - Original\Verbs\Cry\Cry_005.mp4
377,Verbs,Walk,SSL400\Dataset - Original\Verbs\Walk\Walk_024.mp4
168,Nouns,Pencil,SSL400\Dataset - Original\Nouns\Pencil\Pencil_006.MOV
211,Numbers,2. two,SSL400\Dataset - Original\Numbers\2. two\2. two_011.mov
66,Colors,Red,SSL400\Dataset - Original\Colors\Red\Red_022.mp4
308,Verbs,Cover,SSL400\Dataset - Original\Verbs\Cover\Cover_005.mp4
288,Vehicles,Plane,SSL400\Dataset - Original\Vehicles\Plane\Plane_013.MOV
95,Greetings,Hello,SSL400\Dataset - Original\Greetings\Hello\Hello_016.mp4
30,Adjectives,Rich,SSL400\Dataset - Original\Adjectives\Rich\Rich_002.mp4
50,Adverb,Never,SSL400\Dataset - Original\Adverb\Never\Never_001.mp4
342,Verbs,Meet,SSL400\Dataset - Original\Verbs\Meet\Meet_030.mp4
315,Verbs,Eat,SSL400\Dataset - Original\Verbs\Eat\Eat_017.mp4
66,Colors,Red,SSL400\Dataset - Original\Colors\Red\Red_030.mov
77,Days,Hour,SSL400\Dataset - Original\Days\Hour\Hour_031.MOV
67,Colors,White,SSL400\Dataset - Original\Colors\White\White_022.mp4
131,Nouns,Elephant,SSL400\Dataset - Original\Nouns\Elephant\Elephant_013.mp4
97,Greetings,Thank you,SSL400\Dataset - Original\Greetings\Thank you\Thank you_114.mp4
111,Months,September,SSL400\Dataset - Original\Months\September\September_006.mov
234,People,Elder sister,SSL400\Dataset - Original\People\Elder sister\Elder sister_012.mp4
1,Adjectives,Beautiful,SSL400\Dataset - Original\Adjectives\Beautiful\Beautiful_016.mp4
89,Days,Wednesday,SSL400\Dataset - Original\Days\Wednesday\Wednesday_006.MOV
377,Verbs,Walk,SSL400\Dataset - Original\Verbs\Walk\Walk_022.mp4
143,Nouns,Hill,SSL400\Dataset - Original\Nouns\Hill\Hill_001.mp4
273,Preposition,In,SSL400\Dataset - Original\Preposition\In\In_004.mp4
216,Numbers,6. six,SSL400\Dataset - Original\Numbers\6. six\6. six_008.mov
324,Verbs,Go,SSL400\Dataset - Original\Verbs\Go\Go_022.mp4
243,People,Man,SSL400\Dataset - Original\People\Man\Man_030.MOV
263,Places,House,SSL400\Dataset - Original\Places\House\House_054.mp4
55,Colors,Black,SSL400\Dataset - Original\Colors\Black\Black_003.mov
5,Adjectives,Deep,SSL400\Dataset - Original\Adjectives\Deep\Deep_004.mp4
231,People,Daughter,SSL400\Dataset - Original\People\Daughter\Daughter_002.mov
347,Verbs,Play,SSL400\Dataset - Original\Verbs\Play\Play_014.mp4
364,Verbs,Swim,SSL400\Dataset - Original\Verbs\Swim\Swim_002.mp4
97,Greetings,Thank you,SSL400\Dataset - Original\Greetings\Thank you\Thank you_097.mp4
81,Days,Saturday,SSL400\Dataset - Original\Days\Saturday\Saturday_003.mov
278,Preposition,Over,SSL400\Dataset - Original\Preposition\Over\Over_006.mp4
101,Months,December,SSL400\Dataset - Original\Months\December\December_003.mov
128,Nouns,Crocodile,SSL400\Dataset - Original\Nouns\Crocodile\Crocodile_012.mp4
234,People,Elder sister,SSL400\Dataset - Original\People\Elder sister\Elder sister_001.mp4
382,Verbs,Write,SSL400\Dataset - Original\Verbs\Write\Write_011.mp4
95,Greetings,Hello,SSL400\Dataset - Original\Greetings\Hello\Hello_030.mp4
61,Colors,Green,SSL400\Dataset - Original\Colors\Green\Green_005.mp4
15,Adjectives,Hard,SSL400\Dataset - Original\Adjectives\Hard\Hard_007.MOV
21,Adjectives,Low,SSL400\Dataset - Original\Adjectives\Low\Low_001.MOV
48,Adverb,Here,SSL400\Dataset - Original\Adverb\Here\Here_002.mp4
97,Greetings,Thank you,SSL400\Dataset - Original\Greetings\Thank you\Thank you_020.mp4
99,Months,April,SSL400\Dataset - Original\Months\April\April_008.mov
59,Colors,Gold,SSL400\Dataset - Original\Colors\Gold\Gold_002.mp4
152,Nouns,Lock,SSL400\Dataset - Original\Nouns\Lock\Lock_008.MP4
115,Nouns,Bed,SSL400\Dataset - Original\Nouns\Bed\Bed_002.MOV
320,Verbs,Fight,SSL400\Dataset - Original\Verbs\Fight\Fight_019.mp4
315,Verbs,Eat,SSL400\Dataset - Original\Verbs\Eat\Eat_037.mp4
267,Places,Road,SSL400\Dataset - Original\Places\Road\Road_011.MOV
104,Months,July,SSL400\Dataset - Original\Months\July\July_007.mov
376,Verbs,Visit,SSL400\Dataset - Original\Verbs\Visit\Visit_007.mp4
377,Verbs,Walk,SSL400\Dataset - Original\Verbs\Walk\Walk_023.mp4
275,Preposition,Near,SSL400\Dataset - Original\Preposition\Near\Near_004.mp4
186,Nouns,Suit,SSL400\Dataset - Original\Nouns\Suit\Suit_013.MOV
186,Nouns,Suit,SSL400\Dataset - Original\Nouns\Suit\Suit_005.MOV
149,Nouns,Key,SSL400\Dataset - Original\Nouns\Key\Key_008.MP4
89,Days,Wednesday,SSL400\Dataset - Original\Days\Wednesday\Wednesday_012.MP4
173,Nouns,Radio,SSL400\Dataset - Original\Nouns\Radio\Radio_005.MOV
281,Preposition,Until,SSL400\Dataset - Original\Preposition\Until\Until_001.mp4
168,Nouns,Pencil,SSL400\Dataset - Original\Nouns\Pencil\Pencil_009.MP4
6,Adjectives,Different,SSL400\Dataset - Original\Adjectives\Different\Different_005.mp4
164,Nouns,Paint,SSL400\Dataset - Original\Nouns\Paint\Paint_020.MP4
95,Greetings,Hello,SSL400\Dataset - Original\Greetings\Hello\Hello_087.mp4
189,Nouns,Team,SSL400\Dataset - Original\Nouns\Team\Team_006.mp4
95,Greetings,Hello,SSL400\Dataset - Original\Greetings\Hello\Hello_032.mp4
156,Nouns,Money,SSL400\Dataset - Original\Nouns\Money\Money_002.mp4
55,Colors,Black,SSL400\Dataset - Original\Colors\Black\Black_004.mp4
61,Colors,Green,SSL400\Dataset - Original\Colors\Green\Green_014.mp4
142,Nouns,Health,SSL400\Dataset - Original\Nouns\Health\Health_005.mp4
68,Colors,Yellow,SSL400\Dataset - Original\Colors\Yellow\Yellow_048.mp4
78,Days,Monday,SSL400\Dataset - Original\Days\Monday\Monday_014.mp4
347,Verbs,Play,SSL400\Dataset - Original\Verbs\Play\Play_002.mp4
61,Colors,Green,SSL400\Dataset - Original\Colors\Green\Green_025.mp4
329,Verbs,Hit,SSL400\Dataset - Original\Verbs\Hit\Hit_003.mp4
86,Days,Today,SSL400\Dataset - Original\Days\Today\Today_017.mp4
164,Nouns,Paint,SSL400\Dataset - Original\Nouns\Paint\Paint_008.MOV
95,Greetings,Hello,SSL400\Dataset - Original\Greetings\Hello\Hello_037.mp4
57,Colors,Brown,SSL400\Dataset - Original\Colors\Brown\Brown_002.mp4
111,Months,September,SSL400\Dataset - Original\Months\September\September_004.mov
206,Numbers,15. fifteen,SSL400\Dataset - Original\Numbers\15. fifteen\15. fifteen_001.mov
125,Nouns,Clothing,SSL400\Dataset - Original\Nouns\Clothing\Clothing_007.MOV
213,Numbers,3. three,SSL400\Dataset - Original\Numbers\3. three\3. three_004.mov
305,Verbs,Cook,SSL400\Dataset - Original\Verbs\Cook\Cook_012.mp4
69,Conjunctions,Or,SSL400\Dataset - Original\Conjunctions\Or\Or_004.mp4
202,Numbers,11. eleven,SSL400\Dataset - Original\Numbers\11. eleven\11. eleven_002.mov
318,Verbs,Exchange,SSL400\Dataset - Original\Verbs\Exchange\Exchange_007.mp4
170,Nouns,Pocket,SSL400\Dataset - Original\Nouns\Pocket\Pocket_014.MOV
328,Verbs,Help,SSL400\Dataset - Original\Verbs\Help\Help_003.mp4
177,Nouns,Shirt,SSL400\Dataset - Original\Nouns\Shirt\Shirt_019.MOV
198,Nouns,Window,SSL400\Dataset - Original\Nouns\Window\Window_001.MOV
97,Greetings,Thank you,SSL400\Dataset - Original\Greetings\Thank you\Thank you_026.mp4
97,Greetings,Thank you,SSL400\Dataset - Original\Greetings\Thank you\Thank you_030.MOV
165,Nouns,Part,SSL400\Dataset - Original\Nouns\Part\Part_004.mp4
320,Verbs,Fight,SSL400\Dataset - Original\Verbs\Fight\Fight_022.mp4
342,Verbs,Meet,SSL400\Dataset - Original\Verbs\Meet\Meet_031.mp4
61,Colors,Green,SSL400\Dataset - Original\Colors\Green\Green_024.mp4
171,Nouns,Point,SSL400\Dataset - Original\Nouns\Point\Point_011.mp4
25,Adjectives,Old,SSL400\Dataset - Original\Adjectives\Old\Old_007.mp4
301,Verbs,Choose,SSL400\Dataset - Original\Verbs\Choose\Choose_001.mp4
155,Nouns,Mind,SSL400\Dataset - Original\Nouns\Mind\Mind_005.mp4
131,Nouns,Elephant,SSL400\Dataset - Original\Nouns\Elephant\Elephant_011.mp4
77,Days,Hour,SSL400\Dataset - Original\Days\Hour\Hour_032.MOV
77,Days,Hour,SSL400\Dataset - Original\Days\Hour\Hour_003.mp4
4,Adjectives,Deaf,SSL400\Dataset - Original\Adjectives\Deaf\Deaf_004.mp4
146,Nouns,I,SSL400\Dataset - Original\Nouns\I\I_010.mov
307,Verbs,Cough,SSL400\Dataset - Original\Verbs\Cough\Cough_009.mp4
184,Nouns,Street,SSL400\Dataset - Original\Nouns\Street\Street_002.mp4
328,Verbs,Help,SSL400\Dataset - Original\Verbs\Help\Help_017.mp4
30,Adjectives,Rich,SSL400\Dataset - Original\Adjectives\Rich\Rich_008.mp4
146,Nouns,I,SSL400\Dataset - Original\Nouns\I\I_037.MOV
348,Verbs,Pull,SSL400\Dataset - Original\Verbs\Pull\Pull_003.mp4
125,Nouns,Clothing,SSL400\Dataset - Original\Nouns\Clothing\Clothing_017.MOV
93,Greetings,Alright,SSL400\Dataset - Original\Greetings\Alright\Alright_008.MOV
41,Adverb,Again,SSL400\Dataset - Original\Adverb\Again\Again_022.mp4
232,People,Doctor,SSL400\Dataset - Original\People\Doctor\Doctor_015.mp4
87,Days,Tomorrow,SSL400\Dataset - Original\Days\Tomorrow\Tomorrow_004.MOV
50,Adverb,Never,SSL400\Dataset - Original\Adverb\Never\Never_004.mp4
103,Months,January,SSL400\Dataset - Original\Months\January\January_012.mp4
299,Verbs,Carry,SSL400\Dataset - Original\Verbs\Carry\Carry_001.mov
152,Nouns,Lock,SSL400\Dataset - Original\Nouns\Lock\Lock_001.MOV
359,Verbs,Sleep,SSL400\Dataset - Original\Verbs\Sleep\Sleep_021.mp4
102,Months,February,SSL400\Dataset - Original\Months\February\February_008.mov
150,Nouns,Laptop,SSL400\Dataset - Original\Nouns\Laptop\Laptop_009.MOV
10,Adjectives,Fat,SSL400\Dataset - Original\Adjectives\Fat\Fat_001.mp4
268,Places,Shop,SSL400\Dataset - Original\Places\Shop\Shop_021.MOV
276,Preposition,On,SSL400\Dataset - Original\Preposition\On\On_005.mp4
97,Greetings,Thank you,SSL400\Dataset - Original\Greetings\Thank you\Thank you_053.mp4
200,Numbers,1. one,SSL400\Dataset - Original\Numbers\1. one\1. one_017.mov
338,Verbs,Listen,SSL400\Dataset - Original\Verbs\Listen\Listen_005.mov
110,Months,October,SSL400\Dataset - Original\Months\October\October_006.mov
324,Verbs,Go,SSL400\Dataset - Original\Verbs\Go\Go_005.mp4
261,Places,Church,SSL400\Dataset - Original\Places\Church\Church_002.mov
328,Verbs,Help,SSL400\Dataset - Original\Verbs\Help\Help_025.mov
0,Adjectives,Bad,SSL400\Dataset - Original\Adjectives\Bad\Bad_002.mov
42,Adverb,Also,SSL400\Dataset - Original\Adverb\Also\Also_003.mp4
86,Days,Today,SSL400\Dataset - Original\Days\Today\Today_032.MP4
356,Verbs,Sell,SSL400\Dataset - Original\Verbs\Sell\Sell_013.mp4
70,Days,Day,SSL400\Dataset - Original\Days\Day\Day_009.mp4
44,Adverb,Cant,SSL400\Dataset - Original\Adverb\Cant\Cant_003.mov
327,Verbs,Hear,SSL400\Dataset - Original\Verbs\Hear\Hear_007.mp4
43,Adverb,Can,SSL400\Dataset - Original\Adverb\Can\Can_009.mov
97,Greetings,Thank you,SSL400\Dataset - Original\Greetings\Thank you\Thank you_043.MOV
315,Verbs,Eat,SSL400\Dataset - Original\Verbs\Eat\Eat_019.mp4
264,Places,Location,SSL400\Dataset - Original\Places\Location\Location_004.MOV
280,Preposition,To,SSL400\Dataset - Original\Preposition\To\To_003.mp4
284,Vehicles,Boat,SSL400\Dataset - Original\Vehicles\Boat\Boat_017.MOV
264,Places,Location,SSL400\Dataset - Original\Places\Location\Location_009.MOV
95,Greetings,Hello,SSL400\Dataset - Original\Greetings\Hello\Hello_014.mp4
40,Adjectives,Wrong,SSL400\Dataset - Original\Adjectives\Wrong\Wrong_005.mp4
16,Adjectives,Healthy,SSL400\Dataset - Original\Adjectives\Healthy\Healthy_021.MOV
315,Verbs,Eat,SSL400\Dataset - Original\Verbs\Eat\Eat_032.mov
314,Verbs,Drink,SSL400\Dataset - Original\Verbs\Drink\Drink_042.mov
223,Numbers,Equal,SSL400\Dataset - Original\Numbers\Equal\Equal_007.mp4
70,Days,Day,SSL400\Dataset - Original\Days\Day\Day_014.mp4
354,Verbs,See,SSL400\Dataset - Original\Verbs\See\See_012.mp4
224,Numbers,Multiplication,SSL400\Dataset - Original\Numbers\Multiplication\Multiplication_003.mov
254,People,Us,SSL400\Dataset - Original\People\Us\Us_016.mp4
65,Colors,Purple,SSL400\Dataset - Original\Colors\Purple\Purple_019.mp4
86,Days,Today,SSL400\Dataset - Original\Days\Today\Today_035.mov
150,Nouns,Laptop,SSL400\Dataset - Original\Nouns\Laptop\Laptop_005.MOV
314,Verbs,Drink,SSL400\Dataset - Original\Verbs\Drink\Drink_001.mp4
354,Verbs,See,SSL400\Dataset - Original\Verbs\See\See_028.mov
356,Verbs,Sell,SSL400\Dataset - Original\Verbs\Sell\Sell_019.mp4
321,Verbs,Follow,SSL400\Dataset - Original\Verbs\Follow\Follow_001.mp4
102,Months,February,SSL400\Dataset - Original\Months\February\February_003.mov
65,Colors,Purple,SSL400\Dataset - Original\Colors\Purple\Purple_002.mp4
114,Nouns,Bag,SSL400\Dataset - Original\Nouns\Bag\Bag_003.MOV
268,Places,Shop,SSL400\Dataset - Original\Places\Shop\Shop_008.MOV
236,People,Family,SSL400\Dataset - Original\People\Family\Family_004.mov
93,Greetings,Alright,SSL400\Dataset - Original\Greetings\Alright\Alright_009.MOV
146,Nouns,I,SSL400\Dataset - Original\Nouns\I\I_014.mov
183,Nouns,Squirrel,SSL400\Dataset - Original\Nouns\Squirrel\Squirrel_013.mp4
318,Verbs,Exchange,SSL400\Dataset - Original\Verbs\Exchange\Exchange_006.mp4
177,Nouns,Shirt,SSL400\Dataset - Original\Nouns\Shirt\Shirt_009.MOV
183,Nouns,Squirrel,SSL400\Dataset - Original\Nouns\Squirrel\Squirrel_001.mp4
44,Adverb,Cant,SSL400\Dataset - Original\Adverb\Cant\Cant_001.mov
356,Verbs,Sell,SSL400\Dataset - Original\Verbs\Sell\Sell_012.mp4
275,Preposition,Near,SSL400\Dataset - Original\Preposition\Near\Near_008.mp4
323,Verbs,Give,SSL400\Dataset - Original\Verbs\Give\Give_006.mp4
198,Nouns,Window,SSL400\Dataset - Original\Nouns\Window\Window_010.MP4
305,Verbs,Cook,SSL400\Dataset - Original\Verbs\Cook\Cook_006.mp4
254,People,Us,SSL400\Dataset - Original\People\Us\Us_011.mp4
139,Nouns,Gun,SSL400\Dataset - Original\Nouns\Gun\Gun_006.MOV
95,Greetings,Hello,SSL400\Dataset - Original\Greetings\Hello\Hello_073.mp4
177,Nouns,Shirt,SSL400\Dataset - Original\Nouns\Shirt\Shirt_006.MOV
288,Vehicles,Plane,SSL400\Dataset - Original\Vehicles\Plane\Plane_022.MOV
190,Nouns,Technology,SSL400\Dataset - Original\Nouns\Technology\Technology_003.mp4
30,Adjectives,Rich,SSL400\Dataset - Original\Adjectives\Rich\Rich_007.mp4
288,Vehicles,Plane,SSL400\Dataset - Original\Vehicles\Plane\Plane_023.MOV
69,Conjunctions,Or,SSL400\Dataset - Original\Conjunctions\Or\Or_001.mp4
278,Preposition,Over,SSL400\Dataset - Original\Preposition\Over\Over_005.mp4
211,Numbers,2. two,SSL400\Dataset - Original\Numbers\2. two\2. two_023.mov
132,Nouns,Eye,SSL400\Dataset - Original\Nouns\Eye\Eye_004.mp4
209,Numbers,18. eighteen,SSL400\Dataset - Original\Numbers\18. eighteen\18. eighteen_001.mov
199,Nouns,You,SSL400\Dataset - Original\Nouns\You\You_029.MOV
210,Numbers,19. nineteen,SSL400\Dataset - Original\Numbers\19. nineteen\19. nineteen_003.mov
41,Adverb,Again,SSL400\Dataset - Original\Adverb\Again\Again_007.mp4
303,Verbs,Come,SSL400\Dataset - Original\Verbs\Come\Come_032.mov
156,Nouns,Money,SSL400\Dataset - Original\Nouns\Money\Money_028.MOV
8,Adjectives,Double,SSL400\Dataset - Original\Adjectives\Double\Double_001.mp4
367,Verbs,Teach,SSL400\Dataset - Original\Verbs\Teach\Teach_005.mp4
156,Nouns,Money,SSL400\Dataset - Original\Nouns\Money\Money_030.MOV
347,Verbs,Play,SSL400\Dataset - Original\Verbs\Play\Play_016.mp4
372,Verbs,Throw,SSL400\Dataset - Original\Verbs\Throw\Throw_002.mov
198,Nouns,Window,SSL400\Dataset - Original\Nouns\Window\Window_005.MOV
253,People,Uncle,SSL400\Dataset - Original\People\Uncle\Uncle_005.mov
254,People,Us,SSL400\Dataset - Original\People\Us\Us_005.mp4
97,Greetings,Thank you,SSL400\Dataset - Original\Greetings\Thank you\Thank you_009.mp4
243,People,Man,SSL400\Dataset - Original\People\Man\Man_026.MOV
310,Verbs,Cut,SSL400\Dataset - Original\Verbs\Cut\Cut_002.mp4
21,Adjectives,Low,SSL400\Dataset - Original\Adjectives\Low\Low_007.MOV
29,Adjectives,Quick,SSL400\Dataset - Original\Adjectives\Quick\Quick_007.mp4
10,Adjectives,Fat,SSL400\Dataset - Original\Adjectives\Fat\Fat_007.mp4
268,Places,Shop,SSL400\Dataset - Original\Places\Shop\Shop_006.MOV
378,Verbs,Want,SSL400\Dataset - Original\Verbs\Want\Want_011.mp4
314,Verbs,Drink,SSL400\Dataset - Original\Verbs\Drink\Drink_023.mp4
323,Verbs,Give,SSL400\Dataset - Original\Verbs\Give\Give_009.mp4
199,Nouns,You,SSL400\Dataset - Original\Nouns\You\You_028.MOV
66,Colors,Red,SSL400\Dataset - Original\Colors\Red\Red_025.mov
117,Nouns,Camera,SSL400\Dataset - Original\Nouns\Camera\Camera_011.MOV
242,People,Lady,SSL400\Dataset - Original\People\Lady\Lady_003.mov
43,Adverb,Can,SSL400\Dataset - Original\Adverb\Can\Can_006.mov
284,Vehicles,Boat,SSL400\Dataset - Original\Vehicles\Boat\Boat_010.MOV
230,People,Child,SSL400\Dataset - Original\People\Child\Child_021.MOV
111,Months,September,SSL400\Dataset - Original\Months\September\September_003.mov
156,Nouns,Money,SSL400\Dataset - Original\Nouns\Money\Money_008.mp4
141,Nouns,He,SSL400\Dataset - Original\Nouns\He\He_016.MOV
183,Nouns,Squirrel,SSL400\Dataset - Original\Nouns\Squirrel\Squirrel_017.mp4
192,Nouns,They,SSL400\Dataset - Original\Nouns\They\They_003.mp4
62,Colors,Grey,SSL400\Dataset - Original\Colors\Grey\Grey_002.mov
375,Verbs,Use,SSL400\Dataset - Original\Verbs\Use\Use_001.mp4
230,People,Child,SSL400\Dataset - Original\People\Child\Child_024.MOV
13,Adjectives,Good,SSL400\Dataset - Original\Adjectives\Good\Good_039.mp4
200,Numbers,1. one,SSL400\Dataset - Original\Numbers\1. one\1. one_016.mov
199,Nouns,You,SSL400\Dataset - Original\Nouns\You\You_041.mov
382,Verbs,Write,SSL400\Dataset - Original\Verbs\Write\Write_007.mp4
276,Preposition,On,SSL400\Dataset - Original\Preposition\On\On_004.mp4
120,Nouns,Ceiling fan,SSL400\Dataset - Original\Nouns\Ceiling fan\Ceiling fan_013.MOV
325,Verbs,Guide,SSL400\Dataset - Original\Verbs\Guide\Guide_003.mp4
238,People,Grand father,SSL400\Dataset - Original\People\Grand father\Grand father_015.mp4
106,Months,March,SSL400\Dataset - Original\Months\March\March_007.mov
13,Adjectives,Good,SSL400\Dataset - Original\Adjectives\Good\Good_038.mp4
119,Nouns,Cat,SSL400\Dataset - Original\Nouns\Cat\Cat_006.mp4
86,Days,Today,SSL400\Dataset - Original\Days\Today\Today_008.mp4
275,Preposition,Near,SSL400\Dataset - Original\Preposition\Near\Near_005.mp4
68,Colors,Yellow,SSL400\Dataset - Original\Colors\Yellow\Yellow_009.mp4
245,People,Player,SSL400\Dataset - Original\People\Player\Player_019.MOV
64,Colors,Pink,SSL400\Dataset - Original\Colors\Pink\Pink_003.mp4
293,Verbs,Allow,SSL400\Dataset - Original\Verbs\Allow\Allow_006.mp4
86,Days,Today,SSL400\Dataset - Original\Days\Today\Today_006.mp4
244,People,Mother,SSL400\Dataset - Original\People\Mother\Mother_023.mov
342,Verbs,Meet,SSL400\Dataset - Original\Verbs\Meet\Meet_029.mp4
230,People,Child,SSL400\Dataset - Original\People\Child\Child_006.mp4
95,Greetings,Hello,SSL400\Dataset - Original\Greetings\Hello\Hello_097.mp4
307,Verbs,Cough,SSL400\Dataset - Original\Verbs\Cough\Cough_008.mp4
121,Nouns,Cell phone,SSL400\Dataset - Original\Nouns\Cell phone\Cell phone_003.MOV
270,Places,Train station,SSL400\Dataset - Original\Places\Train station\Train station_002.mov
369,Verbs,Tell,SSL400\Dataset - Original\Verbs\Tell\Tell_018.mp4
67,Colors,White,SSL400\Dataset - Original\Colors\White\White_048.mp4
310,Verbs,Cut,SSL400\Dataset - Original\Verbs\Cut\Cut_021.mp4
78,Days,Monday,SSL400\Dataset - Original\Days\Monday\Monday_019.mp4
319,Verbs,Feel,SSL400\Dataset - Original\Verbs\Feel\Feel_001.mp4
232,People,Doctor,SSL400\Dataset - Original\People\Doctor\Doctor_012.mp4
125,Nouns,Clothing,SSL400\Dataset - Original\Nouns\Clothing\Clothing_011.MOV
268,Places,Shop,SSL400\Dataset - Original\Places\Shop\Shop_009.MOV
379,Verbs,Wash,SSL400\Dataset - Original\Verbs\Wash\Wash_002.mp4
88,Days,Tuesday,SSL400\Dataset - Original\Days\Tuesday\Tuesday_005.mov
86,Days,Today,SSL400\Dataset - Original\Days\Today\Today_007.mp4
150,Nouns,Laptop,SSL400\Dataset - Original\Nouns\Laptop\Laptop_013.MP4
156,Nouns,Money,SSL400\Dataset - Original\Nouns\Money\Money_007.mp4
315,Verbs,Eat,SSL400\Dataset - Original\Verbs\Eat\Eat_005.mp4
382,Verbs,Write,SSL400\Dataset - Original\Verbs\Write\Write_022.mp4
251,People,Son,SSL400\Dataset - Original\People\Son\Son_005.MOV
302,Verbs,Click,SSL400\Dataset - Original\Verbs\Click\Click_001.mp4
347,Verbs,Play,SSL400\Dataset - Original\Verbs\Play\Play_001.mp4
256,People,Younger bro,SSL400\Dataset - Original\People\Younger bro\Younger bro_017.mp4
9,Adjectives,Fast,SSL400\Dataset - Original\Adjectives\Fast\Fast_013.MOV
67,Colors,White,SSL400\Dataset - Original\Colors\White\White_035.MOV
9,Adjectives,Fast,SSL400\Dataset - Original\Adjectives\Fast\Fast_010.MOV
367,Verbs,Teach,SSL400\Dataset - Original\Verbs\Teach\Teach_017.mp4
31,Adjectives,Same,SSL400\Dataset - Original\Adjectives\Same\Same_006.mp4
85,Days,Time,SSL400\Dataset - Original\Days\Time\Time_020.MP4
307,Verbs,Cough,SSL400\Dataset - Original\Verbs\Cough\Cough_016.mp4
369,Verbs,Tell,SSL400\Dataset - Original\Verbs\Tell\Tell_024.mp4
268,Places,Shop,SSL400\Dataset - Original\Places\Shop\Shop_019.MOV
312,Verbs,Done,SSL400\Dataset - Original\Verbs\Done\Done_002.mp4
342,Verbs,Meet,SSL400\Dataset - Original\Verbs\Meet\Meet_033.mp4
119,Nouns,Cat,SSL400\Dataset - Original\Nouns\Cat\Cat_024.mp4
120,Nouns,Ceiling fan,SSL400\Dataset - Original\Nouns\Ceiling fan\Ceiling fan_011.MOV
292,Vehicles,Vehicle,SSL400\Dataset - Original\Vehicles\Vehicle\Vehicle_005.mp4
97,Greetings,Thank you,SSL400\Dataset - Original\Greetings\Thank you\Thank you_061.mp4
377,Verbs,Walk,SSL400\Dataset - Original\Verbs\Walk\Walk_020.mp4
211,Numbers,2. two,SSL400\Dataset - Original\Numbers\2. two\2. two_018.mov
11,Adjectives,Free,SSL400\Dataset - Original\Adjectives\Free\Free_001.mp4
97,Greetings,Thank you,SSL400\Dataset - Original\Greetings\Thank you\Thank you_016.mp4
97,Greetings,Thank you,SSL400\Dataset - Original\Greetings\Thank you\Thank you_072.mp4
41,Adverb,Again,SSL400\Dataset - Original\Adverb\Again\Again_015.mp4
168,Nouns,Pencil,SSL400\Dataset - Original\Nouns\Pencil\Pencil_005.MOV
142,Nouns,Health,SSL400\Dataset - Original\Nouns\Health\Health_006.mp4
85,Days,Time,SSL400\Dataset - Original\Days\Time\Time_023.MP4
171,Nouns,Point,SSL400\Dataset - Original\Nouns\Point\Point_003.mp4
77,Days,Hour,SSL400\Dataset - Original\Days\Hour\Hour_016.mp4
70,Days,Day,SSL400\Dataset - Original\Days\Day\Day_004.mp4
159,Nouns,My,SSL400\Dataset - Original\Nouns\My\My_002.mp4
244,People,Mother,SSL400\Dataset - Original\People\Mother\Mother_028.mov
5,Adjectives,Deep,SSL400\Dataset - Original\Adjectives\Deep\Deep_011.MOV
161,Nouns,,SSL400\Dataset - Original\Nouns\None\None_002.mp4
315,Verbs,Eat,SSL400\Dataset - Original\Verbs\Eat\Eat_025.mp4
314,Verbs,Drink,SSL400\Dataset - Original\Verbs\Drink\Drink_005.mp4
95,Greetings,Hello,SSL400\Dataset - Original\Greetings\Hello\Hello_035.mp4
41,Adverb,Again,SSL400\Dataset - Original\Adverb\Again\Again_002.mp4
325,Verbs,Guide,SSL400\Dataset - Original\Verbs\Guide\Guide_002.mp4
180,Nouns,Skirt,SSL400\Dataset - Original\Nouns\Skirt\Skirt_008.MOV
232,People,Doctor,SSL400\Dataset - Original\People\Doctor\Doctor_007.mp4
19,Adjectives,Less,SSL400\Dataset - Original\Adjectives\Less\Less_003.mp4
190,Nouns,Technology,SSL400\Dataset - Original\Nouns\Technology\Technology_006.mp4
243,People,Man,SSL400\Dataset - Original\People\Man\Man_037.MOV
114,Nouns,Bag,SSL400\Dataset - Original\Nouns\Bag\Bag_012.MP4
97,Greetings,Thank you,SSL400\Dataset - Original\Greetings\Thank you\Thank you_022.mp4
41,Adverb,Again,SSL400\Dataset - Original\Adverb\Again\Again_019.mp4
85,Days,Time,SSL400\Dataset - Original\Days\Time\Time_017.MOV
199,Nouns,You,SSL400\Dataset - Original\Nouns\You\You_010.MOV
66,Colors,Red,SSL400\Dataset - Original\Colors\Red\Red_003.mp4
29,Adjectives,Quick,SSL400\Dataset - Original\Adjectives\Quick\Quick_002.mp4
1,Adjectives,Beautiful,SSL400\Dataset - Original\Adjectives\Beautiful\Beautiful_006.mp4
330,Verbs,How,SSL400\Dataset - Original\Verbs\How\How_001.mov
382,Verbs,Write,SSL400\Dataset - Original\Verbs\Write\Write_035.mov
86,Days,Today,SSL400\Dataset - Original\Days\Today\Today_003.mp4
347,Verbs,Play,SSL400\Dataset - Original\Verbs\Play\Play_013.mp4
118,Nouns,Card,SSL400\Dataset - Original\Nouns\Card\Card_003.mp4
201,Numbers,10. ten,SSL400\Dataset - Original\Numbers\10. ten\10. ten_001.mov
254,People,Us,SSL400\Dataset - Original\People\Us\Us_020.mp4
171,Nouns,Point,SSL400\Dataset - Original\Nouns\Point\Point_007.mp4
13,Adjectives,Good,SSL400\Dataset - Original\Adjectives\Good\Good_020.mp4
364,Verbs,Swim,SSL400\Dataset - Original\Verbs\Swim\Swim_003.mp4
309,Verbs,Cry,SSL400\Dataset - Original\Verbs\Cry\Cry_020.mp4
119,Nouns,Cat,SSL400\Dataset - Original\Nouns\Cat\Cat_007.mp4
97,Greetings,Thank you,SSL400\Dataset - Original\Greetings\Thank you\Thank you_103.mp4
382,Verbs,Write,SSL400\Dataset - Original\Verbs\Write\Write_026.mp4
146,Nouns,I,SSL400\Dataset - Original\Nouns\I\I_021.mov
343,Verbs,Now,SSL400\Dataset - Original\Verbs\Now\Now_001.mov
9,Adjectives,Fast,SSL400\Dataset - Original\Adjectives\Fast\Fast_005.MOV
294,Verbs,Bathe,SSL400\Dataset - Original\Verbs\Bathe\Bathe_002.mov
97,Greetings,Thank you,SSL400\Dataset - Original\Greetings\Thank you\Thank you_013.mp4
13,Adjectives,Good,SSL400\Dataset - Original\Adjectives\Good\Good_031.mp4
31,Adjectives,Same,SSL400\Dataset - Original\Adjectives\Same\Same_001.mp4
320,Verbs,Fight,SSL400\Dataset - Original\Verbs\Fight\Fight_020.mp4
361,Verbs,Stop,SSL400\Dataset - Original\Verbs\Stop\Stop_001.mp4
307,Verbs,Cough,SSL400\Dataset - Original\Verbs\Cough\Cough_019.mp4
251,People,Son,SSL400\Dataset - Original\People\Son\Son_023.mov
272,Preposition,Around,SSL400\Dataset - Original\Preposition\Around\Around_004.mp4
68,Colors,Yellow,SSL400\Dataset - Original\Colors\Yellow\Yellow_017.mp4
6,Adjectives,Different,SSL400\Dataset - Original\Adjectives\Different\Different_002.mp4
191,Nouns,Telephone,SSL400\Dataset - Original\Nouns\Telephone\Telephone_014.MP4
10,Adjectives,Fat,SSL400\Dataset - Original\Adjectives\Fat\Fat_004.mp4
164,Nouns,Paint,SSL400\Dataset - Original\Nouns\Paint\Paint_005.mp4
273,Preposition,In,SSL400\Dataset - Original\Preposition\In\In_003.mp4
253,People,Uncle,SSL400\Dataset - Original\People\Uncle\Uncle_006.mov
254,People,Us,SSL400\Dataset - Original\People\Us\Us_022.mov
95,Greetings,Hello,SSL400\Dataset - Original\Greetings\Hello\Hello_086.mp4
146,Nouns,I,SSL400\Dataset - Original\Nouns\I\I_034.mp4
13,Adjectives,Good,SSL400\Dataset - Original\Adjectives\Good\Good_032.mp4
326,Verbs,Hang,SSL400\Dataset - Original\Verbs\Hang\Hang_002.mov
66,Colors,Red,SSL400\Dataset - Original\Colors\Red\Red_018.mp4
95,Greetings,Hello,SSL400\Dataset - Original\Greetings\Hello\Hello_001.mp4
97,Greetings,Thank you,SSL400\Dataset - Original\Greetings\Thank you\Thank you_105.mp4
146,Nouns,I,SSL400\Dataset - Original\Nouns\I\I_002.mp4
77,Days,Hour,SSL400\Dataset - Original\Days\Hour\Hour_005.mp4
300,Verbs,Change,SSL400\Dataset - Original\Verbs\Change\Change_006.mp4
73,Days,Friday,SSL400\Dataset - Original\Days\Friday\Friday_007.mov
97,Greetings,Thank you,SSL400\Dataset - Original\Greetings\Thank you\Thank you_067.mp4
96,Greetings,How are you,SSL400\Dataset - Original\Greetings\How are you\How are you_002.mov
170,Nouns,Pocket,SSL400\Dataset - Original\Nouns\Pocket\Pocket_011.MOV
40,Adjectives,Wrong,SSL400\Dataset - Original\Adjectives\Wrong\Wrong_004.mp4
234,People,Elder sister,SSL400\Dataset - Original\People\Elder sister\Elder sister_011.mp4
355,Verbs,Select,SSL400\Dataset - Original\Verbs\Select\Select_003.mov
243,People,Man,SSL400\Dataset - Original\People\Man\Man_036.MOV
94,Greetings,Ayubowan,SSL400\Dataset - Original\Greetings\Ayubowan\Ayubowan_001.mov
67,Colors,White,SSL400\Dataset - Original\Colors\White\White_045.mov
358,Verbs,Sit,SSL400\Dataset - Original\Verbs\Sit\Sit_001.mov
90,Days,Week,SSL400\Dataset - Original\Days\Week\Week_001.mov
78,Days,Monday,SSL400\Dataset - Original\Days\Monday\Monday_010.mp4
328,Verbs,Help,SSL400\Dataset - Original\Verbs\Help\Help_028.mov
328,Verbs,Help,SSL400\Dataset - Original\Verbs\Help\Help_010.mp4
271,Preposition,After,SSL400\Dataset - Original\Preposition\After\After_002.mp4
219,Numbers,9. nine,SSL400\Dataset - Original\Numbers\9. nine\9. nine_001.mov
377,Verbs,Walk,SSL400\Dataset - Original\Verbs\Walk\Walk_019.mp4
78,Days,Monday,SSL400\Dataset - Original\Days\Monday\Monday_018.mp4
41,Adverb,Again,SSL400\Dataset - Original\Adverb\Again\Again_001.mp4
335,Verbs,Lead,SSL400\Dataset - Original\Verbs\Lead\Lead_003.mp4
208,Numbers,17. seventeen,SSL400\Dataset - Original\Numbers\17. seventeen\17. seventeen_001.mov
34,Adjectives,Soft,SSL400\Dataset - Original\Adjectives\Soft\Soft_006.MOV
86,Days,Today,SSL400\Dataset - Original\Days\Today\Today_009.mp4
354,Verbs,See,SSL400\Dataset - Original\Verbs\See\See_009.mp4
164,Nouns,Paint,SSL400\Dataset - Original\Nouns\Paint\Paint_001.mp4
187,Nouns,Table,SSL400\Dataset - Original\Nouns\Table\Table_005.MOV
303,Verbs,Come,SSL400\Dataset - Original\Verbs\Come\Come_002.mp4
225,Numbers,Subtraction,SSL400\Dataset - Original\Numbers\Subtraction\Subtraction_003.mov
250,People,Sister in law,SSL400\Dataset - Original\People\Sister in law\Sister in law_001.mov
306,Verbs,Copy,SSL400\Dataset - Original\Verbs\Copy\Copy_006.mp4
141,Nouns,He,SSL400\Dataset - Original\Nouns\He\He_021.MOV
377,Verbs,Walk,SSL400\Dataset - Original\Verbs\Walk\Walk_013.mp4
240,People,Grand son,SSL400\Dataset - Original\People\Grand son\Grand son_002.mov
109,Months,November,SSL400\Dataset - Original\Months\November\November_006.mp4
5,Adjectives,Deep,SSL400\Dataset - Original\Adjectives\Deep\Deep_014.MOV
20,Adjectives,Loose,SSL400\Dataset - Original\Adjectives\Loose\Loose_004.MOV
40,Adjectives,Wrong,SSL400\Dataset - Original\Adjectives\Wrong\Wrong_003.mp4
214,Numbers,4. four,SSL400\Dataset - Original\Numbers\4. four\4. four_009.mov
310,Verbs,Cut,SSL400\Dataset - Original\Verbs\Cut\Cut_026.mp4
40,Adjectives,Wrong,SSL400\Dataset - Original\Adjectives\Wrong\Wrong_019.mp4
7,Adjectives,Difficult,SSL400\Dataset - Original\Adjectives\Difficult\Difficult_002.mov
169,Nouns,Phone,SSL400\Dataset - Original\Nouns\Phone\Phone_002.mp4
95,Greetings,Hello,SSL400\Dataset - Original\Greetings\Hello\Hello_019.mp4
243,People,Man,SSL400\Dataset - Original\People\Man\Man_027.MOV
359,Verbs,Sleep,SSL400\Dataset - Original\Verbs\Sleep\Sleep_006.mp4
251,People,Son,SSL400\Dataset - Original\People\Son\Son_026.mov
177,Nouns,Shirt,SSL400\Dataset - Original\Nouns\Shirt\Shirt_003.MOV
244,People,Mother,SSL400\Dataset - Original\People\Mother\Mother_014.mp4
244,People,Mother,SSL400\Dataset - Original\People\Mother\Mother_006.mp4
13,Adjectives,Good,SSL400\Dataset - Original\Adjectives\Good\Good_066.mp4
95,Greetings,Hello,SSL400\Dataset - Original\Greetings\Hello\Hello_067.mp4
315,Verbs,Eat,SSL400\Dataset - Original\Verbs\Eat\Eat_040.mp4
4,Adjectives,Deaf,SSL400\Dataset - Original\Adjectives\Deaf\Deaf_016.MOV
186,Nouns,Suit,SSL400\Dataset - Original\Nouns\Suit\Suit_010.MOV
335,Verbs,Lead,SSL400\Dataset - Original\Verbs\Lead\Lead_004.mp4
15,Adjectives,Hard,SSL400\Dataset - Original\Adjectives\Hard\Hard_002.mp4
264,Places,Location,SSL400\Dataset - Original\Places\Location\Location_021.MOV
55,Colors,Black,SSL400\Dataset - Original\Colors\Black\Black_002.mp4
238,People,Grand father,SSL400\Dataset - Original\People\Grand father\Grand father_010.mp4
97,Greetings,Thank you,SSL400\Dataset - Original\Greetings\Thank you\Thank you_037.MOV
361,Verbs,Stop,SSL400\Dataset - Original\Verbs\Stop\Stop_004.mp4
103,Months,January,SSL400\Dataset - Original\Months\January\January_005.mp4
230,People,Child,SSL400\Dataset - Original\People\Child\Child_023.MOV
55,Colors,Black,SSL400\Dataset - Original\Colors\Black\Black_027.MOV
356,Verbs,Sell,SSL400\Dataset - Original\Verbs\Sell\Sell_026.mov
284,Vehicles,Boat,SSL400\Dataset - Original\Vehicles\Boat\Boat_014.MOV
156,Nouns,Money,SSL400\Dataset - Original\Nouns\Money\Money_014.mp4
215,Numbers,5. five,SSL400\Dataset - Original\Numbers\5. five\5. five_008.mov
174,Nouns,Ring,SSL400\Dataset - Original\Nouns\Ring\Ring_013.MOV
338,Verbs,Listen,SSL400\Dataset - Original\Verbs\Listen\Listen_003.mp4
164,Nouns,Paint,SSL400\Dataset - Original\Nouns\Paint\Paint_018.MP4
368,Verbs,Tear,SSL400\Dataset - Original\Verbs\Tear\Tear_002.mov
238,People,Grand father,SSL400\Dataset - Original\People\Grand father\Grand father_021.mov
90,Days,Week,SSL400\Dataset - Original\Days\Week\Week_004.mov
5,Adjectives,Deep,SSL400\Dataset - Original\Adjectives\Deep\Deep_001.mp4
55,Colors,Black,SSL400\Dataset - Original\Colors\Black\Black_016.MOV
97,Greetings,Thank you,SSL400\Dataset - Original\Greetings\Thank you\Thank you_049.MOV
329,Verbs,Hit,SSL400\Dataset - Original\Verbs\Hit\Hit_004.mp4
141,Nouns,He,SSL400\Dataset - Original\Nouns\He\He_005.MOV
16,Adjectives,Healthy,SSL400\Dataset - Original\Adjectives\Healthy\Healthy_017.MOV
243,People,Man,SSL400\Dataset - Original\People\Man\Man_009.mp4
105,Months,June,SSL400\Dataset - Original\Months\June\June_007.mov
85,Days,Time,SSL400\Dataset - Original\Days\Time\Time_003.mp4
4,Adjectives,Deaf,SSL400\Dataset - Original\Adjectives\Deaf\Deaf_018.MOV
150,Nouns,Laptop,SSL400\Dataset - Original\Nouns\Laptop\Laptop_002.MOV
128,Nouns,Crocodile,SSL400\Dataset - Original\Nouns\Crocodile\Crocodile_005.mp4
174,Nouns,Ring,SSL400\Dataset - Original\Nouns\Ring\Ring_003.mp4
367,Verbs,Teach,SSL400\Dataset - Original\Verbs\Teach\Teach_023.mp4
268,Places,Shop,SSL400\Dataset - Original\Places\Shop\Shop_017.MOV
139,Nouns,Gun,SSL400\Dataset - Original\Nouns\Gun\Gun_004.MOV
328,Verbs,Help,SSL400\Dataset - Original\Verbs\Help\Help_004.mp4
120,Nouns,Ceiling fan,SSL400\Dataset - Original\Nouns\Ceiling fan\Ceiling fan_015.MP4
281,Preposition,Until,SSL400\Dataset - Original\Preposition\Until\Until_004.mp4
40,Adjectives,Wrong,SSL400\Dataset - Original\Adjectives\Wrong\Wrong_011.mp4
315,Verbs,Eat,SSL400\Dataset - Original\Verbs\Eat\Eat_035.mp4
180,Nouns,Skirt,SSL400\Dataset - Original\Nouns\Skirt\Skirt_021.MP4
37,Adjectives,Tight,SSL400\Dataset - Original\Adjectives\Tight\Tight_004.MOV
314,Verbs,Drink,SSL400\Dataset - Original\Verbs\Drink\Drink_020.mp4
311,Verbs,Dance,SSL400\Dataset - Original\Verbs\Dance\Dance_003.mov
82,Days,Seconds,SSL400\Dataset - Original\Days\Seconds\Seconds_002.mov
97,Greetings,Thank you,SSL400\Dataset - Original\Greetings\Thank you\Thank you_044.MOV
354,Verbs,See,SSL400\Dataset - Original\Verbs\See\See_032.mov
234,People,Elder sister,SSL400\Dataset - Original\People\Elder sister\Elder sister_016.mp4
263,Places,House,SSL400\Dataset - Original\Places\House\House_049.mp4
214,Numbers,4. four,SSL400\Dataset - Original\Numbers\4. four\4. four_008.mov
263,Places,House,SSL400\Dataset - Original\Places\House\House_017.mp4
367,Verbs,Teach,SSL400\Dataset - Original\Verbs\Teach\Teach_011.mp4
324,Verbs,Go,SSL400\Dataset - Original\Verbs\Go\Go_025.mp4
284,Vehicles,Boat,SSL400\Dataset - Original\Vehicles\Boat\Boat_005.MOV
323,Verbs,Give,SSL400\Dataset - Original\Verbs\Give\Give_008.mp4
33,Adjectives,Small,SSL400\Dataset - Original\Adjectives\Small\Small_006.mp4
140,Nouns,Hat,SSL400\Dataset - Original\Nouns\Hat\Hat_020.MP4
306,Verbs,Copy,SSL400\Dataset - Original\Verbs\Copy\Copy_002.mp4
314,Verbs,Drink,SSL400\Dataset - Original\Verbs\Drink\Drink_003.mp4
238,People,Grand father,SSL400\Dataset - Original\People\Grand father\Grand father_007.mp4
63,Colors,Orange,SSL400\Dataset - Original\Colors\Orange\Orange_004.mov
31,Adjectives,Same,SSL400\Dataset - Original\Adjectives\Same\Same_007.mp4
68,Colors,Yellow,SSL400\Dataset - Original\Colors\Yellow\Yellow_025.MOV
267,Places,Road,SSL400\Dataset - Original\Places\Road\Road_006.MOV
12,Adjectives,Full,SSL400\Dataset - Original\Adjectives\Full\Full_011.mp4
369,Verbs,Tell,SSL400\Dataset - Original\Verbs\Tell\Tell_019.mp4
95,Greetings,Hello,SSL400\Dataset - Original\Greetings\Hello\Hello_028.mp4
255,People,Wife,SSL400\Dataset - Original\People\Wife\Wife_001.mov
76,Days,Good night,SSL400\Dataset - Original\Days\Good night\Good night_001.mov
167,Nouns,Peace,SSL400\Dataset - Original\Nouns\Peace\Peace_002.mp4
67,Colors,White,SSL400\Dataset - Original\Colors\White\White_042.MOV
243,People,Man,SSL400\Dataset - Original\People\Man\Man_006.mp4
232,People,Doctor,SSL400\Dataset - Original\People\Doctor\Doctor_014.mp4
138,Nouns,Group,SSL400\Dataset - Original\Nouns\Group\Group_004.mp4
103,Months,January,SSL400\Dataset - Original\Months\January\January_018.mp4
312,Verbs,Done,SSL400\Dataset - Original\Verbs\Done\Done_004.mp4
159,Nouns,My,SSL400\Dataset - Original\Nouns\My\My_010.mov
174,Nouns,Ring,SSL400\Dataset - Original\Nouns\Ring\Ring_006.mp4
55,Colors,Black,SSL400\Dataset - Original\Colors\Black\Black_001.mov
234,People,Elder sister,SSL400\Dataset - Original\People\Elder sister\Elder sister_022.mov
367,Verbs,Teach,SSL400\Dataset - Original\Verbs\Teach\Teach_016.mp4
61,Colors,Green,SSL400\Dataset - Original\Colors\Green\Green_018.mp4
134,Nouns,Face,SSL400\Dataset - Original\Nouns\Face\Face_008.mp4
13,Adjectives,Good,SSL400\Dataset - Original\Adjectives\Good\Good_023.mp4
110,Months,October,SSL400\Dataset - Original\Months\October\October_008.mov
263,Places,House,SSL400\Dataset - Original\Places\House\House_008.mp4
1,Adjectives,Beautiful,SSL400\Dataset - Original\Adjectives\Beautiful\Beautiful_031.MOV
27,Adjectives,Positive,SSL400\Dataset - Original\Adjectives\Positive\Positive_005.mp4
186,Nouns,Suit,SSL400\Dataset - Original\Nouns\Suit\Suit_009.MOV
87,Days,Tomorrow,SSL400\Dataset - Original\Days\Tomorrow\Tomorrow_006.MOV
25,Adjectives,Old,SSL400\Dataset - Original\Adjectives\Old\Old_006.mp4
159,Nouns,My,SSL400\Dataset - Original\Nouns\My\My_003.mp4
178,Nouns,Sign,SSL400\Dataset - Original\Nouns\Sign\Sign_007.mp4
264,Places,Location,SSL400\Dataset - Original\Places\Location\Location_018.MOV
314,Verbs,Drink,SSL400\Dataset - Original\Verbs\Drink\Drink_004.mp4
15,Adjectives,Hard,SSL400\Dataset - Original\Adjectives\Hard\Hard_008.MOV
77,Days,Hour,SSL400\Dataset - Original\Days\Hour\Hour_024.MOV
367,Verbs,Teach,SSL400\Dataset - Original\Verbs\Teach\Teach_021.mp4
245,People,Player,SSL400\Dataset - Original\People\Player\Player_001.MOV
21,Adjectives,Low,SSL400\Dataset - Original\Adjectives\Low\Low_006.MOV
165,Nouns,Part,SSL400\Dataset - Original\Nouns\Part\Part_001.mp4
11,Adjectives,Free,SSL400\Dataset - Original\Adjectives\Free\Free_002.mp4
95,Greetings,Hello,SSL400\Dataset - Original\Greetings\Hello\Hello_029.mp4
367,Verbs,Teach,SSL400\Dataset - Original\Verbs\Teach\Teach_010.mp4
119,Nouns,Cat,SSL400\Dataset - Original\Nouns\Cat\Cat_015.mp4
199,Nouns,You,SSL400\Dataset - Original\Nouns\You\You_061.mp4
314,Verbs,Drink,SSL400\Dataset - Original\Verbs\Drink\Drink_025.mp4
349,Verbs,Put,SSL400\Dataset - Original\Verbs\Put\Put_001.mov
65,Colors,Purple,SSL400\Dataset - Original\Colors\Purple\Purple_003.mp4
183,Nouns,Squirrel,SSL400\Dataset - Original\Nouns\Squirrel\Squirrel_003.mp4
240,People,Grand son,SSL400\Dataset - Original\People\Grand son\Grand son_003.mov
264,Places,Location,SSL400\Dataset - Original\Places\Location\Location_020.MOV
273,Preposition,In,SSL400\Dataset - Original\Preposition\In\In_002.mp4
230,People,Child,SSL400\Dataset - Original\People\Child\Child_018.MOV
174,Nouns,Ring,SSL400\Dataset - Original\Nouns\Ring\Ring_018.MP4
357,Verbs,Show,SSL400\Dataset - Original\Verbs\Show\Show_005.mp4
199,Nouns,You,SSL400\Dataset - Original\Nouns\You\You_046.mov
68,Colors,Yellow,SSL400\Dataset - Original\Colors\Yellow\Yellow_010.mp4
42,Adverb,Also,SSL400\Dataset - Original\Adverb\Also\Also_007.mp4
1,Adjectives,Beautiful,SSL400\Dataset - Original\Adjectives\Beautiful\Beautiful_014.mp4
341,Verbs,Make,SSL400\Dataset - Original\Verbs\Make\Make_001.mov
213,Numbers,3. three,SSL400\Dataset - Original\Numbers\3. three\3. three_001.mov
199,Nouns,You,SSL400\Dataset - Original\Nouns\You\You_023.MOV
25,Adjectives,Old,SSL400\Dataset - Original\Adjectives\Old\Old_001.mp4
328,Verbs,Help,SSL400\Dataset - Original\Verbs\Help\Help_024.mp4
264,Places,Location,SSL400\Dataset - Original\Places\Location\Location_008.MOV
54,Adverb,Why,SSL400\Dataset - Original\Adverb\Why\Why_005.mov
93,Greetings,Alright,SSL400\Dataset - Original\Greetings\Alright\Alright_014.MOV
97,Greetings,Thank you,SSL400\Dataset - Original\Greetings\Thank you\Thank you_005.mp4
377,Verbs,Walk,SSL400\Dataset - Original\Verbs\Walk\Walk_026.mov
123,Nouns,Children,SSL400\Dataset - Original\Nouns\Children\Children_006.mp4
348,Verbs,Pull,SSL400\Dataset - Original\Verbs\Pull\Pull_004.mp4
95,Greetings,Hello,SSL400\Dataset - Original\Greetings\Hello\Hello_068.mp4
183,Nouns,Squirrel,SSL400\Dataset - Original\Nouns\Squirrel\Squirrel_018.mp4
13,Adjectives,Good,SSL400\Dataset - Original\Adjectives\Good\Good_018.mp4
173,Nouns,Radio,SSL400\Dataset - Original\Nouns\Radio\Radio_008.MOV
228,People,Bro,SSL400\Dataset - Original\People\Bro\Bro_009.mov
190,Nouns,Technology,SSL400\Dataset - Original\Nouns\Technology\Technology_013.MOV
23,Adjectives,Nice,SSL400\Dataset - Original\Adjectives\Nice\Nice_003.MOV
199,Nouns,You,SSL400\Dataset - Original\Nouns\You\You_051.mp4
254,People,Us,SSL400\Dataset - Original\People\Us\Us_019.mp4
216,Numbers,6. six,SSL400\Dataset - Original\Numbers\6. six\6. six_002.mov
342,Verbs,Meet,SSL400\Dataset - Original\Verbs\Meet\Meet_026.mp4
243,People,Man,SSL400\Dataset - Original\People\Man\Man_038.MOV
377,Verbs,Walk,SSL400\Dataset - Original\Verbs\Walk\Walk_010.mp4
234,People,Elder sister,SSL400\Dataset - Original\People\Elder sister\Elder sister_004.mp4
214,Numbers,4. four,SSL400\Dataset - Original\Numbers\4. four\4. four_007.mov
75,Days,Good morning,SSL400\Dataset - Original\Days\Good morning\Good morning_003.mov
379,Verbs,Wash,SSL400\Dataset - Original\Verbs\Wash\Wash_003.mp4
19,Adjectives,Less,SSL400\Dataset - Original\Adjectives\Less\Less_002.mp4
244,People,Mother,SSL400\Dataset - Original\People\Mother\Mother_005.mp4
314,Verbs,Drink,SSL400\Dataset - Original\Verbs\Drink\Drink_014.mp4
186,Nouns,Suit,SSL400\Dataset - Original\Nouns\Suit\Suit_002.MOV
5,Adjectives,Deep,SSL400\Dataset - Original\Adjectives\Deep\Deep_008.mp4
161,Nouns,,SSL400\Dataset - Original\Nouns\None\None_005.mp4
124,Nouns,Choice,SSL400\Dataset - Original\Nouns\Choice\Choice_005.mp4
370,Verbs,Text,SSL400\Dataset - Original\Verbs\Text\Text_003.mp4
100,Months,August,SSL400\Dataset - Original\Months\August\August_005.mov
292,Vehicles,Vehicle,SSL400\Dataset - Original\Vehicles\Vehicle\Vehicle_002.mp4
128,Nouns,Crocodile,SSL400\Dataset - Original\Nouns\Crocodile\Crocodile_002.mp4
97,Greetings,Thank you,SSL400\Dataset - Original\Greetings\Thank you\Thank you_112.mp4
77,Days,Hour,SSL400\Dataset - Original\Days\Hour\Hour_034.MP4
68,Colors,Yellow,SSL400\Dataset - Original\Colors\Yellow\Yellow_041.MOV
131,Nouns,Elephant,SSL400\Dataset - Original\Nouns\Elephant\Elephant_010.mp4
254,People,Us,SSL400\Dataset - Original\People\Us\Us_023.mov
288,Vehicles,Plane,SSL400\Dataset - Original\Vehicles\Plane\Plane_010.MOV
13,Adjectives,Good,SSL400\Dataset - Original\Adjectives\Good\Good_060.mp4
262,Places,Hospital,SSL400\Dataset - Original\Places\Hospital\Hospital_001.mov
285,Vehicles,Bus,SSL400\Dataset - Original\Vehicles\Bus\Bus_003.mov
309,Verbs,Cry,SSL400\Dataset - Original\Verbs\Cry\Cry_001.mp4
135,Nouns,Fever,SSL400\Dataset - Original\Nouns\Fever\Fever_003.mp4
307,Verbs,Cough,SSL400\Dataset - Original\Verbs\Cough\Cough_010.mp4
314,Verbs,Drink,SSL400\Dataset - Original\Verbs\Drink\Drink_015.mp4
284,Vehicles,Boat,SSL400\Dataset - Original\Vehicles\Boat\Boat_001.MOV
67,Colors,White,SSL400\Dataset - Original\Colors\White\White_011.mp4
68,Colors,Yellow,SSL400\Dataset - Original\Colors\Yellow\Yellow_026.MOV
146,Nouns,I,SSL400\Dataset - Original\Nouns\I\I_008.mov
142,Nouns,Health,SSL400\Dataset - Original\Nouns\Health\Health_003.mp4
78,Days,Monday,SSL400\Dataset - Original\Days\Monday\Monday_015.mp4
119,Nouns,Cat,SSL400\Dataset - Original\Nouns\Cat\Cat_019.mp4
232,People,Doctor,SSL400\Dataset - Original\People\Doctor\Doctor_017.mp4
202,Numbers,11. eleven,SSL400\Dataset - Original\Numbers\11. eleven\11. eleven_003.mov
66,Colors,Red,SSL400\Dataset - Original\Colors\Red\Red_013.mp4
354,Verbs,See,SSL400\Dataset - Original\Verbs\See\See_002.mp4
146,Nouns,I,SSL400\Dataset - Original\Nouns\I\I_004.mp4
68,Colors,Yellow,SSL400\Dataset - Original\Colors\Yellow\Yellow_044.mp4
315,Verbs,Eat,SSL400\Dataset - Original\Verbs\Eat\Eat_010.mp4
243,People,Man,SSL400\Dataset - Original\People\Man\Man_010.mp4
269,Places,Temple,SSL400\Dataset - Original\Places\Temple\Temple_001.mov
249,People,Sister,SSL400\Dataset - Original\People\Sister\Sister_003.mov
327,Verbs,Hear,SSL400\Dataset - Original\Verbs\Hear\Hear_003.mp4
190,Nouns,Technology,SSL400\Dataset - Original\Nouns\Technology\Technology_002.mp4
140,Nouns,Hat,SSL400\Dataset - Original\Nouns\Hat\Hat_011.MOV
305,Verbs,Cook,SSL400\Dataset - Original\Verbs\Cook\Cook_013.mp4
66,Colors,Red,SSL400\Dataset - Original\Colors\Red\Red_015.mp4
131,Nouns,Elephant,SSL400\Dataset - Original\Nouns\Elephant\Elephant_016.mp4
374,Verbs,Understand,SSL400\Dataset - Original\Verbs\Understand\Understand_002.mov
131,Nouns,Elephant,SSL400\Dataset - Original\Nouns\Elephant\Elephant_023.mp4
180,Nouns,Skirt,SSL400\Dataset - Original\Nouns\Skirt\Skirt_006.MOV
198,Nouns,Window,SSL400\Dataset - Original\Nouns\Window\Window_004.MOV
100,Months,August,SSL400\Dataset - Original\Months\August\August_006.mp4
199,Nouns,You,SSL400\Dataset - Original\Nouns\You\You_021.MOV
93,Greetings,Alright,SSL400\Dataset - Original\Greetings\Alright\Alright_020.MOV
355,Verbs,Select,SSL400\Dataset - Original\Verbs\Select\Select_002.mov
185,Nouns,Structure,SSL400\Dataset - Original\Nouns\Structure\Structure_002.mp4
150,Nouns,Laptop,SSL400\Dataset - Original\Nouns\Laptop\Laptop_006.MOV
68,Colors,Yellow,SSL400\Dataset - Original\Colors\Yellow\Yellow_036.MOV
117,Nouns,Camera,SSL400\Dataset - Original\Nouns\Camera\Camera_009.MOV
59,Colors,Gold,SSL400\Dataset - Original\Colors\Gold\Gold_004.mp4
164,Nouns,Paint,SSL400\Dataset - Original\Nouns\Paint\Paint_013.MOV
351,Verbs,Run,SSL400\Dataset - Original\Verbs\Run\Run_012.mp4
180,Nouns,Skirt,SSL400\Dataset - Original\Nouns\Skirt\Skirt_002.mp4
18,Adjectives,Independent,SSL400\Dataset - Original\Adjectives\Independent\Independent_004.mp4
48,Adverb,Here,SSL400\Dataset - Original\Adverb\Here\Here_007.mp4
141,Nouns,He,SSL400\Dataset - Original\Nouns\He\He_006.MOV
117,Nouns,Camera,SSL400\Dataset - Original\Nouns\Camera\Camera_004.mp4
314,Verbs,Drink,SSL400\Dataset - Original\Verbs\Drink\Drink_026.mp4
103,Months,January,SSL400\Dataset - Original\Months\January\January_025.mov
104,Months,July,SSL400\Dataset - Original\Months\July\July_003.mov
160,Nouns,Network,SSL400\Dataset - Original\Nouns\Network\Network_004.mp4
356,Verbs,Sell,SSL400\Dataset - Original\Verbs\Sell\Sell_009.mp4
95,Greetings,Hello,SSL400\Dataset - Original\Greetings\Hello\Hello_089.mp4
349,Verbs,Put,SSL400\Dataset - Original\Verbs\Put\Put_004.mov
88,Days,Tuesday,SSL400\Dataset - Original\Days\Tuesday\Tuesday_004.mov
156,Nouns,Money,SSL400\Dataset - Original\Nouns\Money\Money_005.mp4
233,People,Elder bro,SSL400\Dataset - Original\People\Elder bro\Elder bro_004.mp4
97,Greetings,Thank you,SSL400\Dataset - Original\Greetings\Thank you\Thank you_046.MOV
9,Adjectives,Fast,SSL400\Dataset - Original\Adjectives\Fast\Fast_009.MOV
67,Colors,White,SSL400\Dataset - Original\Colors\White\White_040.MOV
328,Verbs,Help,SSL400\Dataset - Original\Verbs\Help\Help_001.mp4
4,Adjectives,Deaf,SSL400\Dataset - Original\Adjectives\Deaf\Deaf_002.mp4
97,Greetings,Thank you,SSL400\Dataset - Original\Greetings\Thank you\Thank you_082.mp4
55,Colors,Black,SSL400\Dataset - Original\Colors\Black\Black_018.MOV
305,Verbs,Cook,SSL400\Dataset - Original\Verbs\Cook\Cook_019.mp4
137,Nouns,Food,SSL400\Dataset - Original\Nouns\Food\Food_007.mp4
315,Verbs,Eat,SSL400\Dataset - Original\Verbs\Eat\Eat_009.mp4
192,Nouns,They,SSL400\Dataset - Original\Nouns\They\They_005.mp4
300,Verbs,Change,SSL400\Dataset - Original\Verbs\Change\Change_002.mp4
243,People,Man,SSL400\Dataset - Original\People\Man\Man_039.MOV
310,Verbs,Cut,SSL400\Dataset - Original\Verbs\Cut\Cut_033.mov
114,Nouns,Bag,SSL400\Dataset - Original\Nouns\Bag\Bag_002.MOV
6,Adjectives,Different,SSL400\Dataset - Original\Adjectives\Different\Different_001.mp4
18,Adjectives,Independent,SSL400\Dataset - Original\Adjectives\Independent\Independent_003.mp4
310,Verbs,Cut,SSL400\Dataset - Original\Verbs\Cut\Cut_017.mp4
13,Adjectives,Good,SSL400\Dataset - Original\Adjectives\Good\Good_002.mp4
16,Adjectives,Healthy,SSL400\Dataset - Original\Adjectives\Healthy\Healthy_010.MOV
129,Nouns,Culture,SSL400\Dataset - Original\Nouns\Culture\Culture_004.mp4
76,Days,Good night,SSL400\Dataset - Original\Days\Good night\Good night_003.mov
199,Nouns,You,SSL400\Dataset - Original\Nouns\You\You_002.mp4
164,Nouns,Paint,SSL400\Dataset - Original\Nouns\Paint\Paint_010.MOV
254,People,Us,SSL400\Dataset - Original\People\Us\Us_001.mp4
268,Places,Shop,SSL400\Dataset - Original\Places\Shop\Shop_020.MOV
159,Nouns,My,SSL400\Dataset - Original\Nouns\My\My_016.mp4
164,Nouns,Paint,SSL400\Dataset - Original\Nouns\Paint\Paint_019.MP4
351,Verbs,Run,SSL400\Dataset - Original\Verbs\Run\Run_016.mp4
318,Verbs,Exchange,SSL400\Dataset - Original\Verbs\Exchange\Exchange_002.mp4
139,Nouns,Gun,SSL400\Dataset - Original\Nouns\Gun\Gun_002.MOV
8,Adjectives,Double,SSL400\Dataset - Original\Adjectives\Double\Double_003.mp4
67,Colors,White,SSL400\Dataset - Original\Colors\White\White_007.mp4
339,Verbs,Look,SSL400\Dataset - Original\Verbs\Look\Look_015.mp4
95,Greetings,Hello,SSL400\Dataset - Original\Greetings\Hello\Hello_009.mp4
174,Nouns,Ring,SSL400\Dataset - Original\Nouns\Ring\Ring_020.MP4
199,Nouns,You,SSL400\Dataset - Original\Nouns\You\You_038.mov
41,Adverb,Again,SSL400\Dataset - Original\Adverb\Again\Again_026.mp4
207,Numbers,16. sixteen,SSL400\Dataset - Original\Numbers\16. sixteen\16. sixteen_003.mov
68,Colors,Yellow,SSL400\Dataset - Original\Colors\Yellow\Yellow_039.MOV
15,Adjectives,Hard,SSL400\Dataset - Original\Adjectives\Hard\Hard_014.MOV
288,Vehicles,Plane,SSL400\Dataset - Original\Vehicles\Plane\Plane_030.mov
61,Colors,Green,SSL400\Dataset - Original\Colors\Green\Green_026.mov
280,Preposition,To,SSL400\Dataset - Original\Preposition\To\To_004.mp4
119,Nouns,Cat,SSL400\Dataset - Original\Nouns\Cat\Cat_009.mp4
146,Nouns,I,SSL400\Dataset - Original\Nouns\I\I_012.mov
175,Nouns,Sand,SSL400\Dataset - Original\Nouns\Sand\Sand_002.mov
131,Nouns,Elephant,SSL400\Dataset - Original\Nouns\Elephant\Elephant_014.mp4
232,People,Doctor,SSL400\Dataset - Original\People\Doctor\Doctor_003.mp4
12,Adjectives,Full,SSL400\Dataset - Original\Adjectives\Full\Full_004.mp4
146,Nouns,I,SSL400\Dataset - Original\Nouns\I\I_039.MOV
359,Verbs,Sleep,SSL400\Dataset - Original\Verbs\Sleep\Sleep_003.mp4
101,Months,December,SSL400\Dataset - Original\Months\December\December_001.mov
320,Verbs,Fight,SSL400\Dataset - Original\Verbs\Fight\Fight_021.mp4
339,Verbs,Look,SSL400\Dataset - Original\Verbs\Look\Look_005.mp4
359,Verbs,Sleep,SSL400\Dataset - Original\Verbs\Sleep\Sleep_014.mp4
339,Verbs,Look,SSL400\Dataset - Original\Verbs\Look\Look_024.mp4
223,Numbers,Equal,SSL400\Dataset - Original\Numbers\Equal\Equal_008.mp4
146,Nouns,I,SSL400\Dataset - Original\Nouns\I\I_018.mov
339,Verbs,Look,SSL400\Dataset - Original\Verbs\Look\Look_012.mp4
245,People,Player,SSL400\Dataset - Original\People\Player\Player_006.MOV
382,Verbs,Write,SSL400\Dataset - Original\Verbs\Write\Write_029.mp4
251,People,Son,SSL400\Dataset - Original\People\Son\Son_008.MOV
103,Months,January,SSL400\Dataset - Original\Months\January\January_006.mp4
206,Numbers,15. fifteen,SSL400\Dataset - Original\Numbers\15. fifteen\15. fifteen_004.mov
13,Adjectives,Good,SSL400\Dataset - Original\Adjectives\Good\Good_059.mp4
324,Verbs,Go,SSL400\Dataset - Original\Verbs\Go\Go_016.mp4
65,Colors,Purple,SSL400\Dataset - Original\Colors\Purple\Purple_011.mp4
198,Nouns,Window,SSL400\Dataset - Original\Nouns\Window\Window_006.MOV
238,People,Grand father,SSL400\Dataset - Original\People\Grand father\Grand father_019.mp4
95,Greetings,Hello,SSL400\Dataset - Original\Greetings\Hello\Hello_059.MOV
354,Verbs,See,SSL400\Dataset - Original\Verbs\See\See_007.mp4
95,Greetings,Hello,SSL400\Dataset - Original\Greetings\Hello\Hello_101.mp4
267,Places,Road,SSL400\Dataset - Original\Places\Road\Road_012.MOV
184,Nouns,Street,SSL400\Dataset - Original\Nouns\Street\Street_001.mp4
377,Verbs,Walk,SSL400\Dataset - Original\Verbs\Walk\Walk_021.mp4
369,Verbs,Tell,SSL400\Dataset - Original\Verbs\Tell\Tell_033.mp4
68,Colors,Yellow,SSL400\Dataset - Original\Colors\Yellow\Yellow_037.MOV
327,Verbs,Hear,SSL400\Dataset - Original\Verbs\Hear\Hear_005.mp4
95,Greetings,Hello,SSL400\Dataset - Original\Greetings\Hello\Hello_056.MOV
297,Verbs,Bring,SSL400\Dataset - Original\Verbs\Bring\Bring_001.mov
327,Verbs,Hear,SSL400\Dataset - Original\Verbs\Hear\Hear_008.mp4
3,Adjectives,Cold,SSL400\Dataset - Original\Adjectives\Cold\Cold_007.mp4
146,Nouns,I,SSL400\Dataset - Original\Nouns\I\I_007.mov
107,Months,May,SSL400\Dataset - Original\Months\May\May_004.mp4
233,People,Elder bro,SSL400\Dataset - Original\People\Elder bro\Elder bro_017.mp4
282,Preposition,Up,SSL400\Dataset - Original\Preposition\Up\Up_007.mp4
34,Adjectives,Soft,SSL400\Dataset - Original\Adjectives\Soft\Soft_003.MOV
95,Greetings,Hello,SSL400\Dataset - Original\Greetings\Hello\Hello_015.mp4
263,Places,House,SSL400\Dataset - Original\Places\House\House_033.mp4
41,Adverb,Again,SSL400\Dataset - Original\Adverb\Again\Again_011.mp4
23,Adjectives,Nice,SSL400\Dataset - Original\Adjectives\Nice\Nice_001.MOV
308,Verbs,Cover,SSL400\Dataset - Original\Verbs\Cover\Cover_001.mp4
68,Colors,Yellow,SSL400\Dataset - Original\Colors\Yellow\Yellow_034.MOV
287,Vehicles,Motorcycle,SSL400\Dataset - Original\Vehicles\Motorcycle\Motorcycle_001.mp4
346,Verbs,Peeing,SSL400\Dataset - Original\Verbs\Peeing\Peeing_003.mp4
227,People,Baby,SSL400\Dataset - Original\People\Baby\Baby_003.mov
339,Verbs,Look,SSL400\Dataset - Original\Verbs\Look\Look_008.mp4
376,Verbs,Visit,SSL400\Dataset - Original\Verbs\Visit\Visit_002.mp4
323,Verbs,Give,SSL400\Dataset - Original\Verbs\Give\Give_015.mov
68,Colors,Yellow,SSL400\Dataset - Original\Colors\Yellow\Yellow_033.MOV
170,Nouns,Pocket,SSL400\Dataset - Original\Nouns\Pocket\Pocket_007.MOV
146,Nouns,I,SSL400\Dataset - Original\Nouns\I\I_026.mp4
21,Adjectives,Low,SSL400\Dataset - Original\Adjectives\Low\Low_008.MOV
174,Nouns,Ring,SSL400\Dataset - Original\Nouns\Ring\Ring_002.mp4
135,Nouns,Fever,SSL400\Dataset - Original\Nouns\Fever\Fever_014.mp4
70,Days,Day,SSL400\Dataset - Original\Days\Day\Day_012.mp4
97,Greetings,Thank you,SSL400\Dataset - Original\Greetings\Thank you\Thank you_110.mp4
91,Days,Yesterday,SSL400\Dataset - Original\Days\Yesterday\Yesterday_006.MOV
368,Verbs,Tear,SSL400\Dataset - Original\Verbs\Tear\Tear_001.mov
41,Adverb,Again,SSL400\Dataset - Original\Adverb\Again\Again_008.mp4
238,People,Grand father,SSL400\Dataset - Original\People\Grand father\Grand father_002.mp4
342,Verbs,Meet,SSL400\Dataset - Original\Verbs\Meet\Meet_002.mp4
276,Preposition,On,SSL400\Dataset - Original\Preposition\On\On_001.mp4
141,Nouns,He,SSL400\Dataset - Original\Nouns\He\He_008.MOV
95,Greetings,Hello,SSL400\Dataset - Original\Greetings\Hello\Hello_049.MOV
342,Verbs,Meet,SSL400\Dataset - Original\Verbs\Meet\Meet_007.mp4
189,Nouns,Team,SSL400\Dataset - Original\Nouns\Team\Team_002.mp4
125,Nouns,Clothing,SSL400\Dataset - Original\Nouns\Clothing\Clothing_009.MOV
97,Greetings,Thank you,SSL400\Dataset - Original\Greetings\Thank you\Thank you_080.mp4
370,Verbs,Text,SSL400\Dataset - Original\Verbs\Text\Text_005.mp4
48,Adverb,Here,SSL400\Dataset - Original\Adverb\Here\Here_003.mp4
315,Verbs,Eat,SSL400\Dataset - Original\Verbs\Eat\Eat_042.mp4
56,Colors,Blue,SSL400\Dataset - Original\Colors\Blue\Blue_002.mp4
190,Nouns,Technology,SSL400\Dataset - Original\Nouns\Technology\Technology_014.MP4
22,Adjectives,Next,SSL400\Dataset - Original\Adjectives\Next\Next_001.mp4
161,Nouns,,SSL400\Dataset - Original\Nouns\None\None_001.mp4
131,Nouns,Elephant,SSL400\Dataset - Original\Nouns\Elephant\Elephant_007.mp4
251,People,Son,SSL400\Dataset - Original\People\Son\Son_013.MOV
200,Numbers,1. one,SSL400\Dataset - Original\Numbers\1. one\1. one_009.mov
61,Colors,Green,SSL400\Dataset - Original\Colors\Green\Green_009.mp4
89,Days,Wednesday,SSL400\Dataset - Original\Days\Wednesday\Wednesday_010.MOV
292,Vehicles,Vehicle,SSL400\Dataset - Original\Vehicles\Vehicle\Vehicle_006.mp4
237,People,Father,SSL400\Dataset - Original\People\Father\Father_004.mov
339,Verbs,Look,SSL400\Dataset - Original\Verbs\Look\Look_023.mp4
162,Nouns,Ok,SSL400\Dataset - Original\Nouns\Ok\Ok_005.mp4
77,Days,Hour,SSL400\Dataset - Original\Days\Hour\Hour_026.MOV
263,Places,House,SSL400\Dataset - Original\Places\House\House_018.mp4
320,Verbs,Fight,SSL400\Dataset - Original\Verbs\Fight\Fight_004.mp4
187,Nouns,Table,SSL400\Dataset - Original\Nouns\Table\Table_001.MOV
97,Greetings,Thank you,SSL400\Dataset - Original\Greetings\Thank you\Thank you_115.mp4
89,Days,Wednesday,SSL400\Dataset - Original\Days\Wednesday\Wednesday_005.MOV
238,People,Grand father,SSL400\Dataset - Original\People\Grand father\Grand father_022.mov
16,Adjectives,Healthy,SSL400\Dataset - Original\Adjectives\Healthy\Healthy_016.MOV
30,Adjectives,Rich,SSL400\Dataset - Original\Adjectives\Rich\Rich_013.mp4
361,Verbs,Stop,SSL400\Dataset - Original\Verbs\Stop\Stop_002.mp4
77,Days,Hour,SSL400\Dataset - Original\Days\Hour\Hour_018.mp4
97,Greetings,Thank you,SSL400\Dataset - Original\Greetings\Thank you\Thank you_068.mp4
35,Adjectives,Strong,SSL400\Dataset - Original\Adjectives\Strong\Strong_005.MOV
315,Verbs,Eat,SSL400\Dataset - Original\Verbs\Eat\Eat_014.mp4
152,Nouns,Lock,SSL400\Dataset - Original\Nouns\Lock\Lock_013.MP4
143,Nouns,Hill,SSL400\Dataset - Original\Nouns\Hill\Hill_003.mp4
305,Verbs,Cook,SSL400\Dataset - Original\Verbs\Cook\Cook_005.mp4
65,Colors,Purple,SSL400\Dataset - Original\Colors\Purple\Purple_015.mp4
254,People,Us,SSL400\Dataset - Original\People\Us\Us_017.mp4
40,Adjectives,Wrong,SSL400\Dataset - Original\Adjectives\Wrong\Wrong_006.mp4
238,People,Grand father,SSL400\Dataset - Original\People\Grand father\Grand father_026.mov
120,Nouns,Ceiling fan,SSL400\Dataset - Original\Nouns\Ceiling fan\Ceiling fan_009.MOV
70,Days,Day,SSL400\Dataset - Original\Days\Day\Day_010.mp4
191,Nouns,Telephone,SSL400\Dataset - Original\Nouns\Telephone\Telephone_007.MOV
257,People,Younger sister,SSL400\Dataset - Original\People\Younger sister\Younger sister_001.mov
117,Nouns,Camera,SSL400\Dataset - Original\Nouns\Camera\Camera_006.MOV
141,Nouns,He,SSL400\Dataset - Original\Nouns\He\He_010.MOV
17,Adjectives,High,SSL400\Dataset - Original\Adjectives\High\High_004.MOV
320,Verbs,Fight,SSL400\Dataset - Original\Verbs\Fight\Fight_003.mp4
4,Adjectives,Deaf,SSL400\Dataset - Original\Adjectives\Deaf\Deaf_005.mp4
156,Nouns,Money,SSL400\Dataset - Original\Nouns\Money\Money_021.mp4
320,Verbs,Fight,SSL400\Dataset - Original\Verbs\Fight\Fight_007.mp4
169,Nouns,Phone,SSL400\Dataset - Original\Nouns\Phone\Phone_003.mp4
93,Greetings,Alright,SSL400\Dataset - Original\Greetings\Alright\Alright_012.MOV
244,People,Mother,SSL400\Dataset - Original\People\Mother\Mother_025.mov
65,Colors,Purple,SSL400\Dataset - Original\Colors\Purple\Purple_009.mp4
259,Places,Bank,SSL400\Dataset - Original\Places\Bank\Bank_001.mov
34,Adjectives,Soft,SSL400\Dataset - Original\Adjectives\Soft\Soft_007.MOV
263,Places,House,SSL400\Dataset - Original\Places\House\House_022.mp4
320,Verbs,Fight,SSL400\Dataset - Original\Verbs\Fight\Fight_015.mp4
67,Colors,White,SSL400\Dataset - Original\Colors\White\White_003.mp4
354,Verbs,See,SSL400\Dataset - Original\Verbs\See\See_005.mp4
345,Verbs,Order,SSL400\Dataset - Original\Verbs\Order\Order_003.mp4
382,Verbs,Write,SSL400\Dataset - Original\Verbs\Write\Write_032.mp4
276,Preposition,On,SSL400\Dataset - Original\Preposition\On\On_006.mp4
84,Days,Thursday,SSL400\Dataset - Original\Days\Thursday\Thursday_002.mov
13,Adjectives,Good,SSL400\Dataset - Original\Adjectives\Good\Good_051.mp4
140,Nouns,Hat,SSL400\Dataset - Original\Nouns\Hat\Hat_015.MOV
170,Nouns,Pocket,SSL400\Dataset - Original\Nouns\Pocket\Pocket_021.MOV
347,Verbs,Play,SSL400\Dataset - Original\Verbs\Play\Play_010.mp4
244,People,Mother,SSL400\Dataset - Original\People\Mother\Mother_001.mp4
25,Adjectives,Old,SSL400\Dataset - Original\Adjectives\Old\Old_004.mp4
263,Places,House,SSL400\Dataset - Original\Places\House\House_025.mp4
85,Days,Time,SSL400\Dataset - Original\Days\Time\Time_002.mp4
95,Greetings,Hello,SSL400\Dataset - Original\Greetings\Hello\Hello_042.mp4
173,Nouns,Radio,SSL400\Dataset - Original\Nouns\Radio\Radio_013.MP4
9,Adjectives,Fast,SSL400\Dataset - Original\Adjectives\Fast\Fast_015.MOV
97,Greetings,Thank you,SSL400\Dataset - Original\Greetings\Thank you\Thank you_058.mov
67,Colors,White,SSL400\Dataset - Original\Colors\White\White_014.mp4
61,Colors,Green,SSL400\Dataset - Original\Colors\Green\Green_015.mp4
73,Days,Friday,SSL400\Dataset - Original\Days\Friday\Friday_004.mov
263,Places,House,SSL400\Dataset - Original\Places\House\House_019.mp4
91,Days,Yesterday,SSL400\Dataset - Original\Days\Yesterday\Yesterday_013.MP4
344,Verbs,Open,SSL400\Dataset - Original\Verbs\Open\Open_003.mp4
357,Verbs,Show,SSL400\Dataset - Original\Verbs\Show\Show_003.mp4
323,Verbs,Give,SSL400\Dataset - Original\Verbs\Give\Give_007.mp4
86,Days,Today,SSL400\Dataset - Original\Days\Today\Today_026.MOV
93,Greetings,Alright,SSL400\Dataset - Original\Greetings\Alright\Alright_006.MOV
199,Nouns,You,SSL400\Dataset - Original\Nouns\You\You_019.MOV
305,Verbs,Cook,SSL400\Dataset - Original\Verbs\Cook\Cook_015.mp4
298,Verbs,Buy,SSL400\Dataset - Original\Verbs\Buy\Buy_002.mov
173,Nouns,Radio,SSL400\Dataset - Original\Nouns\Radio\Radio_006.MOV
146,Nouns,I,SSL400\Dataset - Original\Nouns\I\I_013.mov
243,People,Man,SSL400\Dataset - Original\People\Man\Man_011.mp4
244,People,Mother,SSL400\Dataset - Original\People\Mother\Mother_017.mp4
351,Verbs,Run,SSL400\Dataset - Original\Verbs\Run\Run_008.mp4
333,Verbs,Knock,SSL400\Dataset - Original\Verbs\Knock\Knock_001.mov
41,Adverb,Again,SSL400\Dataset - Original\Adverb\Again\Again_010.mp4
340,Verbs,Love,SSL400\Dataset - Original\Verbs\Love\Love_003.mp4
173,Nouns,Radio,SSL400\Dataset - Original\Nouns\Radio\Radio_012.MP4
328,Verbs,Help,SSL400\Dataset - Original\Verbs\Help\Help_014.mp4
367,Verbs,Teach,SSL400\Dataset - Original\Verbs\Teach\Teach_024.mp4
352,Verbs,Scratch,SSL400\Dataset - Original\Verbs\Scratch\Scratch_003.mov
130,Nouns,Door,SSL400\Dataset - Original\Nouns\Door\Door_001.mp4
91,Days,Yesterday,SSL400\Dataset - Original\Days\Yesterday\Yesterday_007.MOV
256,People,Younger bro,SSL400\Dataset - Original\People\Younger bro\Younger bro_001.mp4
97,Greetings,Thank you,SSL400\Dataset - Original\Greetings\Thank you\Thank you_085.mp4
315,Verbs,Eat,SSL400\Dataset - Original\Verbs\Eat\Eat_006.mp4
89,Days,Wednesday,SSL400\Dataset - Original\Days\Wednesday\Wednesday_016.mov
34,Adjectives,Soft,SSL400\Dataset - Original\Adjectives\Soft\Soft_005.MOV
268,Places,Shop,SSL400\Dataset - Original\Places\Shop\Shop_018.MOV
339,Verbs,Look,SSL400\Dataset - Original\Verbs\Look\Look_009.mp4
283,Vehicles,Bicycle,SSL400\Dataset - Original\Vehicles\Bicycle\Bicycle_001.mov
43,Adverb,Can,SSL400\Dataset - Original\Adverb\Can\Can_003.mov
78,Days,Monday,SSL400\Dataset - Original\Days\Monday\Monday_003.mp4
320,Verbs,Fight,SSL400\Dataset - Original\Verbs\Fight\Fight_006.mp4
87,Days,Tomorrow,SSL400\Dataset - Original\Days\Tomorrow\Tomorrow_016.mov
293,Verbs,Allow,SSL400\Dataset - Original\Verbs\Allow\Allow_007.mp4
1,Adjectives,Beautiful,SSL400\Dataset - Original\Adjectives\Beautiful\Beautiful_029.MOV
298,Verbs,Buy,SSL400\Dataset - Original\Verbs\Buy\Buy_001.mov
211,Numbers,2. two,SSL400\Dataset - Original\Numbers\2. two\2. two_005.mp4
50,Adverb,Never,SSL400\Dataset - Original\Adverb\Never\Never_003.mp4
199,Nouns,You,SSL400\Dataset - Original\Nouns\You\You_045.mov
108,Months,Month,SSL400\Dataset - Original\Months\Month\Month_001.mov
97,Greetings,Thank you,SSL400\Dataset - Original\Greetings\Thank you\Thank you_057.mov
369,Verbs,Tell,SSL400\Dataset - Original\Verbs\Tell\Tell_027.mp4
381,Verbs,Work,SSL400\Dataset - Original\Verbs\Work\Work_001.mov
200,Numbers,1. one,SSL400\Dataset - Original\Numbers\1. one\1. one_001.mp4
339,Verbs,Look,SSL400\Dataset - Original\Verbs\Look\Look_001.mp4
9,Adjectives,Fast,SSL400\Dataset - Original\Adjectives\Fast\Fast_002.MOV
243,People,Man,SSL400\Dataset - Original\People\Man\Man_003.mp4
17,Adjectives,High,SSL400\Dataset - Original\Adjectives\High\High_006.MOV
125,Nouns,Clothing,SSL400\Dataset - Original\Nouns\Clothing\Clothing_012.MOV
354,Verbs,See,SSL400\Dataset - Original\Verbs\See\See_021.mp4
68,Colors,Yellow,SSL400\Dataset - Original\Colors\Yellow\Yellow_021.mp4
369,Verbs,Tell,SSL400\Dataset - Original\Verbs\Tell\Tell_007.mp4
1,Adjectives,Beautiful,SSL400\Dataset - Original\Adjectives\Beautiful\Beautiful_030.MOV
342,Verbs,Meet,SSL400\Dataset - Original\Verbs\Meet\Meet_016.mp4
152,Nouns,Lock,SSL400\Dataset - Original\Nouns\Lock\Lock_002.MOV
328,Verbs,Help,SSL400\Dataset - Original\Verbs\Help\Help_005.mp4
324,Verbs,Go,SSL400\Dataset - Original\Verbs\Go\Go_031.mov
234,People,Elder sister,SSL400\Dataset - Original\People\Elder sister\Elder sister_003.mp4
85,Days,Time,SSL400\Dataset - Original\Days\Time\Time_022.MP4
156,Nouns,Money,SSL400\Dataset - Original\Nouns\Money\Money_012.mp4
324,Verbs,Go,SSL400\Dataset - Original\Verbs\Go\Go_012.mp4
316,Verbs,Enter,SSL400\Dataset - Original\Verbs\Enter\Enter_001.mp4
274,Preposition,Inside,SSL400\Dataset - Original\Preposition\Inside\Inside_004.mp4
382,Verbs,Write,SSL400\Dataset - Original\Verbs\Write\Write_023.mp4
171,Nouns,Point,SSL400\Dataset - Original\Nouns\Point\Point_009.mp4
256,People,Younger bro,SSL400\Dataset - Original\People\Younger bro\Younger bro_013.mp4
99,Months,April,SSL400\Dataset - Original\Months\April\April_001.mov
97,Greetings,Thank you,SSL400\Dataset - Original\Greetings\Thank you\Thank you_104.mp4
256,People,Younger bro,SSL400\Dataset - Original\People\Younger bro\Younger bro_008.mp4
199,Nouns,You,SSL400\Dataset - Original\Nouns\You\You_056.mp4
53,Adverb,Where,SSL400\Dataset - Original\Adverb\Where\Where_002.mov
139,Nouns,Gun,SSL400\Dataset - Original\Nouns\Gun\Gun_007.MOV
164,Nouns,Paint,SSL400\Dataset - Original\Nouns\Paint\Paint_003.mp4
305,Verbs,Cook,SSL400\Dataset - Original\Verbs\Cook\Cook_007.mp4
152,Nouns,Lock,SSL400\Dataset - Original\Nouns\Lock\Lock_014.MP4
243,People,Man,SSL400\Dataset - Original\People\Man\Man_021.mov
77,Days,Hour,SSL400\Dataset - Original\Days\Hour\Hour_012.mp4
316,Verbs,Enter,SSL400\Dataset - Original\Verbs\Enter\Enter_002.mp4
213,Numbers,3. three,SSL400\Dataset - Original\Numbers\3. three\3. three_009.mov
97,Greetings,Thank you,SSL400\Dataset - Original\Greetings\Thank you\Thank you_025.mp4
190,Nouns,Technology,SSL400\Dataset - Original\Nouns\Technology\Technology_005.mp4
267,Places,Road,SSL400\Dataset - Original\Places\Road\Road_010.MOV
85,Days,Time,SSL400\Dataset - Original\Days\Time\Time_018.MOV
67,Colors,White,SSL400\Dataset - Original\Colors\White\White_013.mp4
131,Nouns,Elephant,SSL400\Dataset - Original\Nouns\Elephant\Elephant_018.mp4
190,Nouns,Technology,SSL400\Dataset - Original\Nouns\Technology\Technology_012.MOV
342,Verbs,Meet,SSL400\Dataset - Original\Verbs\Meet\Meet_014.mov
263,Places,House,SSL400\Dataset - Original\Places\House\House_048.mp4
224,Numbers,Multiplication,SSL400\Dataset - Original\Numbers\Multiplication\Multiplication_004.mov
339,Verbs,Look,SSL400\Dataset - Original\Verbs\Look\Look_002.mp4
198,Nouns,Window,SSL400\Dataset - Original\Nouns\Window\Window_003.MOV
135,Nouns,Fever,SSL400\Dataset - Original\Nouns\Fever\Fever_019.mp4
263,Places,House,SSL400\Dataset - Original\Places\House\House_036.mp4
305,Verbs,Cook,SSL400\Dataset - Original\Verbs\Cook\Cook_025.mp4
213,Numbers,3. three,SSL400\Dataset - Original\Numbers\3. three\3. three_005.mov
309,Verbs,Cry,SSL400\Dataset - Original\Verbs\Cry\Cry_002.mp4
236,People,Family,SSL400\Dataset - Original\People\Family\Family_003.mov
263,Places,House,SSL400\Dataset - Original\Places\House\House_056.mp4
230,People,Child,SSL400\Dataset - Original\People\Child\Child_009.mp4
89,Days,Wednesday,SSL400\Dataset - Original\Days\Wednesday\Wednesday_004.MOV
14,Adjectives,Happy,SSL400\Dataset - Original\Adjectives\Happy\Happy_003.mp4
199,Nouns,You,SSL400\Dataset - Original\Nouns\You\You_059.mp4
217,Numbers,7. seven,SSL400\Dataset - Original\Numbers\7. seven\7. seven_003.mov
24,Adjectives,Not good,SSL400\Dataset - Original\Adjectives\Not good\Not good_002.mov
126,Nouns,Computer,SSL400\Dataset - Original\Nouns\Computer\Computer_013.MP4
67,Colors,White,SSL400\Dataset - Original\Colors\White\White_026.MOV
256,People,Younger bro,SSL400\Dataset - Original\People\Younger bro\Younger bro_012.mp4
118,Nouns,Card,SSL400\Dataset - Original\Nouns\Card\Card_007.mp4
128,Nouns,Crocodile,SSL400\Dataset - Original\Nouns\Crocodile\Crocodile_010.mp4
66,Colors,Red,SSL400\Dataset - Original\Colors\Red\Red_001.mp4
172,Nouns,Problem,SSL400\Dataset - Original\Nouns\Problem\Problem_001.mp4
1,Adjectives,Beautiful,SSL400\Dataset - Original\Adjectives\Beautiful\Beautiful_013.mp4
131,Nouns,Elephant,SSL400\Dataset - Original\Nouns\Elephant\Elephant_017.mp4
382,Verbs,Write,SSL400\Dataset - Original\Verbs\Write\Write_024.mp4
191,Nouns,Telephone,SSL400\Dataset - Original\Nouns\Telephone\Telephone_019.MP4
28,Adjectives,Present,SSL400\Dataset - Original\Adjectives\Present\Present_008.mp4
35,Adjectives,Strong,SSL400\Dataset - Original\Adjectives\Strong\Strong_002.MOV
65,Colors,Purple,SSL400\Dataset - Original\Colors\Purple\Purple_030.mp4
367,Verbs,Teach,SSL400\Dataset - Original\Verbs\Teach\Teach_022.mp4
349,Verbs,Put,SSL400\Dataset - Original\Verbs\Put\Put_003.mov
85,Days,Time,SSL400\Dataset - Original\Days\Time\Time_025.mov
369,Verbs,Tell,SSL400\Dataset - Original\Verbs\Tell\Tell_014.mp4
133,Nouns,Eyes,SSL400\Dataset - Original\Nouns\Eyes\Eyes_005.mp4
199,Nouns,You,SSL400\Dataset - Original\Nouns\You\You_011.MOV
68,Colors,Yellow,SSL400\Dataset - Original\Colors\Yellow\Yellow_035.MOV
378,Verbs,Want,SSL400\Dataset - Original\Verbs\Want\Want_006.mp4
135,Nouns,Fever,SSL400\Dataset - Original\Nouns\Fever\Fever_005.mp4
130,Nouns,Door,SSL400\Dataset - Original\Nouns\Door\Door_005.mp4
378,Verbs,Want,SSL400\Dataset - Original\Verbs\Want\Want_010.mp4
67,Colors,White,SSL400\Dataset - Original\Colors\White\White_039.MOV
18,Adjectives,Independent,SSL400\Dataset - Original\Adjectives\Independent\Independent_005.mp4
84,Days,Thursday,SSL400\Dataset - Original\Days\Thursday\Thursday_001.mov
86,Days,Today,SSL400\Dataset - Original\Days\Today\Today_028.MOV
128,Nouns,Crocodile,SSL400\Dataset - Original\Nouns\Crocodile\Crocodile_015.mp4
309,Verbs,Cry,SSL400\Dataset - Original\Verbs\Cry\Cry_026.mov
26,Adjectives,Past,SSL400\Dataset - Original\Adjectives\Past\Past_001.mp4
43,Adverb,Can,SSL400\Dataset - Original\Adverb\Can\Can_001.mov
66,Colors,Red,SSL400\Dataset - Original\Colors\Red\Red_020.mp4
41,Adverb,Again,SSL400\Dataset - Original\Adverb\Again\Again_023.mp4
115,Nouns,Bed,SSL400\Dataset - Original\Nouns\Bed\Bed_005.MOV
67,Colors,White,SSL400\Dataset - Original\Colors\White\White_027.MOV
93,Greetings,Alright,SSL400\Dataset - Original\Greetings\Alright\Alright_019.MOV
310,Verbs,Cut,SSL400\Dataset - Original\Verbs\Cut\Cut_016.mp4
263,Places,House,SSL400\Dataset - Original\Places\House\House_051.mp4
268,Places,Shop,SSL400\Dataset - Original\Places\Shop\Shop_016.MOV
3,Adjectives,Cold,SSL400\Dataset - Original\Adjectives\Cold\Cold_012.mp4
87,Days,Tomorrow,SSL400\Dataset - Original\Days\Tomorrow\Tomorrow_008.MOV
187,Nouns,Table,SSL400\Dataset - Original\Nouns\Table\Table_007.MOV
225,Numbers,Subtraction,SSL400\Dataset - Original\Numbers\Subtraction\Subtraction_001.mov
174,Nouns,Ring,SSL400\Dataset - Original\Nouns\Ring\Ring_011.MOV
305,Verbs,Cook,SSL400\Dataset - Original\Verbs\Cook\Cook_028.mov
217,Numbers,7. seven,SSL400\Dataset - Original\Numbers\7. seven\7. seven_004.mov
214,Numbers,4. four,SSL400\Dataset - Original\Numbers\4. four\4. four_010.mov
376,Verbs,Visit,SSL400\Dataset - Original\Verbs\Visit\Visit_008.mp4
320,Verbs,Fight,SSL400\Dataset - Original\Verbs\Fight\Fight_018.mp4
13,Adjectives,Good,SSL400\Dataset - Original\Adjectives\Good\Good_043.mp4
170,Nouns,Pocket,SSL400\Dataset - Original\Nouns\Pocket\Pocket_009.MOV
95,Greetings,Hello,SSL400\Dataset - Original\Greetings\Hello\Hello_022.mp4
16,Adjectives,Healthy,SSL400\Dataset - Original\Adjectives\Healthy\Healthy_020.MOV
70,Days,Day,SSL400\Dataset - Original\Days\Day\Day_005.mp4
99,Months,April,SSL400\Dataset - Original\Months\April\April_006.mov
263,Places,House,SSL400\Dataset - Original\Places\House\House_020.mp4
310,Verbs,Cut,SSL400\Dataset - Original\Verbs\Cut\Cut_006.mp4
339,Verbs,Look,SSL400\Dataset - Original\Verbs\Look\Look_026.mov
88,Days,Tuesday,SSL400\Dataset - Original\Days\Tuesday\Tuesday_002.mov
364,Verbs,Swim,SSL400\Dataset - Original\Verbs\Swim\Swim_001.mp4
300,Verbs,Change,SSL400\Dataset - Original\Verbs\Change\Change_010.mp4
233,People,Elder bro,SSL400\Dataset - Original\People\Elder bro\Elder bro_010.mp4
316,Verbs,Enter,SSL400\Dataset - Original\Verbs\Enter\Enter_003.mp4
267,Places,Road,SSL400\Dataset - Original\Places\Road\Road_001.MOV
125,Nouns,Clothing,SSL400\Dataset - Original\Nouns\Clothing\Clothing_004.MOV
211,Numbers,2. two,SSL400\Dataset - Original\Numbers\2. two\2. two_014.mov
268,Places,Shop,SSL400\Dataset - Original\Places\Shop\Shop_015.MOV
13,Adjectives,Good,SSL400\Dataset - Original\Adjectives\Good\Good_010.mp4
348,Verbs,Pull,SSL400\Dataset - Original\Verbs\Pull\Pull_002.mp4
190,Nouns,Technology,SSL400\Dataset - Original\Nouns\Technology\Technology_008.MOV
303,Verbs,Come,SSL400\Dataset - Original\Verbs\Come\Come_031.mov
52,Adverb,When,SSL400\Dataset - Original\Adverb\When\When_003.mov
314,Verbs,Drink,SSL400\Dataset - Original\Verbs\Drink\Drink_002.mp4
336,Verbs,Let,SSL400\Dataset - Original\Verbs\Let\Let_002.mp4
97,Greetings,Thank you,SSL400\Dataset - Original\Greetings\Thank you\Thank you_099.mp4
70,Days,Day,SSL400\Dataset - Original\Days\Day\Day_021.mov
107,Months,May,SSL400\Dataset - Original\Months\May\May_002.mp4
123,Nouns,Children,SSL400\Dataset - Original\Nouns\Children\Children_003.mp4
234,People,Elder sister,SSL400\Dataset - Original\People\Elder sister\Elder sister_014.mp4
95,Greetings,Hello,SSL400\Dataset - Original\Greetings\Hello\Hello_071.mp4
223,Numbers,Equal,SSL400\Dataset - Original\Numbers\Equal\Equal_004.mp4
310,Verbs,Cut,SSL400\Dataset - Original\Verbs\Cut\Cut_011.mp4
228,People,Bro,SSL400\Dataset - Original\People\Bro\Bro_003.mov
141,Nouns,He,SSL400\Dataset - Original\Nouns\He\He_014.MOV
243,People,Man,SSL400\Dataset - Original\People\Man\Man_007.mp4
258,Places,Airport,SSL400\Dataset - Original\Places\Airport\Airport_002.mov
256,People,Younger bro,SSL400\Dataset - Original\People\Younger bro\Younger bro_009.mp4
110,Months,October,SSL400\Dataset - Original\Months\October\October_005.mp4
181,Nouns,Society,SSL400\Dataset - Original\Nouns\Society\Society_001.mp4
43,Adverb,Can,SSL400\Dataset - Original\Adverb\Can\Can_002.mov
86,Days,Today,SSL400\Dataset - Original\Days\Today\Today_029.MOV
339,Verbs,Look,SSL400\Dataset - Original\Verbs\Look\Look_004.mp4
132,Nouns,Eye,SSL400\Dataset - Original\Nouns\Eye\Eye_001.mp4
369,Verbs,Tell,SSL400\Dataset - Original\Verbs\Tell\Tell_004.mp4
369,Verbs,Tell,SSL400\Dataset - Original\Verbs\Tell\Tell_009.mp4
310,Verbs,Cut,SSL400\Dataset - Original\Verbs\Cut\Cut_032.mov
362,Verbs,Study,SSL400\Dataset - Original\Verbs\Study\Study_002.mov
347,Verbs,Play,SSL400\Dataset - Original\Verbs\Play\Play_017.mp4
97,Greetings,Thank you,SSL400\Dataset - Original\Greetings\Thank you\Thank you_011.mp4
150,Nouns,Laptop,SSL400\Dataset - Original\Nouns\Laptop\Laptop_010.MOV
380,Verbs,Watch,SSL400\Dataset - Original\Verbs\Watch\Watch_008.mp4
256,People,Younger bro,SSL400\Dataset - Original\People\Younger bro\Younger bro_018.mp4
336,Verbs,Let,SSL400\Dataset - Original\Verbs\Let\Let_001.mp4
186,Nouns,Suit,SSL400\Dataset - Original\Nouns\Suit\Suit_018.MOV
168,Nouns,Pencil,SSL400\Dataset - Original\Nouns\Pencil\Pencil_010.MP4
196,Nouns,Whom,SSL400\Dataset - Original\Nouns\Whom\Whom_002.mov
119,Nouns,Cat,SSL400\Dataset - Original\Nouns\Cat\Cat_013.mp4
357,Verbs,Show,SSL400\Dataset - Original\Verbs\Show\Show_002.mp4
187,Nouns,Table,SSL400\Dataset - Original\Nouns\Table\Table_014.MP4
303,Verbs,Come,SSL400\Dataset - Original\Verbs\Come\Come_013.mp4
103,Months,January,SSL400\Dataset - Original\Months\January\January_023.mov
158,Nouns,Movie,SSL400\Dataset - Original\Nouns\Movie\Movie_001.mp4
211,Numbers,2. two,SSL400\Dataset - Original\Numbers\2. two\2. two_021.mov
223,Numbers,Equal,SSL400\Dataset - Original\Numbers\Equal\Equal_001.mp4
370,Verbs,Text,SSL400\Dataset - Original\Verbs\Text\Text_006.mp4
220,Numbers,Addition,SSL400\Dataset - Original\Numbers\Addition\Addition_004.mov
199,Nouns,You,SSL400\Dataset - Original\Nouns\You\You_052.mp4
95,Greetings,Hello,SSL400\Dataset - Original\Greetings\Hello\Hello_052.MOV
65,Colors,Purple,SSL400\Dataset - Original\Colors\Purple\Purple_004.mp4
233,People,Elder bro,SSL400\Dataset - Original\People\Elder bro\Elder bro_023.mov
68,Colors,Yellow,SSL400\Dataset - Original\Colors\Yellow\Yellow_019.mp4
304,Verbs,Connect,SSL400\Dataset - Original\Verbs\Connect\Connect_003.mp4
132,Nouns,Eye,SSL400\Dataset - Original\Nouns\Eye\Eye_003.mp4
28,Adjectives,Present,SSL400\Dataset - Original\Adjectives\Present\Present_002.mp4
1,Adjectives,Beautiful,SSL400\Dataset - Original\Adjectives\Beautiful\Beautiful_034.MOV
288,Vehicles,Plane,SSL400\Dataset - Original\Vehicles\Plane\Plane_027.MP4
103,Months,January,SSL400\Dataset - Original\Months\January\January_021.mp4
257,People,Younger sister,SSL400\Dataset - Original\People\Younger sister\Younger sister_007.mov
105,Months,June,SSL400\Dataset - Original\Months\June\June_003.mov
248,People,She,SSL400\Dataset - Original\People\She\She_002.mov
302,Verbs,Click,SSL400\Dataset - Original\Verbs\Click\Click_004.mp4
67,Colors,White,SSL400\Dataset - Original\Colors\White\White_032.MOV
256,People,Younger bro,SSL400\Dataset - Original\People\Younger bro\Younger bro_007.mp4
19,Adjectives,Less,SSL400\Dataset - Original\Adjectives\Less\Less_005.mp4
290,Vehicles,Train,SSL400\Dataset - Original\Vehicles\Train\Train_002.mov
131,Nouns,Elephant,SSL400\Dataset - Original\Nouns\Elephant\Elephant_019.mp4
284,Vehicles,Boat,SSL400\Dataset - Original\Vehicles\Boat\Boat_013.MOV
97,Greetings,Thank you,SSL400\Dataset - Original\Greetings\Thank you\Thank you_101.mp4
180,Nouns,Skirt,SSL400\Dataset - Original\Nouns\Skirt\Skirt_013.MOV
65,Colors,Purple,SSL400\Dataset - Original\Colors\Purple\Purple_017.mp4
214,Numbers,4. four,SSL400\Dataset - Original\Numbers\4. four\4. four_001.mp4
315,Verbs,Eat,SSL400\Dataset - Original\Verbs\Eat\Eat_038.mp4
13,Adjectives,Good,SSL400\Dataset - Original\Adjectives\Good\Good_052.mp4
200,Numbers,1. one,SSL400\Dataset - Original\Numbers\1. one\1. one_003.mp4
366,Verbs,Talk,SSL400\Dataset - Original\Verbs\Talk\Talk_002.mov
87,Days,Tomorrow,SSL400\Dataset - Original\Days\Tomorrow\Tomorrow_012.MP4
140,Nouns,Hat,SSL400\Dataset - Original\Nouns\Hat\Hat_002.MOV
238,People,Grand father,SSL400\Dataset - Original\People\Grand father\Grand father_005.mp4
100,Months,August,SSL400\Dataset - Original\Months\August\August_002.mov
317,Verbs,Erase,SSL400\Dataset - Original\Verbs\Erase\Erase_005.mp4
359,Verbs,Sleep,SSL400\Dataset - Original\Verbs\Sleep\Sleep_009.mp4
97,Greetings,Thank you,SSL400\Dataset - Original\Greetings\Thank you\Thank you_065.mp4
131,Nouns,Elephant,SSL400\Dataset - Original\Nouns\Elephant\Elephant_022.mp4
300,Verbs,Change,SSL400\Dataset - Original\Verbs\Change\Change_012.mp4
233,People,Elder bro,SSL400\Dataset - Original\People\Elder bro\Elder bro_011.mp4
243,People,Man,SSL400\Dataset - Original\People\Man\Man_025.mov
151,Nouns,List,SSL400\Dataset - Original\Nouns\List\List_002.mp4
116,Nouns,Book,SSL400\Dataset - Original\Nouns\Book\Book_010.mp4
178,Nouns,Sign,SSL400\Dataset - Original\Nouns\Sign\Sign_004.mp4
221,Numbers,Count,SSL400\Dataset - Original\Numbers\Count\Count_001.mov
310,Verbs,Cut,SSL400\Dataset - Original\Verbs\Cut\Cut_013.mp4
51,Adverb,Not like (dislike),SSL400\Dataset - Original\Adverb\Not like (dislike)\Not like (dislike)_002.mov
97,Greetings,Thank you,SSL400\Dataset - Original\Greetings\Thank you\Thank you_106.mp4
310,Verbs,Cut,SSL400\Dataset - Original\Verbs\Cut\Cut_003.mp4
120,Nouns,Ceiling fan,SSL400\Dataset - Original\Nouns\Ceiling fan\Ceiling fan_014.MP4
183,Nouns,Squirrel,SSL400\Dataset - Original\Nouns\Squirrel\Squirrel_009.mp4
183,Nouns,Squirrel,SSL400\Dataset - Original\Nouns\Squirrel\Squirrel_007.mp4
146,Nouns,I,SSL400\Dataset - Original\Nouns\I\I_032.mp4
382,Verbs,Write,SSL400\Dataset - Original\Verbs\Write\Write_030.mp4
335,Verbs,Lead,SSL400\Dataset - Original\Verbs\Lead\Lead_002.mp4
121,Nouns,Cell phone,SSL400\Dataset - Original\Nouns\Cell phone\Cell phone_010.MOV
5,Adjectives,Deep,SSL400\Dataset - Original\Adjectives\Deep\Deep_002.mp4
119,Nouns,Cat,SSL400\Dataset - Original\Nouns\Cat\Cat_018.mp4
14,Adjectives,Happy,SSL400\Dataset - Original\Adjectives\Happy\Happy_002.mp4
87,Days,Tomorrow,SSL400\Dataset - Original\Days\Tomorrow\Tomorrow_009.MOV
198,Nouns,Window,SSL400\Dataset - Original\Nouns\Window\Window_002.MOV
199,Nouns,You,SSL400\Dataset - Original\Nouns\You\You_048.mov
180,Nouns,Skirt,SSL400\Dataset - Original\Nouns\Skirt\Skirt_011.MOV
180,Nouns,Skirt,SSL400\Dataset - Original\Nouns\Skirt\Skirt_009.MOV
367,Verbs,Teach,SSL400\Dataset - Original\Verbs\Teach\Teach_009.mp4
264,Places,Location,SSL400\Dataset - Original\Places\Location\Location_022.MOV
156,Nouns,Money,SSL400\Dataset - Original\Nouns\Money\Money_036.MP4
126,Nouns,Computer,SSL400\Dataset - Original\Nouns\Computer\Computer_006.MOV
321,Verbs,Follow,SSL400\Dataset - Original\Verbs\Follow\Follow_008.mp4
65,Colors,Purple,SSL400\Dataset - Original\Colors\Purple\Purple_022.mp4
359,Verbs,Sleep,SSL400\Dataset - Original\Verbs\Sleep\Sleep_011.mp4
199,Nouns,You,SSL400\Dataset - Original\Nouns\You\You_025.MOV
123,Nouns,Children,SSL400\Dataset - Original\Nouns\Children\Children_002.mp4
199,Nouns,You,SSL400\Dataset - Original\Nouns\You\You_030.MOV
85,Days,Time,SSL400\Dataset - Original\Days\Time\Time_015.MOV
115,Nouns,Bed,SSL400\Dataset - Original\Nouns\Bed\Bed_001.MOV
147,Nouns,Impact,SSL400\Dataset - Original\Nouns\Impact\Impact_002.mp4
309,Verbs,Cry,SSL400\Dataset - Original\Verbs\Cry\Cry_024.mp4
310,Verbs,Cut,SSL400\Dataset - Original\Verbs\Cut\Cut_001.mp4
249,People,Sister,SSL400\Dataset - Original\People\Sister\Sister_002.mov
279,Preposition,Than,SSL400\Dataset - Original\Preposition\Than\Than_001.mp4
292,Vehicles,Vehicle,SSL400\Dataset - Original\Vehicles\Vehicle\Vehicle_001.mp4
362,Verbs,Study,SSL400\Dataset - Original\Verbs\Study\Study_003.mov
183,Nouns,Squirrel,SSL400\Dataset - Original\Nouns\Squirrel\Squirrel_015.mp4
66,Colors,Red,SSL400\Dataset - Original\Colors\Red\Red_012.mp4
15,Adjectives,Hard,SSL400\Dataset - Original\Adjectives\Hard\Hard_011.MOV
211,Numbers,2. two,SSL400\Dataset - Original\Numbers\2. two\2. two_010.mov
376,Verbs,Visit,SSL400\Dataset - Original\Verbs\Visit\Visit_004.mp4
191,Nouns,Telephone,SSL400\Dataset - Original\Nouns\Telephone\Telephone_011.MOV
53,Adverb,Where,SSL400\Dataset - Original\Adverb\Where\Where_001.mov
135,Nouns,Fever,SSL400\Dataset - Original\Nouns\Fever\Fever_011.mp4
273,Preposition,In,SSL400\Dataset - Original\Preposition\In\In_005.mp4
267,Places,Road,SSL400\Dataset - Original\Places\Road\Road_008.MOV
156,Nouns,Money,SSL400\Dataset - Original\Nouns\Money\Money_027.MOV
258,Places,Airport,SSL400\Dataset - Original\Places\Airport\Airport_001.mov
17,Adjectives,High,SSL400\Dataset - Original\Adjectives\High\High_001.MOV
340,Verbs,Love,SSL400\Dataset - Original\Verbs\Love\Love_007.mp4
377,Verbs,Walk,SSL400\Dataset - Original\Verbs\Walk\Walk_027.mov
168,Nouns,Pencil,SSL400\Dataset - Original\Nouns\Pencil\Pencil_014.MP4
257,People,Younger sister,SSL400\Dataset - Original\People\Younger sister\Younger sister_003.mov
63,Colors,Orange,SSL400\Dataset - Original\Colors\Orange\Orange_003.mp4
108,Months,Month,SSL400\Dataset - Original\Months\Month\Month_006.mov
97,Greetings,Thank you,SSL400\Dataset - Original\Greetings\Thank you\Thank you_090.mp4
314,Verbs,Drink,SSL400\Dataset - Original\Verbs\Drink\Drink_009.mp4
72,Days,Evening,SSL400\Dataset - Original\Days\Evening\Evening_002.mov
31,Adjectives,Same,SSL400\Dataset - Original\Adjectives\Same\Same_004.mp4
20,Adjectives,Loose,SSL400\Dataset - Original\Adjectives\Loose\Loose_003.MOV
293,Verbs,Allow,SSL400\Dataset - Original\Verbs\Allow\Allow_004.mp4
86,Days,Today,SSL400\Dataset - Original\Days\Today\Today_027.MOV
228,People,Bro,SSL400\Dataset - Original\People\Bro\Bro_001.mov
13,Adjectives,Good,SSL400\Dataset - Original\Adjectives\Good\Good_040.mp4
314,Verbs,Drink,SSL400\Dataset - Original\Verbs\Drink\Drink_007.mp4
374,Verbs,Understand,SSL400\Dataset - Original\Verbs\Understand\Understand_004.mov
324,Verbs,Go,SSL400\Dataset - Original\Verbs\Go\Go_004.mp4
1,Adjectives,Beautiful,SSL400\Dataset - Original\Adjectives\Beautiful\Beautiful_010.mp4
128,Nouns,Crocodile,SSL400\Dataset - Original\Nouns\Crocodile\Crocodile_014.mp4
354,Verbs,See,SSL400\Dataset - Original\Verbs\See\See_008.mp4
324,Verbs,Go,SSL400\Dataset - Original\Verbs\Go\Go_015.mp4
13,Adjectives,Good,SSL400\Dataset - Original\Adjectives\Good\Good_027.mp4
305,Verbs,Cook,SSL400\Dataset - Original\Verbs\Cook\Cook_008.mp4
354,Verbs,See,SSL400\Dataset - Original\Verbs\See\See_024.mov
5,Adjectives,Deep,SSL400\Dataset - Original\Adjectives\Deep\Deep_013.MOV
156,Nouns,Money,SSL400\Dataset - Original\Nouns\Money\Money_026.MOV
91,Days,Yesterday,SSL400\Dataset - Original\Days\Yesterday\Yesterday_012.MP4
296,Verbs,Break,SSL400\Dataset - Original\Verbs\Break\Break_002.mov
146,Nouns,I,SSL400\Dataset - Original\Nouns\I\I_005.mp4
256,People,Younger bro,SSL400\Dataset - Original\People\Younger bro\Younger bro_015.mp4
35,Adjectives,Strong,SSL400\Dataset - Original\Adjectives\Strong\Strong_007.MOV
328,Verbs,Help,SSL400\Dataset - Original\Verbs\Help\Help_008.mp4
361,Verbs,Stop,SSL400\Dataset - Original\Verbs\Stop\Stop_007.mov
234,People,Elder sister,SSL400\Dataset - Original\People\Elder sister\Elder sister_006.mp4
89,Days,Wednesday,SSL400\Dataset - Original\Days\Wednesday\Wednesday_009.MOV
223,Numbers,Equal,SSL400\Dataset - Original\Numbers\Equal\Equal_005.mp4
1,Adjectives,Beautiful,SSL400\Dataset - Original\Adjectives\Beautiful\Beautiful_021.mp4
135,Nouns,Fever,SSL400\Dataset - Original\Nouns\Fever\Fever_012.mp4
308,Verbs,Cover,SSL400\Dataset - Original\Verbs\Cover\Cover_003.mp4
217,Numbers,7. seven,SSL400\Dataset - Original\Numbers\7. seven\7. seven_001.mov
377,Verbs,Walk,SSL400\Dataset - Original\Verbs\Walk\Walk_025.mov
120,Nouns,Ceiling fan,SSL400\Dataset - Original\Nouns\Ceiling fan\Ceiling fan_012.MOV
162,Nouns,Ok,SSL400\Dataset - Original\Nouns\Ok\Ok_007.mp4
315,Verbs,Eat,SSL400\Dataset - Original\Verbs\Eat\Eat_030.mp4
369,Verbs,Tell,SSL400\Dataset - Original\Verbs\Tell\Tell_017.mp4
348,Verbs,Pull,SSL400\Dataset - Original\Verbs\Pull\Pull_006.mp4
313,Verbs,Draw,SSL400\Dataset - Original\Verbs\Draw\Draw_002.mov
13,Adjectives,Good,SSL400\Dataset - Original\Adjectives\Good\Good_065.mp4
238,People,Grand father,SSL400\Dataset - Original\People\Grand father\Grand father_012.mp4
15,Adjectives,Hard,SSL400\Dataset - Original\Adjectives\Hard\Hard_001.mp4
323,Verbs,Give,SSL400\Dataset - Original\Verbs\Give\Give_014.mov
103,Months,January,SSL400\Dataset - Original\Months\January\January_015.mp4
319,Verbs,Feel,SSL400\Dataset - Original\Verbs\Feel\Feel_006.mp4
342,Verbs,Meet,SSL400\Dataset - Original\Verbs\Meet\Meet_018.mp4
251,People,Son,SSL400\Dataset - Original\People\Son\Son_017.MOV
79,Days,Morning,SSL400\Dataset - Original\Days\Morning\Morning_002.mov
9,Adjectives,Fast,SSL400\Dataset - Original\Adjectives\Fast\Fast_017.MOV
253,People,Uncle,SSL400\Dataset - Original\People\Uncle\Uncle_004.mov
215,Numbers,5. five,SSL400\Dataset - Original\Numbers\5. five\5. five_012.mov
347,Verbs,Play,SSL400\Dataset - Original\Verbs\Play\Play_007.mp4
93,Greetings,Alright,SSL400\Dataset - Original\Greetings\Alright\Alright_017.MOV
245,People,Player,SSL400\Dataset - Original\People\Player\Player_018.MOV
61,Colors,Green,SSL400\Dataset - Original\Colors\Green\Green_007.mp4
148,Nouns,Internet,SSL400\Dataset - Original\Nouns\Internet\Internet_001.mp4
199,Nouns,You,SSL400\Dataset - Original\Nouns\You\You_003.mp4
149,Nouns,Key,SSL400\Dataset - Original\Nouns\Key\Key_011.MP4
359,Verbs,Sleep,SSL400\Dataset - Original\Verbs\Sleep\Sleep_012.mp4
77,Days,Hour,SSL400\Dataset - Original\Days\Hour\Hour_008.mp4
97,Greetings,Thank you,SSL400\Dataset - Original\Greetings\Thank you\Thank you_076.mp4
228,People,Bro,SSL400\Dataset - Original\People\Bro\Bro_008.mov
87,Days,Tomorrow,SSL400\Dataset - Original\Days\Tomorrow\Tomorrow_017.mov
286,Vehicles,Car,SSL400\Dataset - Original\Vehicles\Car\Car_003.mov
99,Months,April,SSL400\Dataset - Original\Months\April\April_002.mp4
199,Nouns,You,SSL400\Dataset - Original\Nouns\You\You_018.MOV
119,Nouns,Cat,SSL400\Dataset - Original\Nouns\Cat\Cat_017.mp4
75,Days,Good morning,SSL400\Dataset - Original\Days\Good morning\Good morning_002.mov
251,People,Son,SSL400\Dataset - Original\People\Son\Son_014.MOV
121,Nouns,Cell phone,SSL400\Dataset - Original\Nouns\Cell phone\Cell phone_004.MOV
145,Nouns,How much,SSL400\Dataset - Original\Nouns\How much\How much_002.mov
369,Verbs,Tell,SSL400\Dataset - Original\Verbs\Tell\Tell_034.mp4
378,Verbs,Want,SSL400\Dataset - Original\Verbs\Want\Want_004.mp4
186,Nouns,Suit,SSL400\Dataset - Original\Nouns\Suit\Suit_011.MOV
328,Verbs,Help,SSL400\Dataset - Original\Verbs\Help\Help_027.mov
304,Verbs,Connect,SSL400\Dataset - Original\Verbs\Connect\Connect_006.mp4
215,Numbers,5. five,SSL400\Dataset - Original\Numbers\5. five\5. five_013.mov
236,People,Family,SSL400\Dataset - Original\People\Family\Family_002.mov
33,Adjectives,Small,SSL400\Dataset - Original\Adjectives\Small\Small_008.mp4
334,Verbs,Laugh,SSL400\Dataset - Original\Verbs\Laugh\Laugh_002.mov
135,Nouns,Fever,SSL400\Dataset - Original\Nouns\Fever\Fever_020.mp4
268,Places,Shop,SSL400\Dataset - Original\Places\Shop\Shop_002.MOV
368,Verbs,Tear,SSL400\Dataset - Original\Verbs\Tear\Tear_003.mov
243,People,Man,SSL400\Dataset - Original\People\Man\Man_033.MOV
288,Vehicles,Plane,SSL400\Dataset - Original\Vehicles\Plane\Plane_009.MOV
86,Days,Today,SSL400\Dataset - Original\Days\Today\Today_022.MOV
156,Nouns,Money,SSL400\Dataset - Original\Nouns\Money\Money_035.MP4
117,Nouns,Camera,SSL400\Dataset - Original\Nouns\Camera\Camera_010.MOV
15,Adjectives,Hard,SSL400\Dataset - Original\Adjectives\Hard\Hard_005.mp4
230,People,Child,SSL400\Dataset - Original\People\Child\Child_022.MOV
147,Nouns,Impact,SSL400\Dataset - Original\Nouns\Impact\Impact_001.mp4
277,Preposition,Out,SSL400\Dataset - Original\Preposition\Out\Out_002.mp4
377,Verbs,Walk,SSL400\Dataset - Original\Verbs\Walk\Walk_005.mp4
117,Nouns,Camera,SSL400\Dataset - Original\Nouns\Camera\Camera_003.mp4
284,Vehicles,Boat,SSL400\Dataset - Original\Vehicles\Boat\Boat_019.MOV
134,Nouns,Face,SSL400\Dataset - Original\Nouns\Face\Face_007.mp4
103,Months,January,SSL400\Dataset - Original\Months\January\January_024.mp4
156,Nouns,Money,SSL400\Dataset - Original\Nouns\Money\Money_018.mp4
254,People,Us,SSL400\Dataset - Original\People\Us\Us_013.mp4
199,Nouns,You,SSL400\Dataset - Original\Nouns\You\You_006.mp4
186,Nouns,Suit,SSL400\Dataset - Original\Nouns\Suit\Suit_015.MOV
97,Greetings,Thank you,SSL400\Dataset - Original\Greetings\Thank you\Thank you_086.mp4
54,Adverb,Why,SSL400\Dataset - Original\Adverb\Why\Why_001.mov
13,Adjectives,Good,SSL400\Dataset - Original\Adjectives\Good\Good_045.mp4
40,Adjectives,Wrong,SSL400\Dataset - Original\Adjectives\Wrong\Wrong_001.mp4
191,Nouns,Telephone,SSL400\Dataset - Original\Nouns\Telephone\Telephone_002.mp4
117,Nouns,Camera,SSL400\Dataset - Original\Nouns\Camera\Camera_008.MOV
56,Colors,Blue,SSL400\Dataset - Original\Colors\Blue\Blue_004.mp4
347,Verbs,Play,SSL400\Dataset - Original\Verbs\Play\Play_024.mp4
95,Greetings,Hello,SSL400\Dataset - Original\Greetings\Hello\Hello_088.mp4
174,Nouns,Ring,SSL400\Dataset - Original\Nouns\Ring\Ring_010.MOV
369,Verbs,Tell,SSL400\Dataset - Original\Verbs\Tell\Tell_022.mp4
196,Nouns,Whom,SSL400\Dataset - Original\Nouns\Whom\Whom_003.mov
109,Months,November,SSL400\Dataset - Original\Months\November\November_007.mov
314,Verbs,Drink,SSL400\Dataset - Original\Verbs\Drink\Drink_031.mp4
170,Nouns,Pocket,SSL400\Dataset - Original\Nouns\Pocket\Pocket_002.mp4
360,Verbs,Smile,SSL400\Dataset - Original\Verbs\Smile\Smile_002.mov
55,Colors,Black,SSL400\Dataset - Original\Colors\Black\Black_010.MOV
244,People,Mother,SSL400\Dataset - Original\People\Mother\Mother_026.mov
309,Verbs,Cry,SSL400\Dataset - Original\Verbs\Cry\Cry_012.mp4
359,Verbs,Sleep,SSL400\Dataset - Original\Verbs\Sleep\Sleep_017.mp4
156,Nouns,Money,SSL400\Dataset - Original\Nouns\Money\Money_032.MP4
278,Preposition,Over,SSL400\Dataset - Original\Preposition\Over\Over_002.mp4
351,Verbs,Run,SSL400\Dataset - Original\Verbs\Run\Run_002.mp4
187,Nouns,Table,SSL400\Dataset - Original\Nouns\Table\Table_015.mov
342,Verbs,Meet,SSL400\Dataset - Original\Verbs\Meet\Meet_009.mp4
5,Adjectives,Deep,SSL400\Dataset - Original\Adjectives\Deep\Deep_006.mp4
9,Adjectives,Fast,SSL400\Dataset - Original\Adjectives\Fast\Fast_016.MOV
96,Greetings,How are you,SSL400\Dataset - Original\Greetings\How are you\How are you_001.mov
315,Verbs,Eat,SSL400\Dataset - Original\Verbs\Eat\Eat_031.mov
382,Verbs,Write,SSL400\Dataset - Original\Verbs\Write\Write_019.mp4
263,Places,House,SSL400\Dataset - Original\Places\House\House_040.mp4
95,Greetings,Hello,SSL400\Dataset - Original\Greetings\Hello\Hello_025.mp4
359,Verbs,Sleep,SSL400\Dataset - Original\Verbs\Sleep\Sleep_025.mp4
374,Verbs,Understand,SSL400\Dataset - Original\Verbs\Understand\Understand_003.mov
288,Vehicles,Plane,SSL400\Dataset - Original\Vehicles\Plane\Plane_016.MOV
347,Verbs,Play,SSL400\Dataset - Original\Verbs\Play\Play_003.mp4
324,Verbs,Go,SSL400\Dataset - Original\Verbs\Go\Go_001.mp4
281,Preposition,Until,SSL400\Dataset - Original\Preposition\Until\Until_005.mp4
70,Days,Day,SSL400\Dataset - Original\Days\Day\Day_008.mp4
30,Adjectives,Rich,SSL400\Dataset - Original\Adjectives\Rich\Rich_012.mp4
103,Months,January,SSL400\Dataset - Original\Months\January\January_007.mp4
282,Preposition,Up,SSL400\Dataset - Original\Preposition\Up\Up_004.mp4
238,People,Grand father,SSL400\Dataset - Original\People\Grand father\Grand father_023.mov
305,Verbs,Cook,SSL400\Dataset - Original\Verbs\Cook\Cook_010.mp4
234,People,Elder sister,SSL400\Dataset - Original\People\Elder sister\Elder sister_015.mp4
150,Nouns,Laptop,SSL400\Dataset - Original\Nouns\Laptop\Laptop_012.MP4
323,Verbs,Give,SSL400\Dataset - Original\Verbs\Give\Give_010.mp4
55,Colors,Black,SSL400\Dataset - Original\Colors\Black\Black_023.MOV
263,Places,House,SSL400\Dataset - Original\Places\House\House_050.mp4
140,Nouns,Hat,SSL400\Dataset - Original\Nouns\Hat\Hat_001.MOV
75,Days,Good morning,SSL400\Dataset - Original\Days\Good morning\Good morning_004.mov
271,Preposition,After,SSL400\Dataset - Original\Preposition\After\After_006.mp4
66,Colors,Red,SSL400\Dataset - Original\Colors\Red\Red_014.mp4
170,Nouns,Pocket,SSL400\Dataset - Original\Nouns\Pocket\Pocket_003.MOV
379,Verbs,Wash,SSL400\Dataset - Original\Verbs\Wash\Wash_004.mp4
243,People,Man,SSL400\Dataset - Original\People\Man\Man_040.MOV
201,Numbers,10. ten,SSL400\Dataset - Original\Numbers\10. ten\10. ten_003.mov
124,Nouns,Choice,SSL400\Dataset - Original\Nouns\Choice\Choice_002.mp4
328,Verbs,Help,SSL400\Dataset - Original\Verbs\Help\Help_022.mp4
178,Nouns,Sign,SSL400\Dataset - Original\Nouns\Sign\Sign_003.mp4
380,Verbs,Watch,SSL400\Dataset - Original\Verbs\Watch\Watch_004.mp4
172,Nouns,Problem,SSL400\Dataset - Original\Nouns\Problem\Problem_005.mp4
310,Verbs,Cut,SSL400\Dataset - Original\Verbs\Cut\Cut_008.mp4
77,Days,Hour,SSL400\Dataset - Original\Days\Hour\Hour_027.MOV
370,Verbs,Text,SSL400\Dataset - Original\Verbs\Text\Text_001.mp4
347,Verbs,Play,SSL400\Dataset - Original\Verbs\Play\Play_008.mp4
315,Verbs,Eat,SSL400\Dataset - Original\Verbs\Eat\Eat_001.mp4
13,Adjectives,Good,SSL400\Dataset - Original\Adjectives\Good\Good_047.mp4
184,Nouns,Street,SSL400\Dataset - Original\Nouns\Street\Street_006.mp4
177,Nouns,Shirt,SSL400\Dataset - Original\Nouns\Shirt\Shirt_002.MOV
174,Nouns,Ring,SSL400\Dataset - Original\Nouns\Ring\Ring_005.mp4
257,People,Younger sister,SSL400\Dataset - Original\People\Younger sister\Younger sister_004.mov
103,Months,January,SSL400\Dataset - Original\Months\January\January_026.mp4
382,Verbs,Write,SSL400\Dataset - Original\Verbs\Write\Write_001.mp4
97,Greetings,Thank you,SSL400\Dataset - Original\Greetings\Thank you\Thank you_070.mp4
199,Nouns,You,SSL400\Dataset - Original\Nouns\You\You_001.mp4
320,Verbs,Fight,SSL400\Dataset - Original\Verbs\Fight\Fight_026.mov
1,Adjectives,Beautiful,SSL400\Dataset - Original\Adjectives\Beautiful\Beautiful_022.mov
321,Verbs,Follow,SSL400\Dataset - Original\Verbs\Follow\Follow_003.mp4
89,Days,Wednesday,SSL400\Dataset - Original\Days\Wednesday\Wednesday_011.MOV
245,People,Player,SSL400\Dataset - Original\People\Player\Player_013.MOV
170,Nouns,Pocket,SSL400\Dataset - Original\Nouns\Pocket\Pocket_019.MOV
200,Numbers,1. one,SSL400\Dataset - Original\Numbers\1. one\1. one_019.mov
135,Nouns,Fever,SSL400\Dataset - Original\Nouns\Fever\Fever_016.mp4
263,Places,House,SSL400\Dataset - Original\Places\House\House_010.mp4
54,Adverb,Why,SSL400\Dataset - Original\Adverb\Why\Why_002.mov
264,Places,Location,SSL400\Dataset - Original\Places\Location\Location_014.MOV
125,Nouns,Clothing,SSL400\Dataset - Original\Nouns\Clothing\Clothing_001.MOV
140,Nouns,Hat,SSL400\Dataset - Original\Nouns\Hat\Hat_009.MOV
296,Verbs,Break,SSL400\Dataset - Original\Verbs\Break\Break_001.mov
180,Nouns,Skirt,SSL400\Dataset - Original\Nouns\Skirt\Skirt_015.MOV
233,People,Elder bro,SSL400\Dataset - Original\People\Elder bro\Elder bro_002.mp4
243,People,Man,SSL400\Dataset - Original\People\Man\Man_020.mp4
124,Nouns,Choice,SSL400\Dataset - Original\Nouns\Choice\Choice_003.mp4
261,Places,Church,SSL400\Dataset - Original\Places\Church\Church_001.mov
270,Places,Train station,SSL400\Dataset - Original\Places\Train station\Train station_001.mov
55,Colors,Black,SSL400\Dataset - Original\Colors\Black\Black_014.MOV
320,Verbs,Fight,SSL400\Dataset - Original\Verbs\Fight\Fight_011.mp4
342,Verbs,Meet,SSL400\Dataset - Original\Verbs\Meet\Meet_017.mp4
134,Nouns,Face,SSL400\Dataset - Original\Nouns\Face\Face_002.mp4
178,Nouns,Sign,SSL400\Dataset - Original\Nouns\Sign\Sign_008.mp4
307,Verbs,Cough,SSL400\Dataset - Original\Verbs\Cough\Cough_017.mp4
233,People,Elder bro,SSL400\Dataset - Original\People\Elder bro\Elder bro_022.mov
187,Nouns,Table,SSL400\Dataset - Original\Nouns\Table\Table_003.MOV
174,Nouns,Ring,SSL400\Dataset - Original\Nouns\Ring\Ring_016.MP4
26,Adjectives,Past,SSL400\Dataset - Original\Adjectives\Past\Past_006.mp4
137,Nouns,Food,SSL400\Dataset - Original\Nouns\Food\Food_001.mp4
4,Adjectives,Deaf,SSL400\Dataset - Original\Adjectives\Deaf\Deaf_012.MOV
77,Days,Hour,SSL400\Dataset - Original\Days\Hour\Hour_021.mov
147,Nouns,Impact,SSL400\Dataset - Original\Nouns\Impact\Impact_006.mp4
168,Nouns,Pencil,SSL400\Dataset - Original\Nouns\Pencil\Pencil_002.MOV
256,People,Younger bro,SSL400\Dataset - Original\People\Younger bro\Younger bro_023.mov
238,People,Grand father,SSL400\Dataset - Original\People\Grand father\Grand father_003.mp4
303,Verbs,Come,SSL400\Dataset - Original\Verbs\Come\Come_025.mov
319,Verbs,Feel,SSL400\Dataset - Original\Verbs\Feel\Feel_002.mp4
33,Adjectives,Small,SSL400\Dataset - Original\Adjectives\Small\Small_002.mp4
130,Nouns,Door,SSL400\Dataset - Original\Nouns\Door\Door_003.mp4
305,Verbs,Cook,SSL400\Dataset - Original\Verbs\Cook\Cook_018.mp4
309,Verbs,Cry,SSL400\Dataset - Original\Verbs\Cry\Cry_022.mp4
245,People,Player,SSL400\Dataset - Original\People\Player\Player_008.MOV
57,Colors,Brown,SSL400\Dataset - Original\Colors\Brown\Brown_004.mp4
214,Numbers,4. four,SSL400\Dataset - Original\Numbers\4. four\4. four_015.mov
199,Nouns,You,SSL400\Dataset - Original\Nouns\You\You_036.mov
85,Days,Time,SSL400\Dataset - Original\Days\Time\Time_008.mp4
375,Verbs,Use,SSL400\Dataset - Original\Verbs\Use\Use_005.mp4
95,Greetings,Hello,SSL400\Dataset - Original\Greetings\Hello\Hello_078.mp4
191,Nouns,Telephone,SSL400\Dataset - Original\Nouns\Telephone\Telephone_009.MOV
77,Days,Hour,SSL400\Dataset - Original\Days\Hour\Hour_029.MOV
22,Adjectives,Next,SSL400\Dataset - Original\Adjectives\Next\Next_002.mp4
103,Months,January,SSL400\Dataset - Original\Months\January\January_008.mp4
156,Nouns,Money,SSL400\Dataset - Original\Nouns\Money\Money_016.mp4
256,People,Younger bro,SSL400\Dataset - Original\People\Younger bro\Younger bro_005.mp4
238,People,Grand father,SSL400\Dataset - Original\People\Grand father\Grand father_001.mp4
234,People,Elder sister,SSL400\Dataset - Original\People\Elder sister\Elder sister_025.mov
323,Verbs,Give,SSL400\Dataset - Original\Verbs\Give\Give_011.mp4
20,Adjectives,Loose,SSL400\Dataset - Original\Adjectives\Loose\Loose_007.MOV
12,Adjectives,Full,SSL400\Dataset - Original\Adjectives\Full\Full_009.mp4
113,Nouns,Article,SSL400\Dataset - Original\Nouns\Article\Article_002.mp4
231,People,Daughter,SSL400\Dataset - Original\People\Daughter\Daughter_001.mov
267,Places,Road,SSL400\Dataset - Original\Places\Road\Road_013.MOV
43,Adverb,Can,SSL400\Dataset - Original\Adverb\Can\Can_011.mov
135,Nouns,Fever,SSL400\Dataset - Original\Nouns\Fever\Fever_009.mp4
131,Nouns,Elephant,SSL400\Dataset - Original\Nouns\Elephant\Elephant_001.mp4
376,Verbs,Visit,SSL400\Dataset - Original\Verbs\Visit\Visit_009.mp4
318,Verbs,Exchange,SSL400\Dataset - Original\Verbs\Exchange\Exchange_004.mp4
230,People,Child,SSL400\Dataset - Original\People\Child\Child_019.MOV
326,Verbs,Hang,SSL400\Dataset - Original\Verbs\Hang\Hang_001.mov
78,Days,Monday,SSL400\Dataset - Original\Days\Monday\Monday_008.mp4
65,Colors,Purple,SSL400\Dataset - Original\Colors\Purple\Purple_018.mp4
116,Nouns,Book,SSL400\Dataset - Original\Nouns\Book\Book_006.mp4
356,Verbs,Sell,SSL400\Dataset - Original\Verbs\Sell\Sell_024.mp4
211,Numbers,2. two,SSL400\Dataset - Original\Numbers\2. two\2. two_022.mov
351,Verbs,Run,SSL400\Dataset - Original\Verbs\Run\Run_009.mp4
215,Numbers,5. five,SSL400\Dataset - Original\Numbers\5. five\5. five_002.mp4
95,Greetings,Hello,SSL400\Dataset - Original\Greetings\Hello\Hello_050.MOV
320,Verbs,Fight,SSL400\Dataset - Original\Verbs\Fight\Fight_017.mp4
164,Nouns,Paint,SSL400\Dataset - Original\Nouns\Paint\Paint_014.MP4
16,Adjectives,Healthy,SSL400\Dataset - Original\Adjectives\Healthy\Healthy_009.MOV
97,Greetings,Thank you,SSL400\Dataset - Original\Greetings\Thank you\Thank you_100.mp4
68,Colors,Yellow,SSL400\Dataset - Original\Colors\Yellow\Yellow_029.MOV
359,Verbs,Sleep,SSL400\Dataset - Original\Verbs\Sleep\Sleep_022.mp4
277,Preposition,Out,SSL400\Dataset - Original\Preposition\Out\Out_005.mp4
250,People,Sister in law,SSL400\Dataset - Original\People\Sister in law\Sister in law_002.mov
322,Verbs,Get up,SSL400\Dataset - Original\Verbs\Get up\Get up_001.mov
134,Nouns,Face,SSL400\Dataset - Original\Nouns\Face\Face_006.mp4
263,Places,House,SSL400\Dataset - Original\Places\House\House_043.mp4
66,Colors,Red,SSL400\Dataset - Original\Colors\Red\Red_008.mp4
77,Days,Hour,SSL400\Dataset - Original\Days\Hour\Hour_019.mp4
1,Adjectives,Beautiful,SSL400\Dataset - Original\Adjectives\Beautiful\Beautiful_001.mp4
0,Adjectives,Bad,SSL400\Dataset - Original\Adjectives\Bad\Bad_004.mov
282,Preposition,Up,SSL400\Dataset - Original\Preposition\Up\Up_005.mp4
164,Nouns,Paint,SSL400\Dataset - Original\Nouns\Paint\Paint_015.MP4
103,Months,January,SSL400\Dataset - Original\Months\January\January_020.mov
186,Nouns,Suit,SSL400\Dataset - Original\Nouns\Suit\Suit_008.MOV
218,Numbers,8. eight,SSL400\Dataset - Original\Numbers\8. eight\8. eight_001.mov
61,Colors,Green,SSL400\Dataset - Original\Colors\Green\Green_020.mp4
195,Nouns,Who,SSL400\Dataset - Original\Nouns\Who\Who_002.mov
16,Adjectives,Healthy,SSL400\Dataset - Original\Adjectives\Healthy\Healthy_011.MOV
233,People,Elder bro,SSL400\Dataset - Original\People\Elder bro\Elder bro_016.mp4
97,Greetings,Thank you,SSL400\Dataset - Original\Greetings\Thank you\Thank you_098.mp4
73,Days,Friday,SSL400\Dataset - Original\Days\Friday\Friday_002.mov
97,Greetings,Thank you,SSL400\Dataset - Original\Greetings\Thank you\Thank you_041.MOV
194,Nouns,Weather,SSL400\Dataset - Original\Nouns\Weather\Weather_003.mp4
164,Nouns,Paint,SSL400\Dataset - Original\Nouns\Paint\Paint_012.MOV
232,People,Doctor,SSL400\Dataset - Original\People\Doctor\Doctor_010.mp4
303,Verbs,Come,SSL400\Dataset - Original\Verbs\Come\Come_029.mov
315,Verbs,Eat,SSL400\Dataset - Original\Verbs\Eat\Eat_015.mp4
168,Nouns,Pencil,SSL400\Dataset - Original\Nouns\Pencil\Pencil_001.MOV
347,Verbs,Play,SSL400\Dataset - Original\Verbs\Play\Play_015.mp4
41,Adverb,Again,SSL400\Dataset - Original\Adverb\Again\Again_014.mp4
92,Determiner,No,SSL400\Dataset - Original\Determiner\No\No_003.mov
251,People,Son,SSL400\Dataset - Original\People\Son\Son_022.mov
48,Adverb,Here,SSL400\Dataset - Original\Adverb\Here\Here_006.mp4
234,People,Elder sister,SSL400\Dataset - Original\People\Elder sister\Elder sister_005.mp4
78,Days,Monday,SSL400\Dataset - Original\Days\Monday\Monday_009.mp4
100,Months,August,SSL400\Dataset - Original\Months\August\August_003.mp4
61,Colors,Green,SSL400\Dataset - Original\Colors\Green\Green_019.mp4
74,Days,Good evening,SSL400\Dataset - Original\Days\Good evening\Good evening_001.mov
138,Nouns,Group,SSL400\Dataset - Original\Nouns\Group\Group_008.mp4
146,Nouns,I,SSL400\Dataset - Original\Nouns\I\I_036.mp4
98,Interjection,Yes,SSL400\Dataset - Original\Interjection\Yes\Yes_005.mov
159,Nouns,My,SSL400\Dataset - Original\Nouns\My\My_005.mp4
267,Places,Road,SSL400\Dataset - Original\Places\Road\Road_009.MOV
117,Nouns,Camera,SSL400\Dataset - Original\Nouns\Camera\Camera_016.MOV
91,Days,Yesterday,SSL400\Dataset - Original\Days\Yesterday\Yesterday_016.mov
215,Numbers,5. five,SSL400\Dataset - Original\Numbers\5. five\5. five_009.mov
237,People,Father,SSL400\Dataset - Original\People\Father\Father_003.mov
242,People,Lady,SSL400\Dataset - Original\People\Lady\Lady_002.mov
177,Nouns,Shirt,SSL400\Dataset - Original\Nouns\Shirt\Shirt_008.MOV
156,Nouns,Money,SSL400\Dataset - Original\Nouns\Money\Money_017.mp4
369,Verbs,Tell,SSL400\Dataset - Original\Verbs\Tell\Tell_012.mp4
356,Verbs,Sell,SSL400\Dataset - Original\Verbs\Sell\Sell_014.mp4
97,Greetings,Thank you,SSL400\Dataset - Original\Greetings\Thank you\Thank you_096.mp4
200,Numbers,1. one,SSL400\Dataset - Original\Numbers\1. one\1. one_005.mp4
275,Preposition,Near,SSL400\Dataset - Original\Preposition\Near\Near_009.mp4
66,Colors,Red,SSL400\Dataset - Original\Colors\Red\Red_002.mp4
55,Colors,Black,SSL400\Dataset - Original\Colors\Black\Black_019.MOV
183,Nouns,Squirrel,SSL400\Dataset - Original\Nouns\Squirrel\Squirrel_005.mp4
37,Adjectives,Tight,SSL400\Dataset - Original\Adjectives\Tight\Tight_007.MOV
95,Greetings,Hello,SSL400\Dataset - Original\Greetings\Hello\Hello_091.mp4
32,Adjectives,Senior,SSL400\Dataset - Original\Adjectives\Senior\Senior_002.mp4
95,Greetings,Hello,SSL400\Dataset - Original\Greetings\Hello\Hello_080.mp4
342,Verbs,Meet,SSL400\Dataset - Original\Verbs\Meet\Meet_006.mp4
245,People,Player,SSL400\Dataset - Original\People\Player\Player_014.MOV
301,Verbs,Choose,SSL400\Dataset - Original\Verbs\Choose\Choose_004.mp4
131,Nouns,Elephant,SSL400\Dataset - Original\Nouns\Elephant\Elephant_020.mp4
230,People,Child,SSL400\Dataset - Original\People\Child\Child_010.MOV
168,Nouns,Pencil,SSL400\Dataset - Original\Nouns\Pencil\Pencil_004.MOV
314,Verbs,Drink,SSL400\Dataset - Original\Verbs\Drink\Drink_010.mp4
141,Nouns,He,SSL400\Dataset - Original\Nouns\He\He_017.MOV
256,People,Younger bro,SSL400\Dataset - Original\People\Younger bro\Younger bro_014.mp4
18,Adjectives,Independent,SSL400\Dataset - Original\Adjectives\Independent\Independent_006.mp4
186,Nouns,Suit,SSL400\Dataset - Original\Nouns\Suit\Suit_004.MOV
77,Days,Hour,SSL400\Dataset - Original\Days\Hour\Hour_011.mp4
271,Preposition,After,SSL400\Dataset - Original\Preposition\After\After_007.mp4
173,Nouns,Radio,SSL400\Dataset - Original\Nouns\Radio\Radio_007.MOV
95,Greetings,Hello,SSL400\Dataset - Original\Greetings\Hello\Hello_008.mp4
337,Verbs,Like,SSL400\Dataset - Original\Verbs\Like\Like_004.mov
314,Verbs,Drink,SSL400\Dataset - Original\Verbs\Drink\Drink_041.mov
180,Nouns,Skirt,SSL400\Dataset - Original\Nouns\Skirt\Skirt_003.MOV
237,People,Father,SSL400\Dataset - Original\People\Father\Father_001.mov
13,Adjectives,Good,SSL400\Dataset - Original\Adjectives\Good\Good_054.mp4
16,Adjectives,Healthy,SSL400\Dataset - Original\Adjectives\Healthy\Healthy_019.MOV
68,Colors,Yellow,SSL400\Dataset - Original\Colors\Yellow\Yellow_014.mp4
233,People,Elder bro,SSL400\Dataset - Original\People\Elder bro\Elder bro_018.mp4
194,Nouns,Weather,SSL400\Dataset - Original\Nouns\Weather\Weather_005.mp4
335,Verbs,Lead,SSL400\Dataset - Original\Verbs\Lead\Lead_001.mp4
303,Verbs,Come,SSL400\Dataset - Original\Verbs\Come\Come_008.mp4
61,Colors,Green,SSL400\Dataset - Original\Colors\Green\Green_027.mp4
345,Verbs,Order,SSL400\Dataset - Original\Verbs\Order\Order_002.mp4
97,Greetings,Thank you,SSL400\Dataset - Original\Greetings\Thank you\Thank you_088.mp4
264,Places,Location,SSL400\Dataset - Original\Places\Location\Location_012.MOV
87,Days,Tomorrow,SSL400\Dataset - Original\Days\Tomorrow\Tomorrow_011.MOV
243,People,Man,SSL400\Dataset - Original\People\Man\Man_031.MOV
68,Colors,Yellow,SSL400\Dataset - Original\Colors\Yellow\Yellow_042.MP4
339,Verbs,Look,SSL400\Dataset - Original\Verbs\Look\Look_022.mp4
288,Vehicles,Plane,SSL400\Dataset - Original\Vehicles\Plane\Plane_007.mp4
321,Verbs,Follow,SSL400\Dataset - Original\Verbs\Follow\Follow_007.mp4
311,Verbs,Dance,SSL400\Dataset - Original\Verbs\Dance\Dance_001.mov
177,Nouns,Shirt,SSL400\Dataset - Original\Nouns\Shirt\Shirt_011.MOV
48,Adverb,Here,SSL400\Dataset - Original\Adverb\Here\Here_001.mp4
120,Nouns,Ceiling fan,SSL400\Dataset - Original\Nouns\Ceiling fan\Ceiling fan_016.MP4
325,Verbs,Guide,SSL400\Dataset - Original\Verbs\Guide\Guide_005.mp4
95,Greetings,Hello,SSL400\Dataset - Original\Greetings\Hello\Hello_055.MOV
67,Colors,White,SSL400\Dataset - Original\Colors\White\White_025.MOV
115,Nouns,Bed,SSL400\Dataset - Original\Nouns\Bed\Bed_004.MOV
359,Verbs,Sleep,SSL400\Dataset - Original\Verbs\Sleep\Sleep_004.mp4
162,Nouns,Ok,SSL400\Dataset - Original\Nouns\Ok\Ok_004.mp4
244,People,Mother,SSL400\Dataset - Original\People\Mother\Mother_019.mp4
263,Places,House,SSL400\Dataset - Original\Places\House\House_059.mp4
254,People,Us,SSL400\Dataset - Original\People\Us\Us_007.mp4
156,Nouns,Money,SSL400\Dataset - Original\Nouns\Money\Money_024.mov
159,Nouns,My,SSL400\Dataset - Original\Nouns\My\My_022.mp4
162,Nouns,Ok,SSL400\Dataset - Original\Nouns\Ok\Ok_006.mp4
87,Days,Tomorrow,SSL400\Dataset - Original\Days\Tomorrow\Tomorrow_013.MP4
230,People,Child,SSL400\Dataset - Original\People\Child\Child_001.mp4
183,Nouns,Squirrel,SSL400\Dataset - Original\Nouns\Squirrel\Squirrel_023.mp4
198,Nouns,Window,SSL400\Dataset - Original\Nouns\Window\Window_009.MP4
67,Colors,White,SSL400\Dataset - Original\Colors\White\White_019.mp4
95,Greetings,Hello,SSL400\Dataset - Original\Greetings\Hello\Hello_096.mp4
125,Nouns,Clothing,SSL400\Dataset - Original\Nouns\Clothing\Clothing_020.MP4
306,Verbs,Copy,SSL400\Dataset - Original\Verbs\Copy\Copy_001.mp4
213,Numbers,3. three,SSL400\Dataset - Original\Numbers\3. three\3. three_006.mov
320,Verbs,Fight,SSL400\Dataset - Original\Verbs\Fight\Fight_005.mp4
128,Nouns,Crocodile,SSL400\Dataset - Original\Nouns\Crocodile\Crocodile_016.mp4
324,Verbs,Go,SSL400\Dataset - Original\Verbs\Go\Go_013.mp4
91,Days,Yesterday,SSL400\Dataset - Original\Days\Yesterday\Yesterday_002.MOV
152,Nouns,Lock,SSL400\Dataset - Original\Nouns\Lock\Lock_003.MOV
205,Numbers,14. fourteen,SSL400\Dataset - Original\Numbers\14. fourteen\14. fourteen_003.mov
199,Nouns,You,SSL400\Dataset - Original\Nouns\You\You_017.MOV
329,Verbs,Hit,SSL400\Dataset - Original\Verbs\Hit\Hit_005.mp4
232,People,Doctor,SSL400\Dataset - Original\People\Doctor\Doctor_008.mp4
116,Nouns,Book,SSL400\Dataset - Original\Nouns\Book\Book_004.mp4
6,Adjectives,Different,SSL400\Dataset - Original\Adjectives\Different\Different_008.mp4
218,Numbers,8. eight,SSL400\Dataset - Original\Numbers\8. eight\8. eight_009.mov
377,Verbs,Walk,SSL400\Dataset - Original\Verbs\Walk\Walk_015.mp4
303,Verbs,Come,SSL400\Dataset - Original\Verbs\Come\Come_016.mp4
312,Verbs,Done,SSL400\Dataset - Original\Verbs\Done\Done_003.mp4
226,People,Aunt,SSL400\Dataset - Original\People\Aunt\Aunt_002.mov
97,Greetings,Thank you,SSL400\Dataset - Original\Greetings\Thank you\Thank you_048.MOV
146,Nouns,I,SSL400\Dataset - Original\Nouns\I\I_023.mp4
211,Numbers,2. two,SSL400\Dataset - Original\Numbers\2. two\2. two_020.mov
274,Preposition,Inside,SSL400\Dataset - Original\Preposition\Inside\Inside_007.mp4
354,Verbs,See,SSL400\Dataset - Original\Verbs\See\See_019.mp4
310,Verbs,Cut,SSL400\Dataset - Original\Verbs\Cut\Cut_005.mp4
379,Verbs,Wash,SSL400\Dataset - Original\Verbs\Wash\Wash_007.mov
39,Adjectives,Welcome,SSL400\Dataset - Original\Adjectives\Welcome\Welcome_002.mp4
324,Verbs,Go,SSL400\Dataset - Original\Verbs\Go\Go_021.mp4
354,Verbs,See,SSL400\Dataset - Original\Verbs\See\See_017.mp4
238,People,Grand father,SSL400\Dataset - Original\People\Grand father\Grand father_020.mov
177,Nouns,Shirt,SSL400\Dataset - Original\Nouns\Shirt\Shirt_004.MOV
106,Months,March,SSL400\Dataset - Original\Months\March\March_004.mov
135,Nouns,Fever,SSL400\Dataset - Original\Nouns\Fever\Fever_015.mp4
61,Colors,Green,SSL400\Dataset - Original\Colors\Green\Green_013.mp4
95,Greetings,Hello,SSL400\Dataset - Original\Greetings\Hello\Hello_094.mp4
187,Nouns,Table,SSL400\Dataset - Original\Nouns\Table\Table_006.MOV
85,Days,Time,SSL400\Dataset - Original\Days\Time\Time_016.MOV
170,Nouns,Pocket,SSL400\Dataset - Original\Nouns\Pocket\Pocket_015.MOV
206,Numbers,15. fifteen,SSL400\Dataset - Original\Numbers\15. fifteen\15. fifteen_003.mov
288,Vehicles,Plane,SSL400\Dataset - Original\Vehicles\Plane\Plane_015.MOV
115,Nouns,Bed,SSL400\Dataset - Original\Nouns\Bed\Bed_013.MP4
307,Verbs,Cough,SSL400\Dataset - Original\Verbs\Cough\Cough_002.mp4
156,Nouns,Money,SSL400\Dataset - Original\Nouns\Money\Money_029.MOV
177,Nouns,Shirt,SSL400\Dataset - Original\Nouns\Shirt\Shirt_017.MOV
9,Adjectives,Fast,SSL400\Dataset - Original\Adjectives\Fast\Fast_004.MOV
251,People,Son,SSL400\Dataset - Original\People\Son\Son_007.MOV
87,Days,Tomorrow,SSL400\Dataset - Original\Days\Tomorrow\Tomorrow_007.MOV
223,Numbers,Equal,SSL400\Dataset - Original\Numbers\Equal\Equal_003.mp4
346,Verbs,Peeing,SSL400\Dataset - Original\Verbs\Peeing\Peeing_001.mp4
13,Adjectives,Good,SSL400\Dataset - Original\Adjectives\Good\Good_005.mp4
33,Adjectives,Small,SSL400\Dataset - Original\Adjectives\Small\Small_004.mp4
65,Colors,Purple,SSL400\Dataset - Original\Colors\Purple\Purple_025.mov
37,Adjectives,Tight,SSL400\Dataset - Original\Adjectives\Tight\Tight_006.MOV
243,People,Man,SSL400\Dataset - Original\People\Man\Man_050.MOV
78,Days,Monday,SSL400\Dataset - Original\Days\Monday\Monday_002.mp4
187,Nouns,Table,SSL400\Dataset - Original\Nouns\Table\Table_013.MP4
263,Places,House,SSL400\Dataset - Original\Places\House\House_032.mp4
192,Nouns,They,SSL400\Dataset - Original\Nouns\They\They_004.mp4
211,Numbers,2. two,SSL400\Dataset - Original\Numbers\2. two\2. two_009.mov
356,Verbs,Sell,SSL400\Dataset - Original\Verbs\Sell\Sell_007.mp4
97,Greetings,Thank you,SSL400\Dataset - Original\Greetings\Thank you\Thank you_014.mp4
68,Colors,Yellow,SSL400\Dataset - Original\Colors\Yellow\Yellow_018.mp4
346,Verbs,Peeing,SSL400\Dataset - Original\Verbs\Peeing\Peeing_006.mov
13,Adjectives,Good,SSL400\Dataset - Original\Adjectives\Good\Good_008.mp4
339,Verbs,Look,SSL400\Dataset - Original\Verbs\Look\Look_027.mov
339,Verbs,Look,SSL400\Dataset - Original\Verbs\Look\Look_020.mp4
167,Nouns,Peace,SSL400\Dataset - Original\Nouns\Peace\Peace_003.mp4
178,Nouns,Sign,SSL400\Dataset - Original\Nouns\Sign\Sign_005.mp4
317,Verbs,Erase,SSL400\Dataset - Original\Verbs\Erase\Erase_007.mov
303,Verbs,Come,SSL400\Dataset - Original\Verbs\Come\Come_011.mp4
379,Verbs,Wash,SSL400\Dataset - Original\Verbs\Wash\Wash_008.mov
135,Nouns,Fever,SSL400\Dataset - Original\Nouns\Fever\Fever_018.mp4
300,Verbs,Change,SSL400\Dataset - Original\Verbs\Change\Change_003.mp4
97,Greetings,Thank you,SSL400\Dataset - Original\Greetings\Thank you\Thank you_081.mp4
230,People,Child,SSL400\Dataset - Original\People\Child\Child_026.MOV
61,Colors,Green,SSL400\Dataset - Original\Colors\Green\Green_023.mp4
73,Days,Friday,SSL400\Dataset - Original\Days\Friday\Friday_001.mov
66,Colors,Red,SSL400\Dataset - Original\Colors\Red\Red_009.mp4
260,Places,Bus station,SSL400\Dataset - Original\Places\Bus station\Bus station_002.mov
109,Months,November,SSL400\Dataset - Original\Months\November\November_002.mp4
160,Nouns,Network,SSL400\Dataset - Original\Nouns\Network\Network_001.mp4
303,Verbs,Come,SSL400\Dataset - Original\Verbs\Come\Come_022.mp4
70,Days,Day,SSL400\Dataset - Original\Days\Day\Day_006.mp4
284,Vehicles,Boat,SSL400\Dataset - Original\Vehicles\Boat\Boat_011.MOV
234,People,Elder sister,SSL400\Dataset - Original\People\Elder sister\Elder sister_002.mp4
234,People,Elder sister,SSL400\Dataset - Original\People\Elder sister\Elder sister_008.mp4
245,People,Player,SSL400\Dataset - Original\People\Player\Player_005.MOV
66,Colors,Red,SSL400\Dataset - Original\Colors\Red\Red_017.mp4
329,Verbs,Hit,SSL400\Dataset - Original\Verbs\Hit\Hit_002.mp4
199,Nouns,You,SSL400\Dataset - Original\Nouns\You\You_020.MOV
294,Verbs,Bathe,SSL400\Dataset - Original\Verbs\Bathe\Bathe_001.mov
86,Days,Today,SSL400\Dataset - Original\Days\Today\Today_004.mp4
97,Greetings,Thank you,SSL400\Dataset - Original\Greetings\Thank you\Thank you_007.mp4
114,Nouns,Bag,SSL400\Dataset - Original\Nouns\Bag\Bag_009.MP4
263,Places,House,SSL400\Dataset - Original\Places\House\House_041.mp4
13,Adjectives,Good,SSL400\Dataset - Original\Adjectives\Good\Good_004.mp4
211,Numbers,2. two,SSL400\Dataset - Original\Numbers\2. two\2. two_004.mp4
299,Verbs,Carry,SSL400\Dataset - Original\Verbs\Carry\Carry_002.mov
323,Verbs,Give,SSL400\Dataset - Original\Verbs\Give\Give_012.mp4
251,People,Son,SSL400\Dataset - Original\People\Son\Son_006.MOV
125,Nouns,Clothing,SSL400\Dataset - Original\Nouns\Clothing\Clothing_005.MOV
14,Adjectives,Happy,SSL400\Dataset - Original\Adjectives\Happy\Happy_004.mp4
305,Verbs,Cook,SSL400\Dataset - Original\Verbs\Cook\Cook_017.mp4
107,Months,May,SSL400\Dataset - Original\Months\May\May_006.mov
67,Colors,White,SSL400\Dataset - Original\Colors\White\White_016.mp4
128,Nouns,Crocodile,SSL400\Dataset - Original\Nouns\Crocodile\Crocodile_001.mp4
251,People,Son,SSL400\Dataset - Original\People\Son\Son_002.MOV
307,Verbs,Cough,SSL400\Dataset - Original\Verbs\Cough\Cough_021.mp4
95,Greetings,Hello,SSL400\Dataset - Original\Greetings\Hello\Hello_058.MOV
40,Adjectives,Wrong,SSL400\Dataset - Original\Adjectives\Wrong\Wrong_008.mp4
106,Months,March,SSL400\Dataset - Original\Months\March\March_003.mov
211,Numbers,2. two,SSL400\Dataset - Original\Numbers\2. two\2. two_016.mov
347,Verbs,Play,SSL400\Dataset - Original\Verbs\Play\Play_009.mp4
307,Verbs,Cough,SSL400\Dataset - Original\Verbs\Cough\Cough_013.mp4
101,Months,December,SSL400\Dataset - Original\Months\December\December_004.mp4
307,Verbs,Cough,SSL400\Dataset - Original\Verbs\Cough\Cough_004.mp4
129,Nouns,Culture,SSL400\Dataset - Original\Nouns\Culture\Culture_001.mp4
160,Nouns,Network,SSL400\Dataset - Original\Nouns\Network\Network_003.mp4
47,Adverb,Dont know,SSL400\Dataset - Original\Adverb\Dont know\Dont know_001.mov
108,Months,Month,SSL400\Dataset - Original\Months\Month\Month_005.mp4
309,Verbs,Cry,SSL400\Dataset - Original\Verbs\Cry\Cry_013.mp4
4,Adjectives,Deaf,SSL400\Dataset - Original\Adjectives\Deaf\Deaf_010.mp4
338,Verbs,Listen,SSL400\Dataset - Original\Verbs\Listen\Listen_006.mov
215,Numbers,5. five,SSL400\Dataset - Original\Numbers\5. five\5. five_003.mp4
214,Numbers,4. four,SSL400\Dataset - Original\Numbers\4. four\4. four_012.mov
115,Nouns,Bed,SSL400\Dataset - Original\Nouns\Bed\Bed_003.MOV
174,Nouns,Ring,SSL400\Dataset - Original\Nouns\Ring\Ring_019.MP4
17,Adjectives,High,SSL400\Dataset - Original\Adjectives\High\High_008.MOV
148,Nouns,Internet,SSL400\Dataset - Original\Nouns\Internet\Internet_006.mp4
288,Vehicles,Plane,SSL400\Dataset - Original\Vehicles\Plane\Plane_011.MOV
116,Nouns,Book,SSL400\Dataset - Original\Nouns\Book\Book_016.mp4
233,People,Elder bro,SSL400\Dataset - Original\People\Elder bro\Elder bro_015.mp4
67,Colors,White,SSL400\Dataset - Original\Colors\White\White_041.MOV
78,Days,Monday,SSL400\Dataset - Original\Days\Monday\Monday_004.mp4
137,Nouns,Food,SSL400\Dataset - Original\Nouns\Food\Food_002.mp4
116,Nouns,Book,SSL400\Dataset - Original\Nouns\Book\Book_003.mp4
149,Nouns,Key,SSL400\Dataset - Original\Nouns\Key\Key_004.MOV
359,Verbs,Sleep,SSL400\Dataset - Original\Verbs\Sleep\Sleep_016.mp4
324,Verbs,Go,SSL400\Dataset - Original\Verbs\Go\Go_030.mov
243,People,Man,SSL400\Dataset - Original\People\Man\Man_044.MOV
168,Nouns,Pencil,SSL400\Dataset - Original\Nouns\Pencil\Pencil_007.MOV
180,Nouns,Skirt,SSL400\Dataset - Original\Nouns\Skirt\Skirt_018.MOV
172,Nouns,Problem,SSL400\Dataset - Original\Nouns\Problem\Problem_006.mp4
301,Verbs,Choose,SSL400\Dataset - Original\Verbs\Choose\Choose_007.mp4
86,Days,Today,SSL400\Dataset - Original\Days\Today\Today_011.mp4
177,Nouns,Shirt,SSL400\Dataset - Original\Nouns\Shirt\Shirt_014.MOV
170,Nouns,Pocket,SSL400\Dataset - Original\Nouns\Pocket\Pocket_020.MOV
32,Adjectives,Senior,SSL400\Dataset - Original\Adjectives\Senior\Senior_006.mp4
356,Verbs,Sell,SSL400\Dataset - Original\Verbs\Sell\Sell_005.mp4
26,Adjectives,Past,SSL400\Dataset - Original\Adjectives\Past\Past_009.mp4
351,Verbs,Run,SSL400\Dataset - Original\Verbs\Run\Run_005.mp4
105,Months,June,SSL400\Dataset - Original\Months\June\June_005.mov
245,People,Player,SSL400\Dataset - Original\People\Player\Player_015.MOV
297,Verbs,Bring,SSL400\Dataset - Original\Verbs\Bring\Bring_002.mov
314,Verbs,Drink,SSL400\Dataset - Original\Verbs\Drink\Drink_038.mp4
284,Vehicles,Boat,SSL400\Dataset - Original\Vehicles\Boat\Boat_002.MOV
191,Nouns,Telephone,SSL400\Dataset - Original\Nouns\Telephone\Telephone_020.MP4
30,Adjectives,Rich,SSL400\Dataset - Original\Adjectives\Rich\Rich_015.mp4
199,Nouns,You,SSL400\Dataset - Original\Nouns\You\You_012.MOV
225,Numbers,Subtraction,SSL400\Dataset - Original\Numbers\Subtraction\Subtraction_004.mov
187,Nouns,Table,SSL400\Dataset - Original\Nouns\Table\Table_008.MP4
132,Nouns,Eye,SSL400\Dataset - Original\Nouns\Eye\Eye_006.mp4
104,Months,July,SSL400\Dataset - Original\Months\July\July_005.mov
153,Nouns,Middle,SSL400\Dataset - Original\Nouns\Middle\Middle_004.mp4
33,Adjectives,Small,SSL400\Dataset - Original\Adjectives\Small\Small_007.mp4
87,Days,Tomorrow,SSL400\Dataset - Original\Days\Tomorrow\Tomorrow_001.MOV
119,Nouns,Cat,SSL400\Dataset - Original\Nouns\Cat\Cat_008.mp4
243,People,Man,SSL400\Dataset - Original\People\Man\Man_015.mp4
77,Days,Hour,SSL400\Dataset - Original\Days\Hour\Hour_006.mp4
137,Nouns,Food,SSL400\Dataset - Original\Nouns\Food\Food_006.mp4
375,Verbs,Use,SSL400\Dataset - Original\Verbs\Use\Use_003.mp4
244,People,Mother,SSL400\Dataset - Original\People\Mother\Mother_011.mp4
190,Nouns,Technology,SSL400\Dataset - Original\Nouns\Technology\Technology_009.MOV
351,Verbs,Run,SSL400\Dataset - Original\Verbs\Run\Run_020.mp4
338,Verbs,Listen,SSL400\Dataset - Original\Verbs\Listen\Listen_002.mp4
233,People,Elder bro,SSL400\Dataset - Original\People\Elder bro\Elder bro_009.mp4
230,People,Child,SSL400\Dataset - Original\People\Child\Child_011.MOV
314,Verbs,Drink,SSL400\Dataset - Original\Verbs\Drink\Drink_022.mp4
305,Verbs,Cook,SSL400\Dataset - Original\Verbs\Cook\Cook_014.mp4
2,Adjectives,Careful,SSL400\Dataset - Original\Adjectives\Careful\Careful_001.mov
36,Adjectives,Thirsty,SSL400\Dataset - Original\Adjectives\Thirsty\Thirsty_001.mov
38,Adjectives,Ugly,SSL400\Dataset - Original\Adjectives\Ugly\Ugly_001.mov
45,Adverb,Clearly,SSL400\Dataset - Original\Adverb\Clearly\Clearly_001.mov
46,Adverb,Dont,SSL400\Dataset - Original\Adverb\Dont\Dont_001.mov
58,Colors,Color,SSL400\Dataset - Original\Colors\Color\Color_001.mov
60,Colors,Gray,SSL400\Dataset - Original\Colors\Gray\Gray_001.mov
71,Days,Day after tomorrow,SSL400\Dataset - Original\Days\Day after tomorrow\Day after tomorrow_001.mov
112,Months,Year,SSL400\Dataset - Original\Months\Year\Year_001.mov
122,Nouns,Chain,SSL400\Dataset - Original\Nouns\Chain\Chain_001.mov
127,Nouns,Cow,SSL400\Dataset - Original\Nouns\Cow\Cow_001.mov
136,Nouns,Flower,SSL400\Dataset - Original\Nouns\Flower\Flower_001.mp4
144,Nouns,How many,SSL400\Dataset - Original\Nouns\How many\How many_001.mov
154,Nouns,Milk,SSL400\Dataset - Original\Nouns\Milk\Milk_001.mov
157,Nouns,Moon,SSL400\Dataset - Original\Nouns\Moon\Moon_001.mov
176,Nouns,Saree,SSL400\Dataset - Original\Nouns\Saree\Saree_001.mov
179,Nouns,Sign language,SSL400\Dataset - Original\Nouns\Sign language\Sign language_001.mov
182,Nouns,Song,SSL400\Dataset - Original\Nouns\Song\Song_001.mov
188,Nouns,Tea,SSL400\Dataset - Original\Nouns\Tea\Tea_001.mov
193,Nouns,Tree,SSL400\Dataset - Original\Nouns\Tree\Tree_001.mov
197,Nouns,Whose,SSL400\Dataset - Original\Nouns\Whose\Whose_001.mov
229,People,Brother in law,SSL400\Dataset - Original\People\Brother in law\Brother in law_001.mov
235,People,Families,SSL400\Dataset - Original\People\Families\Families_001.mov
246,People,Police,SSL400\Dataset - Original\People\Police\Police_001.mov
247,People,Relations,SSL400\Dataset - Original\People\Relations\Relations_001.mov
252,People,Thief,SSL400\Dataset - Original\People\Thief\Thief_001.mov
265,Places,Next door,SSL400\Dataset - Original\Places\Next door\Next door_001.mov
289,Vehicles,Tire,SSL400\Dataset - Original\Vehicles\Tire\Tire_001.mov
350,Verbs,Quickly,SSL400\Dataset - Original\Verbs\Quickly\Quickly_001.mov
373,Verbs,Trust,SSL400\Dataset - Original\Verbs\Trust\Trust_001.mov
