class_id,category,class_name_english,video_path
0,Adjectives,Bad,SSL400\Dataset - Original\Adjectives\Bad\Bad_001.mov
0,Adjectives,Bad,SSL400\Dataset - Original\Adjectives\Bad\Bad_002.mov
0,Adjectives,Bad,SSL400\Dataset - Original\Adjectives\Bad\Bad_003.mov
0,Adjectives,Bad,SSL400\Dataset - Original\Adjectives\Bad\Bad_004.mov
1,Adjectives,Beautiful,SSL400\Dataset - Original\Adjectives\Beautiful\Beautiful_001.mp4
1,Adjectives,Beautiful,SSL400\Dataset - Original\Adjectives\Beautiful\Beautiful_002.mp4
1,Adjectives,Beautiful,SSL400\Dataset - Original\Adjectives\Beautiful\Beautiful_003.mp4
1,Adjectives,Beautiful,SSL400\Dataset - Original\Adjectives\Beautiful\Beautiful_004.mp4
1,Adjectives,Beautiful,SSL400\Dataset - Original\Adjectives\Beautiful\Beautiful_005.mp4
1,Adjectives,Beautiful,SSL400\Dataset - Original\Adjectives\Beautiful\Beautiful_006.mp4
1,Adjectives,Beautiful,SSL400\Dataset - Original\Adjectives\Beautiful\Beautiful_007.mp4
1,Adjectives,Beautiful,SSL400\Dataset - Original\Adjectives\Beautiful\Beautiful_008.mp4
1,Adjectives,Beautiful,SSL400\Dataset - Original\Adjectives\Beautiful\Beautiful_009.mp4
1,Adjectives,Beautiful,SSL400\Dataset - Original\Adjectives\Beautiful\Beautiful_010.mp4
1,Adjectives,Beautiful,SSL400\Dataset - Original\Adjectives\Beautiful\Beautiful_011.mp4
1,Adjectives,Beautiful,SSL400\Dataset - Original\Adjectives\Beautiful\Beautiful_012.mp4
1,Adjectives,Beautiful,SSL400\Dataset - Original\Adjectives\Beautiful\Beautiful_013.mp4
1,Adjectives,Beautiful,SSL400\Dataset - Original\Adjectives\Beautiful\Beautiful_014.mp4
1,Adjectives,Beautiful,SSL400\Dataset - Original\Adjectives\Beautiful\Beautiful_015.mp4
1,Adjectives,Beautiful,SSL400\Dataset - Original\Adjectives\Beautiful\Beautiful_016.mp4
1,Adjectives,Beautiful,SSL400\Dataset - Original\Adjectives\Beautiful\Beautiful_017.mp4
1,Adjectives,Beautiful,SSL400\Dataset - Original\Adjectives\Beautiful\Beautiful_018.mp4
1,Adjectives,Beautiful,SSL400\Dataset - Original\Adjectives\Beautiful\Beautiful_019.mp4
1,Adjectives,Beautiful,SSL400\Dataset - Original\Adjectives\Beautiful\Beautiful_020.mp4
1,Adjectives,Beautiful,SSL400\Dataset - Original\Adjectives\Beautiful\Beautiful_021.mp4
1,Adjectives,Beautiful,SSL400\Dataset - Original\Adjectives\Beautiful\Beautiful_022.mov
1,Adjectives,Beautiful,SSL400\Dataset - Original\Adjectives\Beautiful\Beautiful_023.mp4
1,Adjectives,Beautiful,SSL400\Dataset - Original\Adjectives\Beautiful\Beautiful_024.mov
1,Adjectives,Beautiful,SSL400\Dataset - Original\Adjectives\Beautiful\Beautiful_025.mp4
1,Adjectives,Beautiful,SSL400\Dataset - Original\Adjectives\Beautiful\Beautiful_026.mov
1,Adjectives,Beautiful,SSL400\Dataset - Original\Adjectives\Beautiful\Beautiful_027.MOV
1,Adjectives,Beautiful,SSL400\Dataset - Original\Adjectives\Beautiful\Beautiful_028.MOV
1,Adjectives,Beautiful,SSL400\Dataset - Original\Adjectives\Beautiful\Beautiful_029.MOV
1,Adjectives,Beautiful,SSL400\Dataset - Original\Adjectives\Beautiful\Beautiful_030.MOV
1,Adjectives,Beautiful,SSL400\Dataset - Original\Adjectives\Beautiful\Beautiful_031.MOV
1,Adjectives,Beautiful,SSL400\Dataset - Original\Adjectives\Beautiful\Beautiful_032.MOV
1,Adjectives,Beautiful,SSL400\Dataset - Original\Adjectives\Beautiful\Beautiful_033.MOV
1,Adjectives,Beautiful,SSL400\Dataset - Original\Adjectives\Beautiful\Beautiful_034.MOV
1,Adjectives,Beautiful,SSL400\Dataset - Original\Adjectives\Beautiful\Beautiful_035.MOV
2,Adjectives,Careful,SSL400\Dataset - Original\Adjectives\Careful\Careful_001.mov
3,Adjectives,Cold,SSL400\Dataset - Original\Adjectives\Cold\Cold_001.mp4
3,Adjectives,Cold,SSL400\Dataset - Original\Adjectives\Cold\Cold_002.mp4
3,Adjectives,Cold,SSL400\Dataset - Original\Adjectives\Cold\Cold_003.mp4
3,Adjectives,Cold,SSL400\Dataset - Original\Adjectives\Cold\Cold_004.mp4
3,Adjectives,Cold,SSL400\Dataset - Original\Adjectives\Cold\Cold_005.mp4
3,Adjectives,Cold,SSL400\Dataset - Original\Adjectives\Cold\Cold_006.mp4
3,Adjectives,Cold,SSL400\Dataset - Original\Adjectives\Cold\Cold_007.mp4
3,Adjectives,Cold,SSL400\Dataset - Original\Adjectives\Cold\Cold_008.mp4
3,Adjectives,Cold,SSL400\Dataset - Original\Adjectives\Cold\Cold_009.mp4
3,Adjectives,Cold,SSL400\Dataset - Original\Adjectives\Cold\Cold_010.mp4
3,Adjectives,Cold,SSL400\Dataset - Original\Adjectives\Cold\Cold_011.mp4
3,Adjectives,Cold,SSL400\Dataset - Original\Adjectives\Cold\Cold_012.mp4
3,Adjectives,Cold,SSL400\Dataset - Original\Adjectives\Cold\Cold_013.mov
4,Adjectives,Deaf,SSL400\Dataset - Original\Adjectives\Deaf\Deaf_001.mp4
4,Adjectives,Deaf,SSL400\Dataset - Original\Adjectives\Deaf\Deaf_002.mp4
4,Adjectives,Deaf,SSL400\Dataset - Original\Adjectives\Deaf\Deaf_003.mp4
4,Adjectives,Deaf,SSL400\Dataset - Original\Adjectives\Deaf\Deaf_004.mp4
4,Adjectives,Deaf,SSL400\Dataset - Original\Adjectives\Deaf\Deaf_005.mp4
4,Adjectives,Deaf,SSL400\Dataset - Original\Adjectives\Deaf\Deaf_006.mp4
4,Adjectives,Deaf,SSL400\Dataset - Original\Adjectives\Deaf\Deaf_007.mp4
4,Adjectives,Deaf,SSL400\Dataset - Original\Adjectives\Deaf\Deaf_008.mp4
4,Adjectives,Deaf,SSL400\Dataset - Original\Adjectives\Deaf\Deaf_009.mp4
4,Adjectives,Deaf,SSL400\Dataset - Original\Adjectives\Deaf\Deaf_010.mp4
4,Adjectives,Deaf,SSL400\Dataset - Original\Adjectives\Deaf\Deaf_011.mp4
4,Adjectives,Deaf,SSL400\Dataset - Original\Adjectives\Deaf\Deaf_012.MOV
4,Adjectives,Deaf,SSL400\Dataset - Original\Adjectives\Deaf\Deaf_013.MOV
4,Adjectives,Deaf,SSL400\Dataset - Original\Adjectives\Deaf\Deaf_014.MOV
4,Adjectives,Deaf,SSL400\Dataset - Original\Adjectives\Deaf\Deaf_015.MOV
4,Adjectives,Deaf,SSL400\Dataset - Original\Adjectives\Deaf\Deaf_016.MOV
4,Adjectives,Deaf,SSL400\Dataset - Original\Adjectives\Deaf\Deaf_017.MOV
4,Adjectives,Deaf,SSL400\Dataset - Original\Adjectives\Deaf\Deaf_018.MOV
4,Adjectives,Deaf,SSL400\Dataset - Original\Adjectives\Deaf\Deaf_019.MOV
5,Adjectives,Deep,SSL400\Dataset - Original\Adjectives\Deep\Deep_001.mp4
5,Adjectives,Deep,SSL400\Dataset - Original\Adjectives\Deep\Deep_002.mp4
5,Adjectives,Deep,SSL400\Dataset - Original\Adjectives\Deep\Deep_003.mp4
5,Adjectives,Deep,SSL400\Dataset - Original\Adjectives\Deep\Deep_004.mp4
5,Adjectives,Deep,SSL400\Dataset - Original\Adjectives\Deep\Deep_005.mp4
5,Adjectives,Deep,SSL400\Dataset - Original\Adjectives\Deep\Deep_006.mp4
5,Adjectives,Deep,SSL400\Dataset - Original\Adjectives\Deep\Deep_007.mp4
5,Adjectives,Deep,SSL400\Dataset - Original\Adjectives\Deep\Deep_008.mp4
5,Adjectives,Deep,SSL400\Dataset - Original\Adjectives\Deep\Deep_009.mp4
5,Adjectives,Deep,SSL400\Dataset - Original\Adjectives\Deep\Deep_010.MOV
5,Adjectives,Deep,SSL400\Dataset - Original\Adjectives\Deep\Deep_011.MOV
5,Adjectives,Deep,SSL400\Dataset - Original\Adjectives\Deep\Deep_012.MOV
5,Adjectives,Deep,SSL400\Dataset - Original\Adjectives\Deep\Deep_013.MOV
5,Adjectives,Deep,SSL400\Dataset - Original\Adjectives\Deep\Deep_014.MOV
5,Adjectives,Deep,SSL400\Dataset - Original\Adjectives\Deep\Deep_015.MOV
5,Adjectives,Deep,SSL400\Dataset - Original\Adjectives\Deep\Deep_016.MOV
5,Adjectives,Deep,SSL400\Dataset - Original\Adjectives\Deep\Deep_017.MOV
6,Adjectives,Different,SSL400\Dataset - Original\Adjectives\Different\Different_001.mp4
6,Adjectives,Different,SSL400\Dataset - Original\Adjectives\Different\Different_002.mp4
6,Adjectives,Different,SSL400\Dataset - Original\Adjectives\Different\Different_003.mp4
6,Adjectives,Different,SSL400\Dataset - Original\Adjectives\Different\Different_004.mp4
6,Adjectives,Different,SSL400\Dataset - Original\Adjectives\Different\Different_005.mp4
6,Adjectives,Different,SSL400\Dataset - Original\Adjectives\Different\Different_006.mp4
6,Adjectives,Different,SSL400\Dataset - Original\Adjectives\Different\Different_007.mp4
6,Adjectives,Different,SSL400\Dataset - Original\Adjectives\Different\Different_008.mp4
6,Adjectives,Different,SSL400\Dataset - Original\Adjectives\Different\Different_009.mp4
6,Adjectives,Different,SSL400\Dataset - Original\Adjectives\Different\Different_010.mp4
7,Adjectives,Difficult,SSL400\Dataset - Original\Adjectives\Difficult\Difficult_001.mov
7,Adjectives,Difficult,SSL400\Dataset - Original\Adjectives\Difficult\Difficult_002.mov
8,Adjectives,Double,SSL400\Dataset - Original\Adjectives\Double\Double_001.mp4
8,Adjectives,Double,SSL400\Dataset - Original\Adjectives\Double\Double_002.mp4
8,Adjectives,Double,SSL400\Dataset - Original\Adjectives\Double\Double_003.mp4
8,Adjectives,Double,SSL400\Dataset - Original\Adjectives\Double\Double_004.mp4
8,Adjectives,Double,SSL400\Dataset - Original\Adjectives\Double\Double_005.mp4
8,Adjectives,Double,SSL400\Dataset - Original\Adjectives\Double\Double_006.mp4
9,Adjectives,Fast,SSL400\Dataset - Original\Adjectives\Fast\Fast_001.MOV
9,Adjectives,Fast,SSL400\Dataset - Original\Adjectives\Fast\Fast_002.MOV
9,Adjectives,Fast,SSL400\Dataset - Original\Adjectives\Fast\Fast_003.MOV
9,Adjectives,Fast,SSL400\Dataset - Original\Adjectives\Fast\Fast_004.MOV
9,Adjectives,Fast,SSL400\Dataset - Original\Adjectives\Fast\Fast_005.MOV
9,Adjectives,Fast,SSL400\Dataset - Original\Adjectives\Fast\Fast_006.MOV
9,Adjectives,Fast,SSL400\Dataset - Original\Adjectives\Fast\Fast_007.MOV
9,Adjectives,Fast,SSL400\Dataset - Original\Adjectives\Fast\Fast_008.MOV
9,Adjectives,Fast,SSL400\Dataset - Original\Adjectives\Fast\Fast_009.MOV
9,Adjectives,Fast,SSL400\Dataset - Original\Adjectives\Fast\Fast_010.MOV
9,Adjectives,Fast,SSL400\Dataset - Original\Adjectives\Fast\Fast_011.MOV
9,Adjectives,Fast,SSL400\Dataset - Original\Adjectives\Fast\Fast_012.MOV
9,Adjectives,Fast,SSL400\Dataset - Original\Adjectives\Fast\Fast_013.MOV
9,Adjectives,Fast,SSL400\Dataset - Original\Adjectives\Fast\Fast_014.MOV
9,Adjectives,Fast,SSL400\Dataset - Original\Adjectives\Fast\Fast_015.MOV
9,Adjectives,Fast,SSL400\Dataset - Original\Adjectives\Fast\Fast_016.MOV
9,Adjectives,Fast,SSL400\Dataset - Original\Adjectives\Fast\Fast_017.MOV
9,Adjectives,Fast,SSL400\Dataset - Original\Adjectives\Fast\Fast_018.MOV
9,Adjectives,Fast,SSL400\Dataset - Original\Adjectives\Fast\Fast_019.MOV
9,Adjectives,Fast,SSL400\Dataset - Original\Adjectives\Fast\Fast_020.MOV
9,Adjectives,Fast,SSL400\Dataset - Original\Adjectives\Fast\Fast_021.MOV
10,Adjectives,Fat,SSL400\Dataset - Original\Adjectives\Fat\Fat_001.mp4
10,Adjectives,Fat,SSL400\Dataset - Original\Adjectives\Fat\Fat_002.mp4
10,Adjectives,Fat,SSL400\Dataset - Original\Adjectives\Fat\Fat_003.mp4
10,Adjectives,Fat,SSL400\Dataset - Original\Adjectives\Fat\Fat_004.mp4
10,Adjectives,Fat,SSL400\Dataset - Original\Adjectives\Fat\Fat_005.mp4
10,Adjectives,Fat,SSL400\Dataset - Original\Adjectives\Fat\Fat_006.mp4
10,Adjectives,Fat,SSL400\Dataset - Original\Adjectives\Fat\Fat_007.mp4
10,Adjectives,Fat,SSL400\Dataset - Original\Adjectives\Fat\Fat_008.mp4
10,Adjectives,Fat,SSL400\Dataset - Original\Adjectives\Fat\Fat_009.mp4
10,Adjectives,Fat,SSL400\Dataset - Original\Adjectives\Fat\Fat_010.mp4
11,Adjectives,Free,SSL400\Dataset - Original\Adjectives\Free\Free_001.mp4
11,Adjectives,Free,SSL400\Dataset - Original\Adjectives\Free\Free_002.mp4
11,Adjectives,Free,SSL400\Dataset - Original\Adjectives\Free\Free_003.mp4
11,Adjectives,Free,SSL400\Dataset - Original\Adjectives\Free\Free_004.mp4
12,Adjectives,Full,SSL400\Dataset - Original\Adjectives\Full\Full_001.mp4
12,Adjectives,Full,SSL400\Dataset - Original\Adjectives\Full\Full_002.mp4
12,Adjectives,Full,SSL400\Dataset - Original\Adjectives\Full\Full_003.mp4
12,Adjectives,Full,SSL400\Dataset - Original\Adjectives\Full\Full_004.mp4
12,Adjectives,Full,SSL400\Dataset - Original\Adjectives\Full\Full_005.mp4
12,Adjectives,Full,SSL400\Dataset - Original\Adjectives\Full\Full_006.mp4
12,Adjectives,Full,SSL400\Dataset - Original\Adjectives\Full\Full_007.mp4
12,Adjectives,Full,SSL400\Dataset - Original\Adjectives\Full\Full_008.mp4
12,Adjectives,Full,SSL400\Dataset - Original\Adjectives\Full\Full_009.mp4
12,Adjectives,Full,SSL400\Dataset - Original\Adjectives\Full\Full_010.mp4
12,Adjectives,Full,SSL400\Dataset - Original\Adjectives\Full\Full_011.mp4
12,Adjectives,Full,SSL400\Dataset - Original\Adjectives\Full\Full_012.mp4
13,Adjectives,Good,SSL400\Dataset - Original\Adjectives\Good\Good_001.mp4
13,Adjectives,Good,SSL400\Dataset - Original\Adjectives\Good\Good_002.mp4
13,Adjectives,Good,SSL400\Dataset - Original\Adjectives\Good\Good_003.mp4
13,Adjectives,Good,SSL400\Dataset - Original\Adjectives\Good\Good_004.mp4
13,Adjectives,Good,SSL400\Dataset - Original\Adjectives\Good\Good_005.mp4
13,Adjectives,Good,SSL400\Dataset - Original\Adjectives\Good\Good_006.mp4
13,Adjectives,Good,SSL400\Dataset - Original\Adjectives\Good\Good_007.mp4
13,Adjectives,Good,SSL400\Dataset - Original\Adjectives\Good\Good_008.mp4
13,Adjectives,Good,SSL400\Dataset - Original\Adjectives\Good\Good_009.mp4
13,Adjectives,Good,SSL400\Dataset - Original\Adjectives\Good\Good_010.mp4
13,Adjectives,Good,SSL400\Dataset - Original\Adjectives\Good\Good_011.mov
13,Adjectives,Good,SSL400\Dataset - Original\Adjectives\Good\Good_012.mov
13,Adjectives,Good,SSL400\Dataset - Original\Adjectives\Good\Good_013.mov
13,Adjectives,Good,SSL400\Dataset - Original\Adjectives\Good\Good_014.mov
13,Adjectives,Good,SSL400\Dataset - Original\Adjectives\Good\Good_015.mov
13,Adjectives,Good,SSL400\Dataset - Original\Adjectives\Good\Good_016.mp4
13,Adjectives,Good,SSL400\Dataset - Original\Adjectives\Good\Good_017.mp4
13,Adjectives,Good,SSL400\Dataset - Original\Adjectives\Good\Good_018.mp4
13,Adjectives,Good,SSL400\Dataset - Original\Adjectives\Good\Good_019.mp4
13,Adjectives,Good,SSL400\Dataset - Original\Adjectives\Good\Good_020.mp4
13,Adjectives,Good,SSL400\Dataset - Original\Adjectives\Good\Good_021.mp4
13,Adjectives,Good,SSL400\Dataset - Original\Adjectives\Good\Good_022.mp4
13,Adjectives,Good,SSL400\Dataset - Original\Adjectives\Good\Good_023.mp4
13,Adjectives,Good,SSL400\Dataset - Original\Adjectives\Good\Good_024.mp4
13,Adjectives,Good,SSL400\Dataset - Original\Adjectives\Good\Good_025.mp4
13,Adjectives,Good,SSL400\Dataset - Original\Adjectives\Good\Good_026.mp4
13,Adjectives,Good,SSL400\Dataset - Original\Adjectives\Good\Good_027.mp4
13,Adjectives,Good,SSL400\Dataset - Original\Adjectives\Good\Good_028.mp4
13,Adjectives,Good,SSL400\Dataset - Original\Adjectives\Good\Good_029.mov
13,Adjectives,Good,SSL400\Dataset - Original\Adjectives\Good\Good_030.mov
13,Adjectives,Good,SSL400\Dataset - Original\Adjectives\Good\Good_031.mp4
13,Adjectives,Good,SSL400\Dataset - Original\Adjectives\Good\Good_032.mp4
13,Adjectives,Good,SSL400\Dataset - Original\Adjectives\Good\Good_033.mp4
13,Adjectives,Good,SSL400\Dataset - Original\Adjectives\Good\Good_034.mp4
13,Adjectives,Good,SSL400\Dataset - Original\Adjectives\Good\Good_035.mp4
13,Adjectives,Good,SSL400\Dataset - Original\Adjectives\Good\Good_036.mp4
13,Adjectives,Good,SSL400\Dataset - Original\Adjectives\Good\Good_037.mp4
13,Adjectives,Good,SSL400\Dataset - Original\Adjectives\Good\Good_038.mp4
13,Adjectives,Good,SSL400\Dataset - Original\Adjectives\Good\Good_039.mp4
13,Adjectives,Good,SSL400\Dataset - Original\Adjectives\Good\Good_040.mp4
13,Adjectives,Good,SSL400\Dataset - Original\Adjectives\Good\Good_041.mp4
13,Adjectives,Good,SSL400\Dataset - Original\Adjectives\Good\Good_042.mp4
13,Adjectives,Good,SSL400\Dataset - Original\Adjectives\Good\Good_043.mp4
13,Adjectives,Good,SSL400\Dataset - Original\Adjectives\Good\Good_044.mp4
13,Adjectives,Good,SSL400\Dataset - Original\Adjectives\Good\Good_045.mp4
13,Adjectives,Good,SSL400\Dataset - Original\Adjectives\Good\Good_046.mp4
13,Adjectives,Good,SSL400\Dataset - Original\Adjectives\Good\Good_047.mp4
13,Adjectives,Good,SSL400\Dataset - Original\Adjectives\Good\Good_048.mp4
13,Adjectives,Good,SSL400\Dataset - Original\Adjectives\Good\Good_049.mp4
13,Adjectives,Good,SSL400\Dataset - Original\Adjectives\Good\Good_050.mp4
13,Adjectives,Good,SSL400\Dataset - Original\Adjectives\Good\Good_051.mp4
13,Adjectives,Good,SSL400\Dataset - Original\Adjectives\Good\Good_052.mp4
13,Adjectives,Good,SSL400\Dataset - Original\Adjectives\Good\Good_053.mp4
13,Adjectives,Good,SSL400\Dataset - Original\Adjectives\Good\Good_054.mp4
13,Adjectives,Good,SSL400\Dataset - Original\Adjectives\Good\Good_055.mp4
13,Adjectives,Good,SSL400\Dataset - Original\Adjectives\Good\Good_056.mp4
13,Adjectives,Good,SSL400\Dataset - Original\Adjectives\Good\Good_057.mp4
13,Adjectives,Good,SSL400\Dataset - Original\Adjectives\Good\Good_058.mp4
13,Adjectives,Good,SSL400\Dataset - Original\Adjectives\Good\Good_059.mp4
13,Adjectives,Good,SSL400\Dataset - Original\Adjectives\Good\Good_060.mp4
13,Adjectives,Good,SSL400\Dataset - Original\Adjectives\Good\Good_061.mp4
13,Adjectives,Good,SSL400\Dataset - Original\Adjectives\Good\Good_062.mp4
13,Adjectives,Good,SSL400\Dataset - Original\Adjectives\Good\Good_063.mp4
13,Adjectives,Good,SSL400\Dataset - Original\Adjectives\Good\Good_064.mp4
13,Adjectives,Good,SSL400\Dataset - Original\Adjectives\Good\Good_065.mp4
13,Adjectives,Good,SSL400\Dataset - Original\Adjectives\Good\Good_066.mp4
13,Adjectives,Good,SSL400\Dataset - Original\Adjectives\Good\Good_067.mp4
14,Adjectives,Happy,SSL400\Dataset - Original\Adjectives\Happy\Happy_001.mp4
14,Adjectives,Happy,SSL400\Dataset - Original\Adjectives\Happy\Happy_002.mp4
14,Adjectives,Happy,SSL400\Dataset - Original\Adjectives\Happy\Happy_003.mp4
14,Adjectives,Happy,SSL400\Dataset - Original\Adjectives\Happy\Happy_004.mp4
14,Adjectives,Happy,SSL400\Dataset - Original\Adjectives\Happy\Happy_005.mp4
14,Adjectives,Happy,SSL400\Dataset - Original\Adjectives\Happy\Happy_006.mp4
14,Adjectives,Happy,SSL400\Dataset - Original\Adjectives\Happy\Happy_007.mp4
14,Adjectives,Happy,SSL400\Dataset - Original\Adjectives\Happy\Happy_008.mp4
15,Adjectives,Hard,SSL400\Dataset - Original\Adjectives\Hard\Hard_001.mp4
15,Adjectives,Hard,SSL400\Dataset - Original\Adjectives\Hard\Hard_002.mp4
15,Adjectives,Hard,SSL400\Dataset - Original\Adjectives\Hard\Hard_003.mp4
15,Adjectives,Hard,SSL400\Dataset - Original\Adjectives\Hard\Hard_004.mp4
15,Adjectives,Hard,SSL400\Dataset - Original\Adjectives\Hard\Hard_005.mp4
15,Adjectives,Hard,SSL400\Dataset - Original\Adjectives\Hard\Hard_006.mp4
15,Adjectives,Hard,SSL400\Dataset - Original\Adjectives\Hard\Hard_007.MOV
15,Adjectives,Hard,SSL400\Dataset - Original\Adjectives\Hard\Hard_008.MOV
15,Adjectives,Hard,SSL400\Dataset - Original\Adjectives\Hard\Hard_009.MOV
15,Adjectives,Hard,SSL400\Dataset - Original\Adjectives\Hard\Hard_010.MOV
15,Adjectives,Hard,SSL400\Dataset - Original\Adjectives\Hard\Hard_011.MOV
15,Adjectives,Hard,SSL400\Dataset - Original\Adjectives\Hard\Hard_012.MOV
15,Adjectives,Hard,SSL400\Dataset - Original\Adjectives\Hard\Hard_013.MOV
15,Adjectives,Hard,SSL400\Dataset - Original\Adjectives\Hard\Hard_014.MOV
16,Adjectives,Healthy,SSL400\Dataset - Original\Adjectives\Healthy\Healthy_001.MOV
16,Adjectives,Healthy,SSL400\Dataset - Original\Adjectives\Healthy\Healthy_002.MOV
16,Adjectives,Healthy,SSL400\Dataset - Original\Adjectives\Healthy\Healthy_003.MOV
16,Adjectives,Healthy,SSL400\Dataset - Original\Adjectives\Healthy\Healthy_004.MOV
16,Adjectives,Healthy,SSL400\Dataset - Original\Adjectives\Healthy\Healthy_005.MOV
16,Adjectives,Healthy,SSL400\Dataset - Original\Adjectives\Healthy\Healthy_006.MOV
16,Adjectives,Healthy,SSL400\Dataset - Original\Adjectives\Healthy\Healthy_007.MOV
16,Adjectives,Healthy,SSL400\Dataset - Original\Adjectives\Healthy\Healthy_008.MOV
16,Adjectives,Healthy,SSL400\Dataset - Original\Adjectives\Healthy\Healthy_009.MOV
16,Adjectives,Healthy,SSL400\Dataset - Original\Adjectives\Healthy\Healthy_010.MOV
16,Adjectives,Healthy,SSL400\Dataset - Original\Adjectives\Healthy\Healthy_011.MOV
16,Adjectives,Healthy,SSL400\Dataset - Original\Adjectives\Healthy\Healthy_012.MOV
16,Adjectives,Healthy,SSL400\Dataset - Original\Adjectives\Healthy\Healthy_013.MOV
16,Adjectives,Healthy,SSL400\Dataset - Original\Adjectives\Healthy\Healthy_014.MOV
16,Adjectives,Healthy,SSL400\Dataset - Original\Adjectives\Healthy\Healthy_015.MOV
16,Adjectives,Healthy,SSL400\Dataset - Original\Adjectives\Healthy\Healthy_016.MOV
16,Adjectives,Healthy,SSL400\Dataset - Original\Adjectives\Healthy\Healthy_017.MOV
16,Adjectives,Healthy,SSL400\Dataset - Original\Adjectives\Healthy\Healthy_018.MOV
16,Adjectives,Healthy,SSL400\Dataset - Original\Adjectives\Healthy\Healthy_019.MOV
16,Adjectives,Healthy,SSL400\Dataset - Original\Adjectives\Healthy\Healthy_020.MOV
16,Adjectives,Healthy,SSL400\Dataset - Original\Adjectives\Healthy\Healthy_021.MOV
17,Adjectives,High,SSL400\Dataset - Original\Adjectives\High\High_001.MOV
17,Adjectives,High,SSL400\Dataset - Original\Adjectives\High\High_002.MOV
17,Adjectives,High,SSL400\Dataset - Original\Adjectives\High\High_003.MOV
17,Adjectives,High,SSL400\Dataset - Original\Adjectives\High\High_004.MOV
17,Adjectives,High,SSL400\Dataset - Original\Adjectives\High\High_005.MOV
17,Adjectives,High,SSL400\Dataset - Original\Adjectives\High\High_006.MOV
17,Adjectives,High,SSL400\Dataset - Original\Adjectives\High\High_007.MOV
17,Adjectives,High,SSL400\Dataset - Original\Adjectives\High\High_008.MOV
18,Adjectives,Independent,SSL400\Dataset - Original\Adjectives\Independent\Independent_001.mp4
18,Adjectives,Independent,SSL400\Dataset - Original\Adjectives\Independent\Independent_002.mp4
18,Adjectives,Independent,SSL400\Dataset - Original\Adjectives\Independent\Independent_003.mp4
18,Adjectives,Independent,SSL400\Dataset - Original\Adjectives\Independent\Independent_004.mp4
18,Adjectives,Independent,SSL400\Dataset - Original\Adjectives\Independent\Independent_005.mp4
18,Adjectives,Independent,SSL400\Dataset - Original\Adjectives\Independent\Independent_006.mp4
18,Adjectives,Independent,SSL400\Dataset - Original\Adjectives\Independent\Independent_007.mp4
19,Adjectives,Less,SSL400\Dataset - Original\Adjectives\Less\Less_001.mp4
19,Adjectives,Less,SSL400\Dataset - Original\Adjectives\Less\Less_002.mp4
19,Adjectives,Less,SSL400\Dataset - Original\Adjectives\Less\Less_003.mp4
19,Adjectives,Less,SSL400\Dataset - Original\Adjectives\Less\Less_004.mp4
19,Adjectives,Less,SSL400\Dataset - Original\Adjectives\Less\Less_005.mp4
20,Adjectives,Loose,SSL400\Dataset - Original\Adjectives\Loose\Loose_001.MOV
20,Adjectives,Loose,SSL400\Dataset - Original\Adjectives\Loose\Loose_002.MOV
20,Adjectives,Loose,SSL400\Dataset - Original\Adjectives\Loose\Loose_003.MOV
20,Adjectives,Loose,SSL400\Dataset - Original\Adjectives\Loose\Loose_004.MOV
20,Adjectives,Loose,SSL400\Dataset - Original\Adjectives\Loose\Loose_005.MOV
20,Adjectives,Loose,SSL400\Dataset - Original\Adjectives\Loose\Loose_006.MOV
20,Adjectives,Loose,SSL400\Dataset - Original\Adjectives\Loose\Loose_007.MOV
20,Adjectives,Loose,SSL400\Dataset - Original\Adjectives\Loose\Loose_008.MOV
21,Adjectives,Low,SSL400\Dataset - Original\Adjectives\Low\Low_001.MOV
21,Adjectives,Low,SSL400\Dataset - Original\Adjectives\Low\Low_002.MOV
21,Adjectives,Low,SSL400\Dataset - Original\Adjectives\Low\Low_003.MOV
21,Adjectives,Low,SSL400\Dataset - Original\Adjectives\Low\Low_004.MOV
21,Adjectives,Low,SSL400\Dataset - Original\Adjectives\Low\Low_005.MOV
21,Adjectives,Low,SSL400\Dataset - Original\Adjectives\Low\Low_006.MOV
21,Adjectives,Low,SSL400\Dataset - Original\Adjectives\Low\Low_007.MOV
21,Adjectives,Low,SSL400\Dataset - Original\Adjectives\Low\Low_008.MOV
22,Adjectives,Next,SSL400\Dataset - Original\Adjectives\Next\Next_001.mp4
22,Adjectives,Next,SSL400\Dataset - Original\Adjectives\Next\Next_002.mp4
22,Adjectives,Next,SSL400\Dataset - Original\Adjectives\Next\Next_003.mp4
22,Adjectives,Next,SSL400\Dataset - Original\Adjectives\Next\Next_004.mp4
22,Adjectives,Next,SSL400\Dataset - Original\Adjectives\Next\Next_005.mp4
23,Adjectives,Nice,SSL400\Dataset - Original\Adjectives\Nice\Nice_001.MOV
23,Adjectives,Nice,SSL400\Dataset - Original\Adjectives\Nice\Nice_002.MOV
23,Adjectives,Nice,SSL400\Dataset - Original\Adjectives\Nice\Nice_003.MOV
23,Adjectives,Nice,SSL400\Dataset - Original\Adjectives\Nice\Nice_004.MOV
24,Adjectives,Not good,SSL400\Dataset - Original\Adjectives\Not good\Not good_001.mov
24,Adjectives,Not good,SSL400\Dataset - Original\Adjectives\Not good\Not good_002.mov
24,Adjectives,Not good,SSL400\Dataset - Original\Adjectives\Not good\Not good_003.mov
25,Adjectives,Old,SSL400\Dataset - Original\Adjectives\Old\Old_001.mp4
25,Adjectives,Old,SSL400\Dataset - Original\Adjectives\Old\Old_002.mp4
25,Adjectives,Old,SSL400\Dataset - Original\Adjectives\Old\Old_003.mp4
25,Adjectives,Old,SSL400\Dataset - Original\Adjectives\Old\Old_004.mp4
25,Adjectives,Old,SSL400\Dataset - Original\Adjectives\Old\Old_005.mp4
25,Adjectives,Old,SSL400\Dataset - Original\Adjectives\Old\Old_006.mp4
25,Adjectives,Old,SSL400\Dataset - Original\Adjectives\Old\Old_007.mp4
26,Adjectives,Past,SSL400\Dataset - Original\Adjectives\Past\Past_001.mp4
26,Adjectives,Past,SSL400\Dataset - Original\Adjectives\Past\Past_002.mp4
26,Adjectives,Past,SSL400\Dataset - Original\Adjectives\Past\Past_003.mp4
26,Adjectives,Past,SSL400\Dataset - Original\Adjectives\Past\Past_004.mp4
26,Adjectives,Past,SSL400\Dataset - Original\Adjectives\Past\Past_005.mp4
26,Adjectives,Past,SSL400\Dataset - Original\Adjectives\Past\Past_006.mp4
26,Adjectives,Past,SSL400\Dataset - Original\Adjectives\Past\Past_007.mp4
26,Adjectives,Past,SSL400\Dataset - Original\Adjectives\Past\Past_008.mp4
26,Adjectives,Past,SSL400\Dataset - Original\Adjectives\Past\Past_009.mp4
27,Adjectives,Positive,SSL400\Dataset - Original\Adjectives\Positive\Positive_001.mp4
27,Adjectives,Positive,SSL400\Dataset - Original\Adjectives\Positive\Positive_002.mp4
27,Adjectives,Positive,SSL400\Dataset - Original\Adjectives\Positive\Positive_003.mp4
27,Adjectives,Positive,SSL400\Dataset - Original\Adjectives\Positive\Positive_004.mp4
27,Adjectives,Positive,SSL400\Dataset - Original\Adjectives\Positive\Positive_005.mp4
27,Adjectives,Positive,SSL400\Dataset - Original\Adjectives\Positive\Positive_006.mp4
28,Adjectives,Present,SSL400\Dataset - Original\Adjectives\Present\Present_001.mp4
28,Adjectives,Present,SSL400\Dataset - Original\Adjectives\Present\Present_002.mp4
28,Adjectives,Present,SSL400\Dataset - Original\Adjectives\Present\Present_003.mp4
28,Adjectives,Present,SSL400\Dataset - Original\Adjectives\Present\Present_004.mp4
28,Adjectives,Present,SSL400\Dataset - Original\Adjectives\Present\Present_005.mp4
28,Adjectives,Present,SSL400\Dataset - Original\Adjectives\Present\Present_006.mp4
28,Adjectives,Present,SSL400\Dataset - Original\Adjectives\Present\Present_007.mp4
28,Adjectives,Present,SSL400\Dataset - Original\Adjectives\Present\Present_008.mp4
29,Adjectives,Quick,SSL400\Dataset - Original\Adjectives\Quick\Quick_001.mp4
29,Adjectives,Quick,SSL400\Dataset - Original\Adjectives\Quick\Quick_002.mp4
29,Adjectives,Quick,SSL400\Dataset - Original\Adjectives\Quick\Quick_003.mp4
29,Adjectives,Quick,SSL400\Dataset - Original\Adjectives\Quick\Quick_004.mp4
29,Adjectives,Quick,SSL400\Dataset - Original\Adjectives\Quick\Quick_005.mp4
29,Adjectives,Quick,SSL400\Dataset - Original\Adjectives\Quick\Quick_006.mp4
29,Adjectives,Quick,SSL400\Dataset - Original\Adjectives\Quick\Quick_007.mp4
29,Adjectives,Quick,SSL400\Dataset - Original\Adjectives\Quick\Quick_008.mp4
30,Adjectives,Rich,SSL400\Dataset - Original\Adjectives\Rich\Rich_001.mp4
30,Adjectives,Rich,SSL400\Dataset - Original\Adjectives\Rich\Rich_002.mp4
30,Adjectives,Rich,SSL400\Dataset - Original\Adjectives\Rich\Rich_003.mp4
30,Adjectives,Rich,SSL400\Dataset - Original\Adjectives\Rich\Rich_004.mp4
30,Adjectives,Rich,SSL400\Dataset - Original\Adjectives\Rich\Rich_005.mp4
30,Adjectives,Rich,SSL400\Dataset - Original\Adjectives\Rich\Rich_006.mp4
30,Adjectives,Rich,SSL400\Dataset - Original\Adjectives\Rich\Rich_007.mp4
30,Adjectives,Rich,SSL400\Dataset - Original\Adjectives\Rich\Rich_008.mp4
30,Adjectives,Rich,SSL400\Dataset - Original\Adjectives\Rich\Rich_009.mp4
30,Adjectives,Rich,SSL400\Dataset - Original\Adjectives\Rich\Rich_010.mp4
30,Adjectives,Rich,SSL400\Dataset - Original\Adjectives\Rich\Rich_011.mp4
30,Adjectives,Rich,SSL400\Dataset - Original\Adjectives\Rich\Rich_012.mp4
30,Adjectives,Rich,SSL400\Dataset - Original\Adjectives\Rich\Rich_013.mp4
30,Adjectives,Rich,SSL400\Dataset - Original\Adjectives\Rich\Rich_014.mp4
30,Adjectives,Rich,SSL400\Dataset - Original\Adjectives\Rich\Rich_015.mp4
30,Adjectives,Rich,SSL400\Dataset - Original\Adjectives\Rich\Rich_016.mp4
30,Adjectives,Rich,SSL400\Dataset - Original\Adjectives\Rich\Rich_017.mp4
30,Adjectives,Rich,SSL400\Dataset - Original\Adjectives\Rich\Rich_018.mp4
30,Adjectives,Rich,SSL400\Dataset - Original\Adjectives\Rich\Rich_019.mp4
31,Adjectives,Same,SSL400\Dataset - Original\Adjectives\Same\Same_001.mp4
31,Adjectives,Same,SSL400\Dataset - Original\Adjectives\Same\Same_002.mp4
31,Adjectives,Same,SSL400\Dataset - Original\Adjectives\Same\Same_003.mp4
31,Adjectives,Same,SSL400\Dataset - Original\Adjectives\Same\Same_004.mp4
31,Adjectives,Same,SSL400\Dataset - Original\Adjectives\Same\Same_005.mp4
31,Adjectives,Same,SSL400\Dataset - Original\Adjectives\Same\Same_006.mp4
31,Adjectives,Same,SSL400\Dataset - Original\Adjectives\Same\Same_007.mp4
31,Adjectives,Same,SSL400\Dataset - Original\Adjectives\Same\Same_008.mp4
31,Adjectives,Same,SSL400\Dataset - Original\Adjectives\Same\Same_009.mp4
32,Adjectives,Senior,SSL400\Dataset - Original\Adjectives\Senior\Senior_001.mp4
32,Adjectives,Senior,SSL400\Dataset - Original\Adjectives\Senior\Senior_002.mp4
32,Adjectives,Senior,SSL400\Dataset - Original\Adjectives\Senior\Senior_003.mp4
32,Adjectives,Senior,SSL400\Dataset - Original\Adjectives\Senior\Senior_004.mp4
32,Adjectives,Senior,SSL400\Dataset - Original\Adjectives\Senior\Senior_005.mp4
32,Adjectives,Senior,SSL400\Dataset - Original\Adjectives\Senior\Senior_006.mp4
33,Adjectives,Small,SSL400\Dataset - Original\Adjectives\Small\Small_001.mp4
33,Adjectives,Small,SSL400\Dataset - Original\Adjectives\Small\Small_002.mp4
33,Adjectives,Small,SSL400\Dataset - Original\Adjectives\Small\Small_003.mp4
33,Adjectives,Small,SSL400\Dataset - Original\Adjectives\Small\Small_004.mp4
33,Adjectives,Small,SSL400\Dataset - Original\Adjectives\Small\Small_005.mp4
33,Adjectives,Small,SSL400\Dataset - Original\Adjectives\Small\Small_006.mp4
33,Adjectives,Small,SSL400\Dataset - Original\Adjectives\Small\Small_007.mp4
33,Adjectives,Small,SSL400\Dataset - Original\Adjectives\Small\Small_008.mp4
34,Adjectives,Soft,SSL400\Dataset - Original\Adjectives\Soft\Soft_001.MOV
34,Adjectives,Soft,SSL400\Dataset - Original\Adjectives\Soft\Soft_002.MOV
34,Adjectives,Soft,SSL400\Dataset - Original\Adjectives\Soft\Soft_003.MOV
34,Adjectives,Soft,SSL400\Dataset - Original\Adjectives\Soft\Soft_004.MOV
34,Adjectives,Soft,SSL400\Dataset - Original\Adjectives\Soft\Soft_005.MOV
34,Adjectives,Soft,SSL400\Dataset - Original\Adjectives\Soft\Soft_006.MOV
34,Adjectives,Soft,SSL400\Dataset - Original\Adjectives\Soft\Soft_007.MOV
34,Adjectives,Soft,SSL400\Dataset - Original\Adjectives\Soft\Soft_008.MOV
35,Adjectives,Strong,SSL400\Dataset - Original\Adjectives\Strong\Strong_001.MOV
35,Adjectives,Strong,SSL400\Dataset - Original\Adjectives\Strong\Strong_002.MOV
35,Adjectives,Strong,SSL400\Dataset - Original\Adjectives\Strong\Strong_003.MOV
35,Adjectives,Strong,SSL400\Dataset - Original\Adjectives\Strong\Strong_004.MOV
35,Adjectives,Strong,SSL400\Dataset - Original\Adjectives\Strong\Strong_005.MOV
35,Adjectives,Strong,SSL400\Dataset - Original\Adjectives\Strong\Strong_006.MOV
35,Adjectives,Strong,SSL400\Dataset - Original\Adjectives\Strong\Strong_007.MOV
35,Adjectives,Strong,SSL400\Dataset - Original\Adjectives\Strong\Strong_008.MOV
36,Adjectives,Thirsty,SSL400\Dataset - Original\Adjectives\Thirsty\Thirsty_001.mov
37,Adjectives,Tight,SSL400\Dataset - Original\Adjectives\Tight\Tight_001.MOV
37,Adjectives,Tight,SSL400\Dataset - Original\Adjectives\Tight\Tight_002.MOV
37,Adjectives,Tight,SSL400\Dataset - Original\Adjectives\Tight\Tight_003.MOV
37,Adjectives,Tight,SSL400\Dataset - Original\Adjectives\Tight\Tight_004.MOV
37,Adjectives,Tight,SSL400\Dataset - Original\Adjectives\Tight\Tight_005.MOV
37,Adjectives,Tight,SSL400\Dataset - Original\Adjectives\Tight\Tight_006.MOV
37,Adjectives,Tight,SSL400\Dataset - Original\Adjectives\Tight\Tight_007.MOV
37,Adjectives,Tight,SSL400\Dataset - Original\Adjectives\Tight\Tight_008.MOV
38,Adjectives,Ugly,SSL400\Dataset - Original\Adjectives\Ugly\Ugly_001.mov
39,Adjectives,Welcome,SSL400\Dataset - Original\Adjectives\Welcome\Welcome_001.mp4
39,Adjectives,Welcome,SSL400\Dataset - Original\Adjectives\Welcome\Welcome_002.mp4
39,Adjectives,Welcome,SSL400\Dataset - Original\Adjectives\Welcome\Welcome_003.mp4
39,Adjectives,Welcome,SSL400\Dataset - Original\Adjectives\Welcome\Welcome_004.mp4
39,Adjectives,Welcome,SSL400\Dataset - Original\Adjectives\Welcome\Welcome_005.mp4
40,Adjectives,Wrong,SSL400\Dataset - Original\Adjectives\Wrong\Wrong_001.mp4
40,Adjectives,Wrong,SSL400\Dataset - Original\Adjectives\Wrong\Wrong_002.mp4
40,Adjectives,Wrong,SSL400\Dataset - Original\Adjectives\Wrong\Wrong_003.mp4
40,Adjectives,Wrong,SSL400\Dataset - Original\Adjectives\Wrong\Wrong_004.mp4
40,Adjectives,Wrong,SSL400\Dataset - Original\Adjectives\Wrong\Wrong_005.mp4
40,Adjectives,Wrong,SSL400\Dataset - Original\Adjectives\Wrong\Wrong_006.mp4
40,Adjectives,Wrong,SSL400\Dataset - Original\Adjectives\Wrong\Wrong_007.mp4
40,Adjectives,Wrong,SSL400\Dataset - Original\Adjectives\Wrong\Wrong_008.mp4
40,Adjectives,Wrong,SSL400\Dataset - Original\Adjectives\Wrong\Wrong_009.mp4
40,Adjectives,Wrong,SSL400\Dataset - Original\Adjectives\Wrong\Wrong_010.mp4
40,Adjectives,Wrong,SSL400\Dataset - Original\Adjectives\Wrong\Wrong_011.mp4
40,Adjectives,Wrong,SSL400\Dataset - Original\Adjectives\Wrong\Wrong_012.mp4
40,Adjectives,Wrong,SSL400\Dataset - Original\Adjectives\Wrong\Wrong_013.mp4
40,Adjectives,Wrong,SSL400\Dataset - Original\Adjectives\Wrong\Wrong_014.mp4
40,Adjectives,Wrong,SSL400\Dataset - Original\Adjectives\Wrong\Wrong_015.mp4
40,Adjectives,Wrong,SSL400\Dataset - Original\Adjectives\Wrong\Wrong_016.mp4
40,Adjectives,Wrong,SSL400\Dataset - Original\Adjectives\Wrong\Wrong_017.mp4
40,Adjectives,Wrong,SSL400\Dataset - Original\Adjectives\Wrong\Wrong_018.mp4
40,Adjectives,Wrong,SSL400\Dataset - Original\Adjectives\Wrong\Wrong_019.mp4
40,Adjectives,Wrong,SSL400\Dataset - Original\Adjectives\Wrong\Wrong_020.mp4
41,Adverb,Again,SSL400\Dataset - Original\Adverb\Again\Again_001.mp4
41,Adverb,Again,SSL400\Dataset - Original\Adverb\Again\Again_002.mp4
41,Adverb,Again,SSL400\Dataset - Original\Adverb\Again\Again_003.mp4
41,Adverb,Again,SSL400\Dataset - Original\Adverb\Again\Again_004.mp4
41,Adverb,Again,SSL400\Dataset - Original\Adverb\Again\Again_005.mp4
41,Adverb,Again,SSL400\Dataset - Original\Adverb\Again\Again_006.mp4
41,Adverb,Again,SSL400\Dataset - Original\Adverb\Again\Again_007.mp4
41,Adverb,Again,SSL400\Dataset - Original\Adverb\Again\Again_008.mp4
41,Adverb,Again,SSL400\Dataset - Original\Adverb\Again\Again_009.mov
41,Adverb,Again,SSL400\Dataset - Original\Adverb\Again\Again_010.mp4
41,Adverb,Again,SSL400\Dataset - Original\Adverb\Again\Again_011.mp4
41,Adverb,Again,SSL400\Dataset - Original\Adverb\Again\Again_012.mp4
41,Adverb,Again,SSL400\Dataset - Original\Adverb\Again\Again_013.mp4
41,Adverb,Again,SSL400\Dataset - Original\Adverb\Again\Again_014.mp4
41,Adverb,Again,SSL400\Dataset - Original\Adverb\Again\Again_015.mp4
41,Adverb,Again,SSL400\Dataset - Original\Adverb\Again\Again_016.mp4
41,Adverb,Again,SSL400\Dataset - Original\Adverb\Again\Again_017.mp4
41,Adverb,Again,SSL400\Dataset - Original\Adverb\Again\Again_018.mp4
41,Adverb,Again,SSL400\Dataset - Original\Adverb\Again\Again_019.mp4
41,Adverb,Again,SSL400\Dataset - Original\Adverb\Again\Again_020.mp4
41,Adverb,Again,SSL400\Dataset - Original\Adverb\Again\Again_021.mp4
41,Adverb,Again,SSL400\Dataset - Original\Adverb\Again\Again_022.mp4
41,Adverb,Again,SSL400\Dataset - Original\Adverb\Again\Again_023.mp4
41,Adverb,Again,SSL400\Dataset - Original\Adverb\Again\Again_024.mp4
41,Adverb,Again,SSL400\Dataset - Original\Adverb\Again\Again_025.mp4
41,Adverb,Again,SSL400\Dataset - Original\Adverb\Again\Again_026.mp4
41,Adverb,Again,SSL400\Dataset - Original\Adverb\Again\Again_027.mp4
42,Adverb,Also,SSL400\Dataset - Original\Adverb\Also\Also_001.mp4
42,Adverb,Also,SSL400\Dataset - Original\Adverb\Also\Also_002.mp4
42,Adverb,Also,SSL400\Dataset - Original\Adverb\Also\Also_003.mp4
42,Adverb,Also,SSL400\Dataset - Original\Adverb\Also\Also_004.mp4
42,Adverb,Also,SSL400\Dataset - Original\Adverb\Also\Also_005.mp4
42,Adverb,Also,SSL400\Dataset - Original\Adverb\Also\Also_006.mp4
42,Adverb,Also,SSL400\Dataset - Original\Adverb\Also\Also_007.mp4
42,Adverb,Also,SSL400\Dataset - Original\Adverb\Also\Also_008.mp4
43,Adverb,Can,SSL400\Dataset - Original\Adverb\Can\Can_001.mov
43,Adverb,Can,SSL400\Dataset - Original\Adverb\Can\Can_002.mov
43,Adverb,Can,SSL400\Dataset - Original\Adverb\Can\Can_003.mov
43,Adverb,Can,SSL400\Dataset - Original\Adverb\Can\Can_004.mov
43,Adverb,Can,SSL400\Dataset - Original\Adverb\Can\Can_005.mov
43,Adverb,Can,SSL400\Dataset - Original\Adverb\Can\Can_006.mov
43,Adverb,Can,SSL400\Dataset - Original\Adverb\Can\Can_007.mov
43,Adverb,Can,SSL400\Dataset - Original\Adverb\Can\Can_008.mov
43,Adverb,Can,SSL400\Dataset - Original\Adverb\Can\Can_009.mov
43,Adverb,Can,SSL400\Dataset - Original\Adverb\Can\Can_010.mov
43,Adverb,Can,SSL400\Dataset - Original\Adverb\Can\Can_011.mov
44,Adverb,Cant,SSL400\Dataset - Original\Adverb\Cant\Cant_001.mov
44,Adverb,Cant,SSL400\Dataset - Original\Adverb\Cant\Cant_002.mov
44,Adverb,Cant,SSL400\Dataset - Original\Adverb\Cant\Cant_003.mov
45,Adverb,Clearly,SSL400\Dataset - Original\Adverb\Clearly\Clearly_001.mov
46,Adverb,Dont,SSL400\Dataset - Original\Adverb\Dont\Dont_001.mov
47,Adverb,Dont know,SSL400\Dataset - Original\Adverb\Dont know\Dont know_001.mov
47,Adverb,Dont know,SSL400\Dataset - Original\Adverb\Dont know\Dont know_002.mov
48,Adverb,Here,SSL400\Dataset - Original\Adverb\Here\Here_001.mp4
48,Adverb,Here,SSL400\Dataset - Original\Adverb\Here\Here_002.mp4
48,Adverb,Here,SSL400\Dataset - Original\Adverb\Here\Here_003.mp4
48,Adverb,Here,SSL400\Dataset - Original\Adverb\Here\Here_004.mp4
48,Adverb,Here,SSL400\Dataset - Original\Adverb\Here\Here_005.mp4
48,Adverb,Here,SSL400\Dataset - Original\Adverb\Here\Here_006.mp4
48,Adverb,Here,SSL400\Dataset - Original\Adverb\Here\Here_007.mp4
49,Adverb,Instead,SSL400\Dataset - Original\Adverb\Instead\Instead_001.mp4
49,Adverb,Instead,SSL400\Dataset - Original\Adverb\Instead\Instead_002.mp4
49,Adverb,Instead,SSL400\Dataset - Original\Adverb\Instead\Instead_003.mp4
49,Adverb,Instead,SSL400\Dataset - Original\Adverb\Instead\Instead_004.mp4
49,Adverb,Instead,SSL400\Dataset - Original\Adverb\Instead\Instead_005.mp4
49,Adverb,Instead,SSL400\Dataset - Original\Adverb\Instead\Instead_006.mp4
50,Adverb,Never,SSL400\Dataset - Original\Adverb\Never\Never_001.mp4
50,Adverb,Never,SSL400\Dataset - Original\Adverb\Never\Never_002.mp4
50,Adverb,Never,SSL400\Dataset - Original\Adverb\Never\Never_003.mp4
50,Adverb,Never,SSL400\Dataset - Original\Adverb\Never\Never_004.mp4
50,Adverb,Never,SSL400\Dataset - Original\Adverb\Never\Never_005.mp4
50,Adverb,Never,SSL400\Dataset - Original\Adverb\Never\Never_006.mp4
50,Adverb,Never,SSL400\Dataset - Original\Adverb\Never\Never_007.mp4
51,Adverb,Not like (dislike),SSL400\Dataset - Original\Adverb\Not like (dislike)\Not like (dislike)_001.mov
51,Adverb,Not like (dislike),SSL400\Dataset - Original\Adverb\Not like (dislike)\Not like (dislike)_002.mov
52,Adverb,When,SSL400\Dataset - Original\Adverb\When\When_001.mov
52,Adverb,When,SSL400\Dataset - Original\Adverb\When\When_002.mov
52,Adverb,When,SSL400\Dataset - Original\Adverb\When\When_003.mov
53,Adverb,Where,SSL400\Dataset - Original\Adverb\Where\Where_001.mov
53,Adverb,Where,SSL400\Dataset - Original\Adverb\Where\Where_002.mov
54,Adverb,Why,SSL400\Dataset - Original\Adverb\Why\Why_001.mov
54,Adverb,Why,SSL400\Dataset - Original\Adverb\Why\Why_002.mov
54,Adverb,Why,SSL400\Dataset - Original\Adverb\Why\Why_003.mov
54,Adverb,Why,SSL400\Dataset - Original\Adverb\Why\Why_004.mov
54,Adverb,Why,SSL400\Dataset - Original\Adverb\Why\Why_005.mov
55,Colors,Black,SSL400\Dataset - Original\Colors\Black\Black_001.mov
55,Colors,Black,SSL400\Dataset - Original\Colors\Black\Black_002.mp4
55,Colors,Black,SSL400\Dataset - Original\Colors\Black\Black_003.mov
55,Colors,Black,SSL400\Dataset - Original\Colors\Black\Black_004.mp4
55,Colors,Black,SSL400\Dataset - Original\Colors\Black\Black_005.mp4
55,Colors,Black,SSL400\Dataset - Original\Colors\Black\Black_006.mp4
55,Colors,Black,SSL400\Dataset - Original\Colors\Black\Black_007.mov
55,Colors,Black,SSL400\Dataset - Original\Colors\Black\Black_008.mp4
55,Colors,Black,SSL400\Dataset - Original\Colors\Black\Black_009.MOV
55,Colors,Black,SSL400\Dataset - Original\Colors\Black\Black_010.MOV
55,Colors,Black,SSL400\Dataset - Original\Colors\Black\Black_011.MOV
55,Colors,Black,SSL400\Dataset - Original\Colors\Black\Black_012.MOV
55,Colors,Black,SSL400\Dataset - Original\Colors\Black\Black_013.MOV
55,Colors,Black,SSL400\Dataset - Original\Colors\Black\Black_014.MOV
55,Colors,Black,SSL400\Dataset - Original\Colors\Black\Black_015.MOV
55,Colors,Black,SSL400\Dataset - Original\Colors\Black\Black_016.MOV
55,Colors,Black,SSL400\Dataset - Original\Colors\Black\Black_017.MOV
55,Colors,Black,SSL400\Dataset - Original\Colors\Black\Black_018.MOV
55,Colors,Black,SSL400\Dataset - Original\Colors\Black\Black_019.MOV
55,Colors,Black,SSL400\Dataset - Original\Colors\Black\Black_020.MOV
55,Colors,Black,SSL400\Dataset - Original\Colors\Black\Black_021.MOV
55,Colors,Black,SSL400\Dataset - Original\Colors\Black\Black_022.MOV
55,Colors,Black,SSL400\Dataset - Original\Colors\Black\Black_023.MOV
55,Colors,Black,SSL400\Dataset - Original\Colors\Black\Black_024.MOV
55,Colors,Black,SSL400\Dataset - Original\Colors\Black\Black_025.MOV
55,Colors,Black,SSL400\Dataset - Original\Colors\Black\Black_026.MOV
55,Colors,Black,SSL400\Dataset - Original\Colors\Black\Black_027.MOV
55,Colors,Black,SSL400\Dataset - Original\Colors\Black\Black_028.MP4
56,Colors,Blue,SSL400\Dataset - Original\Colors\Blue\Blue_001.mp4
56,Colors,Blue,SSL400\Dataset - Original\Colors\Blue\Blue_002.mp4
56,Colors,Blue,SSL400\Dataset - Original\Colors\Blue\Blue_003.mov
56,Colors,Blue,SSL400\Dataset - Original\Colors\Blue\Blue_004.mp4
56,Colors,Blue,SSL400\Dataset - Original\Colors\Blue\Blue_005.mov
57,Colors,Brown,SSL400\Dataset - Original\Colors\Brown\Brown_001.mp4
57,Colors,Brown,SSL400\Dataset - Original\Colors\Brown\Brown_002.mp4
57,Colors,Brown,SSL400\Dataset - Original\Colors\Brown\Brown_003.mov
57,Colors,Brown,SSL400\Dataset - Original\Colors\Brown\Brown_004.mp4
57,Colors,Brown,SSL400\Dataset - Original\Colors\Brown\Brown_005.mov
58,Colors,Color,SSL400\Dataset - Original\Colors\Color\Color_001.mov
59,Colors,Gold,SSL400\Dataset - Original\Colors\Gold\Gold_001.mov
59,Colors,Gold,SSL400\Dataset - Original\Colors\Gold\Gold_002.mp4
59,Colors,Gold,SSL400\Dataset - Original\Colors\Gold\Gold_003.mov
59,Colors,Gold,SSL400\Dataset - Original\Colors\Gold\Gold_004.mp4
60,Colors,Gray,SSL400\Dataset - Original\Colors\Gray\Gray_001.mov
61,Colors,Green,SSL400\Dataset - Original\Colors\Green\Green_001.mp4
61,Colors,Green,SSL400\Dataset - Original\Colors\Green\Green_002.mp4
61,Colors,Green,SSL400\Dataset - Original\Colors\Green\Green_003.mp4
61,Colors,Green,SSL400\Dataset - Original\Colors\Green\Green_004.mp4
61,Colors,Green,SSL400\Dataset - Original\Colors\Green\Green_005.mp4
61,Colors,Green,SSL400\Dataset - Original\Colors\Green\Green_006.mp4
61,Colors,Green,SSL400\Dataset - Original\Colors\Green\Green_007.mp4
61,Colors,Green,SSL400\Dataset - Original\Colors\Green\Green_008.mp4
61,Colors,Green,SSL400\Dataset - Original\Colors\Green\Green_009.mp4
61,Colors,Green,SSL400\Dataset - Original\Colors\Green\Green_010.mp4
61,Colors,Green,SSL400\Dataset - Original\Colors\Green\Green_011.mp4
61,Colors,Green,SSL400\Dataset - Original\Colors\Green\Green_012.mp4
61,Colors,Green,SSL400\Dataset - Original\Colors\Green\Green_013.mp4
61,Colors,Green,SSL400\Dataset - Original\Colors\Green\Green_014.mp4
61,Colors,Green,SSL400\Dataset - Original\Colors\Green\Green_015.mp4
61,Colors,Green,SSL400\Dataset - Original\Colors\Green\Green_016.mp4
61,Colors,Green,SSL400\Dataset - Original\Colors\Green\Green_017.mp4
61,Colors,Green,SSL400\Dataset - Original\Colors\Green\Green_018.mp4
61,Colors,Green,SSL400\Dataset - Original\Colors\Green\Green_019.mp4
61,Colors,Green,SSL400\Dataset - Original\Colors\Green\Green_020.mp4
61,Colors,Green,SSL400\Dataset - Original\Colors\Green\Green_021.mp4
61,Colors,Green,SSL400\Dataset - Original\Colors\Green\Green_022.mp4
61,Colors,Green,SSL400\Dataset - Original\Colors\Green\Green_023.mp4
61,Colors,Green,SSL400\Dataset - Original\Colors\Green\Green_024.mp4
61,Colors,Green,SSL400\Dataset - Original\Colors\Green\Green_025.mp4
61,Colors,Green,SSL400\Dataset - Original\Colors\Green\Green_026.mov
61,Colors,Green,SSL400\Dataset - Original\Colors\Green\Green_027.mp4
61,Colors,Green,SSL400\Dataset - Original\Colors\Green\Green_028.mov
62,Colors,Grey,SSL400\Dataset - Original\Colors\Grey\Grey_001.mp4
62,Colors,Grey,SSL400\Dataset - Original\Colors\Grey\Grey_002.mov
62,Colors,Grey,SSL400\Dataset - Original\Colors\Grey\Grey_003.mp4
63,Colors,Orange,SSL400\Dataset - Original\Colors\Orange\Orange_001.mp4
63,Colors,Orange,SSL400\Dataset - Original\Colors\Orange\Orange_002.mp4
63,Colors,Orange,SSL400\Dataset - Original\Colors\Orange\Orange_003.mp4
63,Colors,Orange,SSL400\Dataset - Original\Colors\Orange\Orange_004.mov
63,Colors,Orange,SSL400\Dataset - Original\Colors\Orange\Orange_005.mov
64,Colors,Pink,SSL400\Dataset - Original\Colors\Pink\Pink_001.mov
64,Colors,Pink,SSL400\Dataset - Original\Colors\Pink\Pink_002.mov
64,Colors,Pink,SSL400\Dataset - Original\Colors\Pink\Pink_003.mp4
64,Colors,Pink,SSL400\Dataset - Original\Colors\Pink\Pink_004.mp4
64,Colors,Pink,SSL400\Dataset - Original\Colors\Pink\Pink_005.mov
64,Colors,Pink,SSL400\Dataset - Original\Colors\Pink\Pink_006.mp4
65,Colors,Purple,SSL400\Dataset - Original\Colors\Purple\Purple_001.mp4
65,Colors,Purple,SSL400\Dataset - Original\Colors\Purple\Purple_002.mp4
65,Colors,Purple,SSL400\Dataset - Original\Colors\Purple\Purple_003.mp4
65,Colors,Purple,SSL400\Dataset - Original\Colors\Purple\Purple_004.mp4
65,Colors,Purple,SSL400\Dataset - Original\Colors\Purple\Purple_005.mp4
65,Colors,Purple,SSL400\Dataset - Original\Colors\Purple\Purple_006.mp4
65,Colors,Purple,SSL400\Dataset - Original\Colors\Purple\Purple_007.mp4
65,Colors,Purple,SSL400\Dataset - Original\Colors\Purple\Purple_008.mp4
65,Colors,Purple,SSL400\Dataset - Original\Colors\Purple\Purple_009.mp4
65,Colors,Purple,SSL400\Dataset - Original\Colors\Purple\Purple_010.mp4
65,Colors,Purple,SSL400\Dataset - Original\Colors\Purple\Purple_011.mp4
65,Colors,Purple,SSL400\Dataset - Original\Colors\Purple\Purple_012.mp4
65,Colors,Purple,SSL400\Dataset - Original\Colors\Purple\Purple_013.mp4
65,Colors,Purple,SSL400\Dataset - Original\Colors\Purple\Purple_014.mp4
65,Colors,Purple,SSL400\Dataset - Original\Colors\Purple\Purple_015.mp4
65,Colors,Purple,SSL400\Dataset - Original\Colors\Purple\Purple_016.mp4
65,Colors,Purple,SSL400\Dataset - Original\Colors\Purple\Purple_017.mp4
65,Colors,Purple,SSL400\Dataset - Original\Colors\Purple\Purple_018.mp4
65,Colors,Purple,SSL400\Dataset - Original\Colors\Purple\Purple_019.mp4
65,Colors,Purple,SSL400\Dataset - Original\Colors\Purple\Purple_020.mp4
65,Colors,Purple,SSL400\Dataset - Original\Colors\Purple\Purple_021.mp4
65,Colors,Purple,SSL400\Dataset - Original\Colors\Purple\Purple_022.mp4
65,Colors,Purple,SSL400\Dataset - Original\Colors\Purple\Purple_023.mp4
65,Colors,Purple,SSL400\Dataset - Original\Colors\Purple\Purple_024.mp4
65,Colors,Purple,SSL400\Dataset - Original\Colors\Purple\Purple_025.mov
65,Colors,Purple,SSL400\Dataset - Original\Colors\Purple\Purple_026.mp4
65,Colors,Purple,SSL400\Dataset - Original\Colors\Purple\Purple_027.mov
65,Colors,Purple,SSL400\Dataset - Original\Colors\Purple\Purple_028.mp4
65,Colors,Purple,SSL400\Dataset - Original\Colors\Purple\Purple_029.mov
65,Colors,Purple,SSL400\Dataset - Original\Colors\Purple\Purple_030.mp4
66,Colors,Red,SSL400\Dataset - Original\Colors\Red\Red_001.mp4
66,Colors,Red,SSL400\Dataset - Original\Colors\Red\Red_002.mp4
66,Colors,Red,SSL400\Dataset - Original\Colors\Red\Red_003.mp4
66,Colors,Red,SSL400\Dataset - Original\Colors\Red\Red_004.mp4
66,Colors,Red,SSL400\Dataset - Original\Colors\Red\Red_005.mp4
66,Colors,Red,SSL400\Dataset - Original\Colors\Red\Red_006.mp4
66,Colors,Red,SSL400\Dataset - Original\Colors\Red\Red_007.mp4
66,Colors,Red,SSL400\Dataset - Original\Colors\Red\Red_008.mp4
66,Colors,Red,SSL400\Dataset - Original\Colors\Red\Red_009.mp4
66,Colors,Red,SSL400\Dataset - Original\Colors\Red\Red_010.mp4
66,Colors,Red,SSL400\Dataset - Original\Colors\Red\Red_011.mp4
66,Colors,Red,SSL400\Dataset - Original\Colors\Red\Red_012.mp4
66,Colors,Red,SSL400\Dataset - Original\Colors\Red\Red_013.mp4
66,Colors,Red,SSL400\Dataset - Original\Colors\Red\Red_014.mp4
66,Colors,Red,SSL400\Dataset - Original\Colors\Red\Red_015.mp4
66,Colors,Red,SSL400\Dataset - Original\Colors\Red\Red_016.mp4
66,Colors,Red,SSL400\Dataset - Original\Colors\Red\Red_017.mp4
66,Colors,Red,SSL400\Dataset - Original\Colors\Red\Red_018.mp4
66,Colors,Red,SSL400\Dataset - Original\Colors\Red\Red_019.mp4
66,Colors,Red,SSL400\Dataset - Original\Colors\Red\Red_020.mp4
66,Colors,Red,SSL400\Dataset - Original\Colors\Red\Red_021.mp4
66,Colors,Red,SSL400\Dataset - Original\Colors\Red\Red_022.mp4
66,Colors,Red,SSL400\Dataset - Original\Colors\Red\Red_023.mp4
66,Colors,Red,SSL400\Dataset - Original\Colors\Red\Red_024.mp4
66,Colors,Red,SSL400\Dataset - Original\Colors\Red\Red_025.mov
66,Colors,Red,SSL400\Dataset - Original\Colors\Red\Red_026.mp4
66,Colors,Red,SSL400\Dataset - Original\Colors\Red\Red_027.mp4
66,Colors,Red,SSL400\Dataset - Original\Colors\Red\Red_028.mov
66,Colors,Red,SSL400\Dataset - Original\Colors\Red\Red_029.mp4
66,Colors,Red,SSL400\Dataset - Original\Colors\Red\Red_030.mov
67,Colors,White,SSL400\Dataset - Original\Colors\White\White_001.mp4
67,Colors,White,SSL400\Dataset - Original\Colors\White\White_002.mp4
67,Colors,White,SSL400\Dataset - Original\Colors\White\White_003.mp4
67,Colors,White,SSL400\Dataset - Original\Colors\White\White_004.mp4
67,Colors,White,SSL400\Dataset - Original\Colors\White\White_005.mp4
67,Colors,White,SSL400\Dataset - Original\Colors\White\White_006.mp4
67,Colors,White,SSL400\Dataset - Original\Colors\White\White_007.mp4
67,Colors,White,SSL400\Dataset - Original\Colors\White\White_008.mp4
67,Colors,White,SSL400\Dataset - Original\Colors\White\White_009.mp4
67,Colors,White,SSL400\Dataset - Original\Colors\White\White_010.mp4
67,Colors,White,SSL400\Dataset - Original\Colors\White\White_011.mp4
67,Colors,White,SSL400\Dataset - Original\Colors\White\White_012.mp4
67,Colors,White,SSL400\Dataset - Original\Colors\White\White_013.mp4
67,Colors,White,SSL400\Dataset - Original\Colors\White\White_014.mp4
67,Colors,White,SSL400\Dataset - Original\Colors\White\White_015.mp4
67,Colors,White,SSL400\Dataset - Original\Colors\White\White_016.mp4
67,Colors,White,SSL400\Dataset - Original\Colors\White\White_017.mp4
67,Colors,White,SSL400\Dataset - Original\Colors\White\White_018.mp4
67,Colors,White,SSL400\Dataset - Original\Colors\White\White_019.mp4
67,Colors,White,SSL400\Dataset - Original\Colors\White\White_020.mp4
67,Colors,White,SSL400\Dataset - Original\Colors\White\White_021.mp4
67,Colors,White,SSL400\Dataset - Original\Colors\White\White_022.mp4
67,Colors,White,SSL400\Dataset - Original\Colors\White\White_023.mp4
67,Colors,White,SSL400\Dataset - Original\Colors\White\White_024.MOV
67,Colors,White,SSL400\Dataset - Original\Colors\White\White_025.MOV
67,Colors,White,SSL400\Dataset - Original\Colors\White\White_026.MOV
67,Colors,White,SSL400\Dataset - Original\Colors\White\White_027.MOV
67,Colors,White,SSL400\Dataset - Original\Colors\White\White_028.MOV
67,Colors,White,SSL400\Dataset - Original\Colors\White\White_029.MOV
67,Colors,White,SSL400\Dataset - Original\Colors\White\White_030.MOV
67,Colors,White,SSL400\Dataset - Original\Colors\White\White_031.MOV
67,Colors,White,SSL400\Dataset - Original\Colors\White\White_032.MOV
67,Colors,White,SSL400\Dataset - Original\Colors\White\White_033.MOV
67,Colors,White,SSL400\Dataset - Original\Colors\White\White_034.MOV
67,Colors,White,SSL400\Dataset - Original\Colors\White\White_035.MOV
67,Colors,White,SSL400\Dataset - Original\Colors\White\White_036.MOV
67,Colors,White,SSL400\Dataset - Original\Colors\White\White_037.MOV
67,Colors,White,SSL400\Dataset - Original\Colors\White\White_038.MOV
67,Colors,White,SSL400\Dataset - Original\Colors\White\White_039.MOV
67,Colors,White,SSL400\Dataset - Original\Colors\White\White_040.MOV
67,Colors,White,SSL400\Dataset - Original\Colors\White\White_041.MOV
67,Colors,White,SSL400\Dataset - Original\Colors\White\White_042.MOV
67,Colors,White,SSL400\Dataset - Original\Colors\White\White_043.MP4
67,Colors,White,SSL400\Dataset - Original\Colors\White\White_044.mov
67,Colors,White,SSL400\Dataset - Original\Colors\White\White_045.mov
67,Colors,White,SSL400\Dataset - Original\Colors\White\White_046.mp4
67,Colors,White,SSL400\Dataset - Original\Colors\White\White_047.mov
67,Colors,White,SSL400\Dataset - Original\Colors\White\White_048.mp4
68,Colors,Yellow,SSL400\Dataset - Original\Colors\Yellow\Yellow_001.mp4
68,Colors,Yellow,SSL400\Dataset - Original\Colors\Yellow\Yellow_002.mp4
68,Colors,Yellow,SSL400\Dataset - Original\Colors\Yellow\Yellow_003.mp4
68,Colors,Yellow,SSL400\Dataset - Original\Colors\Yellow\Yellow_004.mp4
68,Colors,Yellow,SSL400\Dataset - Original\Colors\Yellow\Yellow_005.mp4
68,Colors,Yellow,SSL400\Dataset - Original\Colors\Yellow\Yellow_006.mp4
68,Colors,Yellow,SSL400\Dataset - Original\Colors\Yellow\Yellow_007.mp4
68,Colors,Yellow,SSL400\Dataset - Original\Colors\Yellow\Yellow_008.mp4
68,Colors,Yellow,SSL400\Dataset - Original\Colors\Yellow\Yellow_009.mp4
68,Colors,Yellow,SSL400\Dataset - Original\Colors\Yellow\Yellow_010.mp4
68,Colors,Yellow,SSL400\Dataset - Original\Colors\Yellow\Yellow_011.mp4
68,Colors,Yellow,SSL400\Dataset - Original\Colors\Yellow\Yellow_012.mp4
68,Colors,Yellow,SSL400\Dataset - Original\Colors\Yellow\Yellow_013.mp4
68,Colors,Yellow,SSL400\Dataset - Original\Colors\Yellow\Yellow_014.mp4
68,Colors,Yellow,SSL400\Dataset - Original\Colors\Yellow\Yellow_015.mp4
68,Colors,Yellow,SSL400\Dataset - Original\Colors\Yellow\Yellow_016.mp4
68,Colors,Yellow,SSL400\Dataset - Original\Colors\Yellow\Yellow_017.mp4
68,Colors,Yellow,SSL400\Dataset - Original\Colors\Yellow\Yellow_018.mp4
68,Colors,Yellow,SSL400\Dataset - Original\Colors\Yellow\Yellow_019.mp4
68,Colors,Yellow,SSL400\Dataset - Original\Colors\Yellow\Yellow_020.mp4
68,Colors,Yellow,SSL400\Dataset - Original\Colors\Yellow\Yellow_021.mp4
68,Colors,Yellow,SSL400\Dataset - Original\Colors\Yellow\Yellow_022.mp4
68,Colors,Yellow,SSL400\Dataset - Original\Colors\Yellow\Yellow_023.MOV
68,Colors,Yellow,SSL400\Dataset - Original\Colors\Yellow\Yellow_024.MOV
68,Colors,Yellow,SSL400\Dataset - Original\Colors\Yellow\Yellow_025.MOV
68,Colors,Yellow,SSL400\Dataset - Original\Colors\Yellow\Yellow_026.MOV
68,Colors,Yellow,SSL400\Dataset - Original\Colors\Yellow\Yellow_027.MOV
68,Colors,Yellow,SSL400\Dataset - Original\Colors\Yellow\Yellow_028.MOV
68,Colors,Yellow,SSL400\Dataset - Original\Colors\Yellow\Yellow_029.MOV
68,Colors,Yellow,SSL400\Dataset - Original\Colors\Yellow\Yellow_030.MOV
68,Colors,Yellow,SSL400\Dataset - Original\Colors\Yellow\Yellow_031.MOV
68,Colors,Yellow,SSL400\Dataset - Original\Colors\Yellow\Yellow_032.MOV
68,Colors,Yellow,SSL400\Dataset - Original\Colors\Yellow\Yellow_033.MOV
68,Colors,Yellow,SSL400\Dataset - Original\Colors\Yellow\Yellow_034.MOV
68,Colors,Yellow,SSL400\Dataset - Original\Colors\Yellow\Yellow_035.MOV
68,Colors,Yellow,SSL400\Dataset - Original\Colors\Yellow\Yellow_036.MOV
68,Colors,Yellow,SSL400\Dataset - Original\Colors\Yellow\Yellow_037.MOV
68,Colors,Yellow,SSL400\Dataset - Original\Colors\Yellow\Yellow_038.MOV
68,Colors,Yellow,SSL400\Dataset - Original\Colors\Yellow\Yellow_039.MOV
68,Colors,Yellow,SSL400\Dataset - Original\Colors\Yellow\Yellow_040.MOV
68,Colors,Yellow,SSL400\Dataset - Original\Colors\Yellow\Yellow_041.MOV
68,Colors,Yellow,SSL400\Dataset - Original\Colors\Yellow\Yellow_042.MP4
68,Colors,Yellow,SSL400\Dataset - Original\Colors\Yellow\Yellow_043.mov
68,Colors,Yellow,SSL400\Dataset - Original\Colors\Yellow\Yellow_044.mp4
68,Colors,Yellow,SSL400\Dataset - Original\Colors\Yellow\Yellow_045.mov
68,Colors,Yellow,SSL400\Dataset - Original\Colors\Yellow\Yellow_046.mp4
68,Colors,Yellow,SSL400\Dataset - Original\Colors\Yellow\Yellow_047.mov
68,Colors,Yellow,SSL400\Dataset - Original\Colors\Yellow\Yellow_048.mp4
69,Conjunctions,Or,SSL400\Dataset - Original\Conjunctions\Or\Or_001.mp4
69,Conjunctions,Or,SSL400\Dataset - Original\Conjunctions\Or\Or_002.mp4
69,Conjunctions,Or,SSL400\Dataset - Original\Conjunctions\Or\Or_003.mp4
69,Conjunctions,Or,SSL400\Dataset - Original\Conjunctions\Or\Or_004.mp4
70,Days,Day,SSL400\Dataset - Original\Days\Day\Day_001.mp4
70,Days,Day,SSL400\Dataset - Original\Days\Day\Day_002.mp4
70,Days,Day,SSL400\Dataset - Original\Days\Day\Day_003.mp4
70,Days,Day,SSL400\Dataset - Original\Days\Day\Day_004.mp4
70,Days,Day,SSL400\Dataset - Original\Days\Day\Day_005.mp4
70,Days,Day,SSL400\Dataset - Original\Days\Day\Day_006.mp4
70,Days,Day,SSL400\Dataset - Original\Days\Day\Day_007.mp4
70,Days,Day,SSL400\Dataset - Original\Days\Day\Day_008.mp4
70,Days,Day,SSL400\Dataset - Original\Days\Day\Day_009.mp4
70,Days,Day,SSL400\Dataset - Original\Days\Day\Day_010.mp4
70,Days,Day,SSL400\Dataset - Original\Days\Day\Day_011.mp4
70,Days,Day,SSL400\Dataset - Original\Days\Day\Day_012.mp4
70,Days,Day,SSL400\Dataset - Original\Days\Day\Day_013.mp4
70,Days,Day,SSL400\Dataset - Original\Days\Day\Day_014.mp4
70,Days,Day,SSL400\Dataset - Original\Days\Day\Day_015.mp4
70,Days,Day,SSL400\Dataset - Original\Days\Day\Day_016.mp4
70,Days,Day,SSL400\Dataset - Original\Days\Day\Day_017.mp4
70,Days,Day,SSL400\Dataset - Original\Days\Day\Day_018.mp4
70,Days,Day,SSL400\Dataset - Original\Days\Day\Day_019.mp4
70,Days,Day,SSL400\Dataset - Original\Days\Day\Day_020.mov
70,Days,Day,SSL400\Dataset - Original\Days\Day\Day_021.mov
70,Days,Day,SSL400\Dataset - Original\Days\Day\Day_022.mov
71,Days,Day after tomorrow,SSL400\Dataset - Original\Days\Day after tomorrow\Day after tomorrow_001.mov
72,Days,Evening,SSL400\Dataset - Original\Days\Evening\Evening_001.mov
72,Days,Evening,SSL400\Dataset - Original\Days\Evening\Evening_002.mov
73,Days,Friday,SSL400\Dataset - Original\Days\Friday\Friday_001.mov
73,Days,Friday,SSL400\Dataset - Original\Days\Friday\Friday_002.mov
73,Days,Friday,SSL400\Dataset - Original\Days\Friday\Friday_003.mov
73,Days,Friday,SSL400\Dataset - Original\Days\Friday\Friday_004.mov
73,Days,Friday,SSL400\Dataset - Original\Days\Friday\Friday_005.mov
73,Days,Friday,SSL400\Dataset - Original\Days\Friday\Friday_006.mov
73,Days,Friday,SSL400\Dataset - Original\Days\Friday\Friday_007.mov
73,Days,Friday,SSL400\Dataset - Original\Days\Friday\Friday_008.mov
74,Days,Good evening,SSL400\Dataset - Original\Days\Good evening\Good evening_001.mov
74,Days,Good evening,SSL400\Dataset - Original\Days\Good evening\Good evening_002.mov
74,Days,Good evening,SSL400\Dataset - Original\Days\Good evening\Good evening_003.mov
74,Days,Good evening,SSL400\Dataset - Original\Days\Good evening\Good evening_004.mov
75,Days,Good morning,SSL400\Dataset - Original\Days\Good morning\Good morning_001.mov
75,Days,Good morning,SSL400\Dataset - Original\Days\Good morning\Good morning_002.mov
75,Days,Good morning,SSL400\Dataset - Original\Days\Good morning\Good morning_003.mov
75,Days,Good morning,SSL400\Dataset - Original\Days\Good morning\Good morning_004.mov
76,Days,Good night,SSL400\Dataset - Original\Days\Good night\Good night_001.mov
76,Days,Good night,SSL400\Dataset - Original\Days\Good night\Good night_002.mov
76,Days,Good night,SSL400\Dataset - Original\Days\Good night\Good night_003.mov
76,Days,Good night,SSL400\Dataset - Original\Days\Good night\Good night_004.mov
77,Days,Hour,SSL400\Dataset - Original\Days\Hour\Hour_001.mp4
77,Days,Hour,SSL400\Dataset - Original\Days\Hour\Hour_002.mp4
77,Days,Hour,SSL400\Dataset - Original\Days\Hour\Hour_003.mp4
77,Days,Hour,SSL400\Dataset - Original\Days\Hour\Hour_004.mp4
77,Days,Hour,SSL400\Dataset - Original\Days\Hour\Hour_005.mp4
77,Days,Hour,SSL400\Dataset - Original\Days\Hour\Hour_006.mp4
77,Days,Hour,SSL400\Dataset - Original\Days\Hour\Hour_007.mp4
77,Days,Hour,SSL400\Dataset - Original\Days\Hour\Hour_008.mp4
77,Days,Hour,SSL400\Dataset - Original\Days\Hour\Hour_009.mp4
77,Days,Hour,SSL400\Dataset - Original\Days\Hour\Hour_010.mp4
77,Days,Hour,SSL400\Dataset - Original\Days\Hour\Hour_011.mp4
77,Days,Hour,SSL400\Dataset - Original\Days\Hour\Hour_012.mp4
77,Days,Hour,SSL400\Dataset - Original\Days\Hour\Hour_013.mp4
77,Days,Hour,SSL400\Dataset - Original\Days\Hour\Hour_014.mp4
77,Days,Hour,SSL400\Dataset - Original\Days\Hour\Hour_015.mp4
77,Days,Hour,SSL400\Dataset - Original\Days\Hour\Hour_016.mp4
77,Days,Hour,SSL400\Dataset - Original\Days\Hour\Hour_017.mp4
77,Days,Hour,SSL400\Dataset - Original\Days\Hour\Hour_018.mp4
77,Days,Hour,SSL400\Dataset - Original\Days\Hour\Hour_019.mp4
77,Days,Hour,SSL400\Dataset - Original\Days\Hour\Hour_020.mov
77,Days,Hour,SSL400\Dataset - Original\Days\Hour\Hour_021.mov
77,Days,Hour,SSL400\Dataset - Original\Days\Hour\Hour_022.MOV
77,Days,Hour,SSL400\Dataset - Original\Days\Hour\Hour_023.MOV
77,Days,Hour,SSL400\Dataset - Original\Days\Hour\Hour_024.MOV
77,Days,Hour,SSL400\Dataset - Original\Days\Hour\Hour_025.MOV
77,Days,Hour,SSL400\Dataset - Original\Days\Hour\Hour_026.MOV
77,Days,Hour,SSL400\Dataset - Original\Days\Hour\Hour_027.MOV
77,Days,Hour,SSL400\Dataset - Original\Days\Hour\Hour_028.MOV
77,Days,Hour,SSL400\Dataset - Original\Days\Hour\Hour_029.MOV
77,Days,Hour,SSL400\Dataset - Original\Days\Hour\Hour_030.MOV
77,Days,Hour,SSL400\Dataset - Original\Days\Hour\Hour_031.MOV
77,Days,Hour,SSL400\Dataset - Original\Days\Hour\Hour_032.MOV
77,Days,Hour,SSL400\Dataset - Original\Days\Hour\Hour_033.MP4
77,Days,Hour,SSL400\Dataset - Original\Days\Hour\Hour_034.MP4
77,Days,Hour,SSL400\Dataset - Original\Days\Hour\Hour_035.MP4
78,Days,Monday,SSL400\Dataset - Original\Days\Monday\Monday_001.mp4
78,Days,Monday,SSL400\Dataset - Original\Days\Monday\Monday_002.mp4
78,Days,Monday,SSL400\Dataset - Original\Days\Monday\Monday_003.mp4
78,Days,Monday,SSL400\Dataset - Original\Days\Monday\Monday_004.mp4
78,Days,Monday,SSL400\Dataset - Original\Days\Monday\Monday_005.mp4
78,Days,Monday,SSL400\Dataset - Original\Days\Monday\Monday_006.mp4
78,Days,Monday,SSL400\Dataset - Original\Days\Monday\Monday_007.mp4
78,Days,Monday,SSL400\Dataset - Original\Days\Monday\Monday_008.mp4
78,Days,Monday,SSL400\Dataset - Original\Days\Monday\Monday_009.mp4
78,Days,Monday,SSL400\Dataset - Original\Days\Monday\Monday_010.mp4
78,Days,Monday,SSL400\Dataset - Original\Days\Monday\Monday_011.mp4
78,Days,Monday,SSL400\Dataset - Original\Days\Monday\Monday_012.mp4
78,Days,Monday,SSL400\Dataset - Original\Days\Monday\Monday_013.mp4
78,Days,Monday,SSL400\Dataset - Original\Days\Monday\Monday_014.mp4
78,Days,Monday,SSL400\Dataset - Original\Days\Monday\Monday_015.mp4
78,Days,Monday,SSL400\Dataset - Original\Days\Monday\Monday_016.mp4
78,Days,Monday,SSL400\Dataset - Original\Days\Monday\Monday_017.mp4
78,Days,Monday,SSL400\Dataset - Original\Days\Monday\Monday_018.mp4
78,Days,Monday,SSL400\Dataset - Original\Days\Monday\Monday_019.mp4
78,Days,Monday,SSL400\Dataset - Original\Days\Monday\Monday_020.mov
78,Days,Monday,SSL400\Dataset - Original\Days\Monday\Monday_021.mov
78,Days,Monday,SSL400\Dataset - Original\Days\Monday\Monday_022.mov
78,Days,Monday,SSL400\Dataset - Original\Days\Monday\Monday_023.mov
78,Days,Monday,SSL400\Dataset - Original\Days\Monday\Monday_024.mov
79,Days,Morning,SSL400\Dataset - Original\Days\Morning\Morning_001.mov
79,Days,Morning,SSL400\Dataset - Original\Days\Morning\Morning_002.mov
80,Days,Night,SSL400\Dataset - Original\Days\Night\Night_001.mov
80,Days,Night,SSL400\Dataset - Original\Days\Night\Night_002.mov
80,Days,Night,SSL400\Dataset - Original\Days\Night\Night_003.mov
81,Days,Saturday,SSL400\Dataset - Original\Days\Saturday\Saturday_001.mov
81,Days,Saturday,SSL400\Dataset - Original\Days\Saturday\Saturday_002.mov
81,Days,Saturday,SSL400\Dataset - Original\Days\Saturday\Saturday_003.mov
82,Days,Seconds,SSL400\Dataset - Original\Days\Seconds\Seconds_001.mov
82,Days,Seconds,SSL400\Dataset - Original\Days\Seconds\Seconds_002.mov
83,Days,Sunday,SSL400\Dataset - Original\Days\Sunday\Sunday_001.mov
83,Days,Sunday,SSL400\Dataset - Original\Days\Sunday\Sunday_002.mov
83,Days,Sunday,SSL400\Dataset - Original\Days\Sunday\Sunday_003.mov
83,Days,Sunday,SSL400\Dataset - Original\Days\Sunday\Sunday_004.mov
84,Days,Thursday,SSL400\Dataset - Original\Days\Thursday\Thursday_001.mov
84,Days,Thursday,SSL400\Dataset - Original\Days\Thursday\Thursday_002.mov
84,Days,Thursday,SSL400\Dataset - Original\Days\Thursday\Thursday_003.mov
85,Days,Time,SSL400\Dataset - Original\Days\Time\Time_001.mp4
85,Days,Time,SSL400\Dataset - Original\Days\Time\Time_002.mp4
85,Days,Time,SSL400\Dataset - Original\Days\Time\Time_003.mp4
85,Days,Time,SSL400\Dataset - Original\Days\Time\Time_004.mp4
85,Days,Time,SSL400\Dataset - Original\Days\Time\Time_005.mp4
85,Days,Time,SSL400\Dataset - Original\Days\Time\Time_006.mp4
85,Days,Time,SSL400\Dataset - Original\Days\Time\Time_007.mp4
85,Days,Time,SSL400\Dataset - Original\Days\Time\Time_008.mp4
85,Days,Time,SSL400\Dataset - Original\Days\Time\Time_009.MOV
85,Days,Time,SSL400\Dataset - Original\Days\Time\Time_010.MOV
85,Days,Time,SSL400\Dataset - Original\Days\Time\Time_011.MOV
85,Days,Time,SSL400\Dataset - Original\Days\Time\Time_012.MOV
85,Days,Time,SSL400\Dataset - Original\Days\Time\Time_013.MOV
85,Days,Time,SSL400\Dataset - Original\Days\Time\Time_014.MOV
85,Days,Time,SSL400\Dataset - Original\Days\Time\Time_015.MOV
85,Days,Time,SSL400\Dataset - Original\Days\Time\Time_016.MOV
85,Days,Time,SSL400\Dataset - Original\Days\Time\Time_017.MOV
85,Days,Time,SSL400\Dataset - Original\Days\Time\Time_018.MOV
85,Days,Time,SSL400\Dataset - Original\Days\Time\Time_019.MOV
85,Days,Time,SSL400\Dataset - Original\Days\Time\Time_020.MP4
85,Days,Time,SSL400\Dataset - Original\Days\Time\Time_021.MP4
85,Days,Time,SSL400\Dataset - Original\Days\Time\Time_022.MP4
85,Days,Time,SSL400\Dataset - Original\Days\Time\Time_023.MP4
85,Days,Time,SSL400\Dataset - Original\Days\Time\Time_024.mov
85,Days,Time,SSL400\Dataset - Original\Days\Time\Time_025.mov
86,Days,Today,SSL400\Dataset - Original\Days\Today\Today_001.mp4
86,Days,Today,SSL400\Dataset - Original\Days\Today\Today_002.mp4
86,Days,Today,SSL400\Dataset - Original\Days\Today\Today_003.mp4
86,Days,Today,SSL400\Dataset - Original\Days\Today\Today_004.mp4
86,Days,Today,SSL400\Dataset - Original\Days\Today\Today_005.mp4
86,Days,Today,SSL400\Dataset - Original\Days\Today\Today_006.mp4
86,Days,Today,SSL400\Dataset - Original\Days\Today\Today_007.mp4
86,Days,Today,SSL400\Dataset - Original\Days\Today\Today_008.mp4
86,Days,Today,SSL400\Dataset - Original\Days\Today\Today_009.mp4
86,Days,Today,SSL400\Dataset - Original\Days\Today\Today_010.mp4
86,Days,Today,SSL400\Dataset - Original\Days\Today\Today_011.mp4
86,Days,Today,SSL400\Dataset - Original\Days\Today\Today_012.mp4
86,Days,Today,SSL400\Dataset - Original\Days\Today\Today_013.mp4
86,Days,Today,SSL400\Dataset - Original\Days\Today\Today_014.mp4
86,Days,Today,SSL400\Dataset - Original\Days\Today\Today_015.mp4
86,Days,Today,SSL400\Dataset - Original\Days\Today\Today_016.mp4
86,Days,Today,SSL400\Dataset - Original\Days\Today\Today_017.mp4
86,Days,Today,SSL400\Dataset - Original\Days\Today\Today_018.mp4
86,Days,Today,SSL400\Dataset - Original\Days\Today\Today_019.mp4
86,Days,Today,SSL400\Dataset - Original\Days\Today\Today_020.MOV
86,Days,Today,SSL400\Dataset - Original\Days\Today\Today_021.MOV
86,Days,Today,SSL400\Dataset - Original\Days\Today\Today_022.MOV
86,Days,Today,SSL400\Dataset - Original\Days\Today\Today_023.MOV
86,Days,Today,SSL400\Dataset - Original\Days\Today\Today_024.MOV
86,Days,Today,SSL400\Dataset - Original\Days\Today\Today_025.MOV
86,Days,Today,SSL400\Dataset - Original\Days\Today\Today_026.MOV
86,Days,Today,SSL400\Dataset - Original\Days\Today\Today_027.MOV
86,Days,Today,SSL400\Dataset - Original\Days\Today\Today_028.MOV
86,Days,Today,SSL400\Dataset - Original\Days\Today\Today_029.MOV
86,Days,Today,SSL400\Dataset - Original\Days\Today\Today_030.MOV
86,Days,Today,SSL400\Dataset - Original\Days\Today\Today_031.MP4
86,Days,Today,SSL400\Dataset - Original\Days\Today\Today_032.MP4
86,Days,Today,SSL400\Dataset - Original\Days\Today\Today_033.MP4
86,Days,Today,SSL400\Dataset - Original\Days\Today\Today_034.mov
86,Days,Today,SSL400\Dataset - Original\Days\Today\Today_035.mov
86,Days,Today,SSL400\Dataset - Original\Days\Today\Today_036.mov
87,Days,Tomorrow,SSL400\Dataset - Original\Days\Tomorrow\Tomorrow_001.MOV
87,Days,Tomorrow,SSL400\Dataset - Original\Days\Tomorrow\Tomorrow_002.MOV
87,Days,Tomorrow,SSL400\Dataset - Original\Days\Tomorrow\Tomorrow_003.MOV
87,Days,Tomorrow,SSL400\Dataset - Original\Days\Tomorrow\Tomorrow_004.MOV
87,Days,Tomorrow,SSL400\Dataset - Original\Days\Tomorrow\Tomorrow_005.MOV
87,Days,Tomorrow,SSL400\Dataset - Original\Days\Tomorrow\Tomorrow_006.MOV
87,Days,Tomorrow,SSL400\Dataset - Original\Days\Tomorrow\Tomorrow_007.MOV
87,Days,Tomorrow,SSL400\Dataset - Original\Days\Tomorrow\Tomorrow_008.MOV
87,Days,Tomorrow,SSL400\Dataset - Original\Days\Tomorrow\Tomorrow_009.MOV
87,Days,Tomorrow,SSL400\Dataset - Original\Days\Tomorrow\Tomorrow_010.MOV
87,Days,Tomorrow,SSL400\Dataset - Original\Days\Tomorrow\Tomorrow_011.MOV
87,Days,Tomorrow,SSL400\Dataset - Original\Days\Tomorrow\Tomorrow_012.MP4
87,Days,Tomorrow,SSL400\Dataset - Original\Days\Tomorrow\Tomorrow_013.MP4
87,Days,Tomorrow,SSL400\Dataset - Original\Days\Tomorrow\Tomorrow_014.MP4
87,Days,Tomorrow,SSL400\Dataset - Original\Days\Tomorrow\Tomorrow_015.mov
87,Days,Tomorrow,SSL400\Dataset - Original\Days\Tomorrow\Tomorrow_016.mov
87,Days,Tomorrow,SSL400\Dataset - Original\Days\Tomorrow\Tomorrow_017.mov
87,Days,Tomorrow,SSL400\Dataset - Original\Days\Tomorrow\Tomorrow_018.mov
87,Days,Tomorrow,SSL400\Dataset - Original\Days\Tomorrow\Tomorrow_019.mov
88,Days,Tuesday,SSL400\Dataset - Original\Days\Tuesday\Tuesday_001.mov
88,Days,Tuesday,SSL400\Dataset - Original\Days\Tuesday\Tuesday_002.mov
88,Days,Tuesday,SSL400\Dataset - Original\Days\Tuesday\Tuesday_003.mov
88,Days,Tuesday,SSL400\Dataset - Original\Days\Tuesday\Tuesday_004.mov
88,Days,Tuesday,SSL400\Dataset - Original\Days\Tuesday\Tuesday_005.mov
89,Days,Wednesday,SSL400\Dataset - Original\Days\Wednesday\Wednesday_001.MOV
89,Days,Wednesday,SSL400\Dataset - Original\Days\Wednesday\Wednesday_002.MOV
89,Days,Wednesday,SSL400\Dataset - Original\Days\Wednesday\Wednesday_003.MOV
89,Days,Wednesday,SSL400\Dataset - Original\Days\Wednesday\Wednesday_004.MOV
89,Days,Wednesday,SSL400\Dataset - Original\Days\Wednesday\Wednesday_005.MOV
89,Days,Wednesday,SSL400\Dataset - Original\Days\Wednesday\Wednesday_006.MOV
89,Days,Wednesday,SSL400\Dataset - Original\Days\Wednesday\Wednesday_007.MOV
89,Days,Wednesday,SSL400\Dataset - Original\Days\Wednesday\Wednesday_008.MOV
89,Days,Wednesday,SSL400\Dataset - Original\Days\Wednesday\Wednesday_009.MOV
89,Days,Wednesday,SSL400\Dataset - Original\Days\Wednesday\Wednesday_010.MOV
89,Days,Wednesday,SSL400\Dataset - Original\Days\Wednesday\Wednesday_011.MOV
89,Days,Wednesday,SSL400\Dataset - Original\Days\Wednesday\Wednesday_012.MP4
89,Days,Wednesday,SSL400\Dataset - Original\Days\Wednesday\Wednesday_013.MP4
89,Days,Wednesday,SSL400\Dataset - Original\Days\Wednesday\Wednesday_014.MP4
89,Days,Wednesday,SSL400\Dataset - Original\Days\Wednesday\Wednesday_015.mov
89,Days,Wednesday,SSL400\Dataset - Original\Days\Wednesday\Wednesday_016.mov
89,Days,Wednesday,SSL400\Dataset - Original\Days\Wednesday\Wednesday_017.mov
89,Days,Wednesday,SSL400\Dataset - Original\Days\Wednesday\Wednesday_018.mov
89,Days,Wednesday,SSL400\Dataset - Original\Days\Wednesday\Wednesday_019.mov
90,Days,Week,SSL400\Dataset - Original\Days\Week\Week_001.mov
90,Days,Week,SSL400\Dataset - Original\Days\Week\Week_002.mov
90,Days,Week,SSL400\Dataset - Original\Days\Week\Week_003.mov
90,Days,Week,SSL400\Dataset - Original\Days\Week\Week_004.mov
90,Days,Week,SSL400\Dataset - Original\Days\Week\Week_005.mov
90,Days,Week,SSL400\Dataset - Original\Days\Week\Week_006.mov
91,Days,Yesterday,SSL400\Dataset - Original\Days\Yesterday\Yesterday_001.MOV
91,Days,Yesterday,SSL400\Dataset - Original\Days\Yesterday\Yesterday_002.MOV
91,Days,Yesterday,SSL400\Dataset - Original\Days\Yesterday\Yesterday_003.MOV
91,Days,Yesterday,SSL400\Dataset - Original\Days\Yesterday\Yesterday_004.MOV
91,Days,Yesterday,SSL400\Dataset - Original\Days\Yesterday\Yesterday_005.MOV
91,Days,Yesterday,SSL400\Dataset - Original\Days\Yesterday\Yesterday_006.MOV
91,Days,Yesterday,SSL400\Dataset - Original\Days\Yesterday\Yesterday_007.MOV
91,Days,Yesterday,SSL400\Dataset - Original\Days\Yesterday\Yesterday_008.MOV
91,Days,Yesterday,SSL400\Dataset - Original\Days\Yesterday\Yesterday_009.MOV
91,Days,Yesterday,SSL400\Dataset - Original\Days\Yesterday\Yesterday_010.MOV
91,Days,Yesterday,SSL400\Dataset - Original\Days\Yesterday\Yesterday_011.MOV
91,Days,Yesterday,SSL400\Dataset - Original\Days\Yesterday\Yesterday_012.MP4
91,Days,Yesterday,SSL400\Dataset - Original\Days\Yesterday\Yesterday_013.MP4
91,Days,Yesterday,SSL400\Dataset - Original\Days\Yesterday\Yesterday_014.MP4
91,Days,Yesterday,SSL400\Dataset - Original\Days\Yesterday\Yesterday_015.mov
91,Days,Yesterday,SSL400\Dataset - Original\Days\Yesterday\Yesterday_016.mov
92,Determiner,No,SSL400\Dataset - Original\Determiner\No\No_001.mov
92,Determiner,No,SSL400\Dataset - Original\Determiner\No\No_002.mov
92,Determiner,No,SSL400\Dataset - Original\Determiner\No\No_003.mov
93,Greetings,Alright,SSL400\Dataset - Original\Greetings\Alright\Alright_001.MOV
93,Greetings,Alright,SSL400\Dataset - Original\Greetings\Alright\Alright_002.MOV
93,Greetings,Alright,SSL400\Dataset - Original\Greetings\Alright\Alright_003.MOV
93,Greetings,Alright,SSL400\Dataset - Original\Greetings\Alright\Alright_004.MOV
93,Greetings,Alright,SSL400\Dataset - Original\Greetings\Alright\Alright_005.MOV
93,Greetings,Alright,SSL400\Dataset - Original\Greetings\Alright\Alright_006.MOV
93,Greetings,Alright,SSL400\Dataset - Original\Greetings\Alright\Alright_007.MOV
93,Greetings,Alright,SSL400\Dataset - Original\Greetings\Alright\Alright_008.MOV
93,Greetings,Alright,SSL400\Dataset - Original\Greetings\Alright\Alright_009.MOV
93,Greetings,Alright,SSL400\Dataset - Original\Greetings\Alright\Alright_010.MOV
93,Greetings,Alright,SSL400\Dataset - Original\Greetings\Alright\Alright_011.MOV
93,Greetings,Alright,SSL400\Dataset - Original\Greetings\Alright\Alright_012.MOV
93,Greetings,Alright,SSL400\Dataset - Original\Greetings\Alright\Alright_013.MOV
93,Greetings,Alright,SSL400\Dataset - Original\Greetings\Alright\Alright_014.MOV
93,Greetings,Alright,SSL400\Dataset - Original\Greetings\Alright\Alright_015.MOV
93,Greetings,Alright,SSL400\Dataset - Original\Greetings\Alright\Alright_016.MOV
93,Greetings,Alright,SSL400\Dataset - Original\Greetings\Alright\Alright_017.MOV
93,Greetings,Alright,SSL400\Dataset - Original\Greetings\Alright\Alright_018.MOV
93,Greetings,Alright,SSL400\Dataset - Original\Greetings\Alright\Alright_019.MOV
93,Greetings,Alright,SSL400\Dataset - Original\Greetings\Alright\Alright_020.MOV
93,Greetings,Alright,SSL400\Dataset - Original\Greetings\Alright\Alright_021.MOV
94,Greetings,Ayubowan,SSL400\Dataset - Original\Greetings\Ayubowan\Ayubowan_001.mov
94,Greetings,Ayubowan,SSL400\Dataset - Original\Greetings\Ayubowan\Ayubowan_002.mov
94,Greetings,Ayubowan,SSL400\Dataset - Original\Greetings\Ayubowan\Ayubowan_003.mov
94,Greetings,Ayubowan,SSL400\Dataset - Original\Greetings\Ayubowan\Ayubowan_004.mov
95,Greetings,Hello,SSL400\Dataset - Original\Greetings\Hello\Hello_001.mp4
95,Greetings,Hello,SSL400\Dataset - Original\Greetings\Hello\Hello_002.mp4
95,Greetings,Hello,SSL400\Dataset - Original\Greetings\Hello\Hello_003.mp4
95,Greetings,Hello,SSL400\Dataset - Original\Greetings\Hello\Hello_004.mp4
95,Greetings,Hello,SSL400\Dataset - Original\Greetings\Hello\Hello_005.mp4
95,Greetings,Hello,SSL400\Dataset - Original\Greetings\Hello\Hello_006.mp4
95,Greetings,Hello,SSL400\Dataset - Original\Greetings\Hello\Hello_007.mp4
95,Greetings,Hello,SSL400\Dataset - Original\Greetings\Hello\Hello_008.mp4
95,Greetings,Hello,SSL400\Dataset - Original\Greetings\Hello\Hello_009.mp4
95,Greetings,Hello,SSL400\Dataset - Original\Greetings\Hello\Hello_010.mp4
95,Greetings,Hello,SSL400\Dataset - Original\Greetings\Hello\Hello_011.mp4
95,Greetings,Hello,SSL400\Dataset - Original\Greetings\Hello\Hello_012.mp4
95,Greetings,Hello,SSL400\Dataset - Original\Greetings\Hello\Hello_013.mp4
95,Greetings,Hello,SSL400\Dataset - Original\Greetings\Hello\Hello_014.mp4
95,Greetings,Hello,SSL400\Dataset - Original\Greetings\Hello\Hello_015.mp4
95,Greetings,Hello,SSL400\Dataset - Original\Greetings\Hello\Hello_016.mp4
95,Greetings,Hello,SSL400\Dataset - Original\Greetings\Hello\Hello_017.mp4
95,Greetings,Hello,SSL400\Dataset - Original\Greetings\Hello\Hello_018.mp4
95,Greetings,Hello,SSL400\Dataset - Original\Greetings\Hello\Hello_019.mp4
95,Greetings,Hello,SSL400\Dataset - Original\Greetings\Hello\Hello_020.mp4
95,Greetings,Hello,SSL400\Dataset - Original\Greetings\Hello\Hello_021.mp4
95,Greetings,Hello,SSL400\Dataset - Original\Greetings\Hello\Hello_022.mp4
95,Greetings,Hello,SSL400\Dataset - Original\Greetings\Hello\Hello_023.mp4
95,Greetings,Hello,SSL400\Dataset - Original\Greetings\Hello\Hello_024.mp4
95,Greetings,Hello,SSL400\Dataset - Original\Greetings\Hello\Hello_025.mp4
95,Greetings,Hello,SSL400\Dataset - Original\Greetings\Hello\Hello_026.mp4
95,Greetings,Hello,SSL400\Dataset - Original\Greetings\Hello\Hello_027.mp4
95,Greetings,Hello,SSL400\Dataset - Original\Greetings\Hello\Hello_028.mp4
95,Greetings,Hello,SSL400\Dataset - Original\Greetings\Hello\Hello_029.mp4
95,Greetings,Hello,SSL400\Dataset - Original\Greetings\Hello\Hello_030.mp4
95,Greetings,Hello,SSL400\Dataset - Original\Greetings\Hello\Hello_031.mp4
95,Greetings,Hello,SSL400\Dataset - Original\Greetings\Hello\Hello_032.mp4
95,Greetings,Hello,SSL400\Dataset - Original\Greetings\Hello\Hello_033.mp4
95,Greetings,Hello,SSL400\Dataset - Original\Greetings\Hello\Hello_034.mp4
95,Greetings,Hello,SSL400\Dataset - Original\Greetings\Hello\Hello_035.mp4
95,Greetings,Hello,SSL400\Dataset - Original\Greetings\Hello\Hello_036.mp4
95,Greetings,Hello,SSL400\Dataset - Original\Greetings\Hello\Hello_037.mp4
95,Greetings,Hello,SSL400\Dataset - Original\Greetings\Hello\Hello_038.mp4
95,Greetings,Hello,SSL400\Dataset - Original\Greetings\Hello\Hello_039.mp4
95,Greetings,Hello,SSL400\Dataset - Original\Greetings\Hello\Hello_040.mp4
95,Greetings,Hello,SSL400\Dataset - Original\Greetings\Hello\Hello_041.mp4
95,Greetings,Hello,SSL400\Dataset - Original\Greetings\Hello\Hello_042.mp4
95,Greetings,Hello,SSL400\Dataset - Original\Greetings\Hello\Hello_043.mp4
95,Greetings,Hello,SSL400\Dataset - Original\Greetings\Hello\Hello_044.mp4
95,Greetings,Hello,SSL400\Dataset - Original\Greetings\Hello\Hello_045.mp4
95,Greetings,Hello,SSL400\Dataset - Original\Greetings\Hello\Hello_046.MOV
95,Greetings,Hello,SSL400\Dataset - Original\Greetings\Hello\Hello_047.MOV
95,Greetings,Hello,SSL400\Dataset - Original\Greetings\Hello\Hello_048.MOV
95,Greetings,Hello,SSL400\Dataset - Original\Greetings\Hello\Hello_049.MOV
95,Greetings,Hello,SSL400\Dataset - Original\Greetings\Hello\Hello_050.MOV
95,Greetings,Hello,SSL400\Dataset - Original\Greetings\Hello\Hello_051.MOV
95,Greetings,Hello,SSL400\Dataset - Original\Greetings\Hello\Hello_052.MOV
95,Greetings,Hello,SSL400\Dataset - Original\Greetings\Hello\Hello_053.MOV
95,Greetings,Hello,SSL400\Dataset - Original\Greetings\Hello\Hello_054.MOV
95,Greetings,Hello,SSL400\Dataset - Original\Greetings\Hello\Hello_055.MOV
95,Greetings,Hello,SSL400\Dataset - Original\Greetings\Hello\Hello_056.MOV
95,Greetings,Hello,SSL400\Dataset - Original\Greetings\Hello\Hello_057.MOV
95,Greetings,Hello,SSL400\Dataset - Original\Greetings\Hello\Hello_058.MOV
95,Greetings,Hello,SSL400\Dataset - Original\Greetings\Hello\Hello_059.MOV
95,Greetings,Hello,SSL400\Dataset - Original\Greetings\Hello\Hello_060.MOV
95,Greetings,Hello,SSL400\Dataset - Original\Greetings\Hello\Hello_061.MOV
95,Greetings,Hello,SSL400\Dataset - Original\Greetings\Hello\Hello_062.MOV
95,Greetings,Hello,SSL400\Dataset - Original\Greetings\Hello\Hello_063.MOV
95,Greetings,Hello,SSL400\Dataset - Original\Greetings\Hello\Hello_064.MOV
95,Greetings,Hello,SSL400\Dataset - Original\Greetings\Hello\Hello_065.MOV
95,Greetings,Hello,SSL400\Dataset - Original\Greetings\Hello\Hello_066.MOV
95,Greetings,Hello,SSL400\Dataset - Original\Greetings\Hello\Hello_067.mp4
95,Greetings,Hello,SSL400\Dataset - Original\Greetings\Hello\Hello_068.mp4
95,Greetings,Hello,SSL400\Dataset - Original\Greetings\Hello\Hello_069.mp4
95,Greetings,Hello,SSL400\Dataset - Original\Greetings\Hello\Hello_070.mp4
95,Greetings,Hello,SSL400\Dataset - Original\Greetings\Hello\Hello_071.mp4
95,Greetings,Hello,SSL400\Dataset - Original\Greetings\Hello\Hello_072.mp4
95,Greetings,Hello,SSL400\Dataset - Original\Greetings\Hello\Hello_073.mp4
95,Greetings,Hello,SSL400\Dataset - Original\Greetings\Hello\Hello_074.mp4
95,Greetings,Hello,SSL400\Dataset - Original\Greetings\Hello\Hello_075.mp4
95,Greetings,Hello,SSL400\Dataset - Original\Greetings\Hello\Hello_076.mp4
95,Greetings,Hello,SSL400\Dataset - Original\Greetings\Hello\Hello_077.mp4
95,Greetings,Hello,SSL400\Dataset - Original\Greetings\Hello\Hello_078.mp4
95,Greetings,Hello,SSL400\Dataset - Original\Greetings\Hello\Hello_079.mp4
95,Greetings,Hello,SSL400\Dataset - Original\Greetings\Hello\Hello_080.mp4
95,Greetings,Hello,SSL400\Dataset - Original\Greetings\Hello\Hello_081.mp4
95,Greetings,Hello,SSL400\Dataset - Original\Greetings\Hello\Hello_082.mp4
95,Greetings,Hello,SSL400\Dataset - Original\Greetings\Hello\Hello_083.mp4
95,Greetings,Hello,SSL400\Dataset - Original\Greetings\Hello\Hello_084.mp4
95,Greetings,Hello,SSL400\Dataset - Original\Greetings\Hello\Hello_085.mp4
95,Greetings,Hello,SSL400\Dataset - Original\Greetings\Hello\Hello_086.mp4
95,Greetings,Hello,SSL400\Dataset - Original\Greetings\Hello\Hello_087.mp4
95,Greetings,Hello,SSL400\Dataset - Original\Greetings\Hello\Hello_088.mp4
95,Greetings,Hello,SSL400\Dataset - Original\Greetings\Hello\Hello_089.mp4
95,Greetings,Hello,SSL400\Dataset - Original\Greetings\Hello\Hello_090.mp4
95,Greetings,Hello,SSL400\Dataset - Original\Greetings\Hello\Hello_091.mp4
95,Greetings,Hello,SSL400\Dataset - Original\Greetings\Hello\Hello_092.mp4
95,Greetings,Hello,SSL400\Dataset - Original\Greetings\Hello\Hello_093.mp4
95,Greetings,Hello,SSL400\Dataset - Original\Greetings\Hello\Hello_094.mp4
95,Greetings,Hello,SSL400\Dataset - Original\Greetings\Hello\Hello_095.mp4
95,Greetings,Hello,SSL400\Dataset - Original\Greetings\Hello\Hello_096.mp4
95,Greetings,Hello,SSL400\Dataset - Original\Greetings\Hello\Hello_097.mp4
95,Greetings,Hello,SSL400\Dataset - Original\Greetings\Hello\Hello_098.mp4
95,Greetings,Hello,SSL400\Dataset - Original\Greetings\Hello\Hello_099.mp4
95,Greetings,Hello,SSL400\Dataset - Original\Greetings\Hello\Hello_100.mp4
95,Greetings,Hello,SSL400\Dataset - Original\Greetings\Hello\Hello_101.mp4
95,Greetings,Hello,SSL400\Dataset - Original\Greetings\Hello\Hello_102.mp4
96,Greetings,How are you,SSL400\Dataset - Original\Greetings\How are you\How are you_001.mov
96,Greetings,How are you,SSL400\Dataset - Original\Greetings\How are you\How are you_002.mov
97,Greetings,Thank you,SSL400\Dataset - Original\Greetings\Thank you\Thank you_001.mp4
97,Greetings,Thank you,SSL400\Dataset - Original\Greetings\Thank you\Thank you_002.mp4
97,Greetings,Thank you,SSL400\Dataset - Original\Greetings\Thank you\Thank you_003.mp4
97,Greetings,Thank you,SSL400\Dataset - Original\Greetings\Thank you\Thank you_004.mp4
97,Greetings,Thank you,SSL400\Dataset - Original\Greetings\Thank you\Thank you_005.mp4
97,Greetings,Thank you,SSL400\Dataset - Original\Greetings\Thank you\Thank you_006.mp4
97,Greetings,Thank you,SSL400\Dataset - Original\Greetings\Thank you\Thank you_007.mp4
97,Greetings,Thank you,SSL400\Dataset - Original\Greetings\Thank you\Thank you_008.mp4
97,Greetings,Thank you,SSL400\Dataset - Original\Greetings\Thank you\Thank you_009.mp4
97,Greetings,Thank you,SSL400\Dataset - Original\Greetings\Thank you\Thank you_010.mp4
97,Greetings,Thank you,SSL400\Dataset - Original\Greetings\Thank you\Thank you_011.mp4
97,Greetings,Thank you,SSL400\Dataset - Original\Greetings\Thank you\Thank you_012.mp4
97,Greetings,Thank you,SSL400\Dataset - Original\Greetings\Thank you\Thank you_013.mp4
97,Greetings,Thank you,SSL400\Dataset - Original\Greetings\Thank you\Thank you_014.mp4
97,Greetings,Thank you,SSL400\Dataset - Original\Greetings\Thank you\Thank you_015.mp4
97,Greetings,Thank you,SSL400\Dataset - Original\Greetings\Thank you\Thank you_016.mp4
97,Greetings,Thank you,SSL400\Dataset - Original\Greetings\Thank you\Thank you_017.mp4
97,Greetings,Thank you,SSL400\Dataset - Original\Greetings\Thank you\Thank you_018.mp4
97,Greetings,Thank you,SSL400\Dataset - Original\Greetings\Thank you\Thank you_019.mp4
97,Greetings,Thank you,SSL400\Dataset - Original\Greetings\Thank you\Thank you_020.mp4
97,Greetings,Thank you,SSL400\Dataset - Original\Greetings\Thank you\Thank you_021.mp4
97,Greetings,Thank you,SSL400\Dataset - Original\Greetings\Thank you\Thank you_022.mp4
97,Greetings,Thank you,SSL400\Dataset - Original\Greetings\Thank you\Thank you_023.mp4
97,Greetings,Thank you,SSL400\Dataset - Original\Greetings\Thank you\Thank you_024.mp4
97,Greetings,Thank you,SSL400\Dataset - Original\Greetings\Thank you\Thank you_025.mp4
97,Greetings,Thank you,SSL400\Dataset - Original\Greetings\Thank you\Thank you_026.mp4
97,Greetings,Thank you,SSL400\Dataset - Original\Greetings\Thank you\Thank you_027.mp4
97,Greetings,Thank you,SSL400\Dataset - Original\Greetings\Thank you\Thank you_028.mp4
97,Greetings,Thank you,SSL400\Dataset - Original\Greetings\Thank you\Thank you_029.mp4
97,Greetings,Thank you,SSL400\Dataset - Original\Greetings\Thank you\Thank you_030.MOV
97,Greetings,Thank you,SSL400\Dataset - Original\Greetings\Thank you\Thank you_031.MOV
97,Greetings,Thank you,SSL400\Dataset - Original\Greetings\Thank you\Thank you_032.MOV
97,Greetings,Thank you,SSL400\Dataset - Original\Greetings\Thank you\Thank you_033.MOV
97,Greetings,Thank you,SSL400\Dataset - Original\Greetings\Thank you\Thank you_034.MOV
97,Greetings,Thank you,SSL400\Dataset - Original\Greetings\Thank you\Thank you_035.MOV
97,Greetings,Thank you,SSL400\Dataset - Original\Greetings\Thank you\Thank you_036.MOV
97,Greetings,Thank you,SSL400\Dataset - Original\Greetings\Thank you\Thank you_037.MOV
97,Greetings,Thank you,SSL400\Dataset - Original\Greetings\Thank you\Thank you_038.MOV
97,Greetings,Thank you,SSL400\Dataset - Original\Greetings\Thank you\Thank you_039.MOV
97,Greetings,Thank you,SSL400\Dataset - Original\Greetings\Thank you\Thank you_040.MOV
97,Greetings,Thank you,SSL400\Dataset - Original\Greetings\Thank you\Thank you_041.MOV
97,Greetings,Thank you,SSL400\Dataset - Original\Greetings\Thank you\Thank you_042.MOV
97,Greetings,Thank you,SSL400\Dataset - Original\Greetings\Thank you\Thank you_043.MOV
97,Greetings,Thank you,SSL400\Dataset - Original\Greetings\Thank you\Thank you_044.MOV
97,Greetings,Thank you,SSL400\Dataset - Original\Greetings\Thank you\Thank you_045.MOV
97,Greetings,Thank you,SSL400\Dataset - Original\Greetings\Thank you\Thank you_046.MOV
97,Greetings,Thank you,SSL400\Dataset - Original\Greetings\Thank you\Thank you_047.MOV
97,Greetings,Thank you,SSL400\Dataset - Original\Greetings\Thank you\Thank you_048.MOV
97,Greetings,Thank you,SSL400\Dataset - Original\Greetings\Thank you\Thank you_049.MOV
97,Greetings,Thank you,SSL400\Dataset - Original\Greetings\Thank you\Thank you_050.MOV
97,Greetings,Thank you,SSL400\Dataset - Original\Greetings\Thank you\Thank you_051.mov
97,Greetings,Thank you,SSL400\Dataset - Original\Greetings\Thank you\Thank you_052.mp4
97,Greetings,Thank you,SSL400\Dataset - Original\Greetings\Thank you\Thank you_053.mp4
97,Greetings,Thank you,SSL400\Dataset - Original\Greetings\Thank you\Thank you_054.mp4
97,Greetings,Thank you,SSL400\Dataset - Original\Greetings\Thank you\Thank you_055.mov
97,Greetings,Thank you,SSL400\Dataset - Original\Greetings\Thank you\Thank you_056.mov
97,Greetings,Thank you,SSL400\Dataset - Original\Greetings\Thank you\Thank you_057.mov
97,Greetings,Thank you,SSL400\Dataset - Original\Greetings\Thank you\Thank you_058.mov
97,Greetings,Thank you,SSL400\Dataset - Original\Greetings\Thank you\Thank you_059.mov
97,Greetings,Thank you,SSL400\Dataset - Original\Greetings\Thank you\Thank you_060.mp4
97,Greetings,Thank you,SSL400\Dataset - Original\Greetings\Thank you\Thank you_061.mp4
97,Greetings,Thank you,SSL400\Dataset - Original\Greetings\Thank you\Thank you_062.mp4
97,Greetings,Thank you,SSL400\Dataset - Original\Greetings\Thank you\Thank you_063.mp4
97,Greetings,Thank you,SSL400\Dataset - Original\Greetings\Thank you\Thank you_064.mp4
97,Greetings,Thank you,SSL400\Dataset - Original\Greetings\Thank you\Thank you_065.mp4
97,Greetings,Thank you,SSL400\Dataset - Original\Greetings\Thank you\Thank you_066.mp4
97,Greetings,Thank you,SSL400\Dataset - Original\Greetings\Thank you\Thank you_067.mp4
97,Greetings,Thank you,SSL400\Dataset - Original\Greetings\Thank you\Thank you_068.mp4
97,Greetings,Thank you,SSL400\Dataset - Original\Greetings\Thank you\Thank you_069.mp4
97,Greetings,Thank you,SSL400\Dataset - Original\Greetings\Thank you\Thank you_070.mp4
97,Greetings,Thank you,SSL400\Dataset - Original\Greetings\Thank you\Thank you_071.mp4
97,Greetings,Thank you,SSL400\Dataset - Original\Greetings\Thank you\Thank you_072.mp4
97,Greetings,Thank you,SSL400\Dataset - Original\Greetings\Thank you\Thank you_073.mp4
97,Greetings,Thank you,SSL400\Dataset - Original\Greetings\Thank you\Thank you_074.mp4
97,Greetings,Thank you,SSL400\Dataset - Original\Greetings\Thank you\Thank you_075.mp4
97,Greetings,Thank you,SSL400\Dataset - Original\Greetings\Thank you\Thank you_076.mp4
97,Greetings,Thank you,SSL400\Dataset - Original\Greetings\Thank you\Thank you_077.mp4
97,Greetings,Thank you,SSL400\Dataset - Original\Greetings\Thank you\Thank you_078.mp4
97,Greetings,Thank you,SSL400\Dataset - Original\Greetings\Thank you\Thank you_079.mp4
97,Greetings,Thank you,SSL400\Dataset - Original\Greetings\Thank you\Thank you_080.mp4
97,Greetings,Thank you,SSL400\Dataset - Original\Greetings\Thank you\Thank you_081.mp4
97,Greetings,Thank you,SSL400\Dataset - Original\Greetings\Thank you\Thank you_082.mp4
97,Greetings,Thank you,SSL400\Dataset - Original\Greetings\Thank you\Thank you_083.mp4
97,Greetings,Thank you,SSL400\Dataset - Original\Greetings\Thank you\Thank you_084.mp4
97,Greetings,Thank you,SSL400\Dataset - Original\Greetings\Thank you\Thank you_085.mp4
97,Greetings,Thank you,SSL400\Dataset - Original\Greetings\Thank you\Thank you_086.mp4
97,Greetings,Thank you,SSL400\Dataset - Original\Greetings\Thank you\Thank you_087.mp4
97,Greetings,Thank you,SSL400\Dataset - Original\Greetings\Thank you\Thank you_088.mp4
97,Greetings,Thank you,SSL400\Dataset - Original\Greetings\Thank you\Thank you_089.mp4
97,Greetings,Thank you,SSL400\Dataset - Original\Greetings\Thank you\Thank you_090.mp4
97,Greetings,Thank you,SSL400\Dataset - Original\Greetings\Thank you\Thank you_091.mp4
97,Greetings,Thank you,SSL400\Dataset - Original\Greetings\Thank you\Thank you_092.mp4
97,Greetings,Thank you,SSL400\Dataset - Original\Greetings\Thank you\Thank you_093.mp4
97,Greetings,Thank you,SSL400\Dataset - Original\Greetings\Thank you\Thank you_094.mp4
97,Greetings,Thank you,SSL400\Dataset - Original\Greetings\Thank you\Thank you_095.mp4
97,Greetings,Thank you,SSL400\Dataset - Original\Greetings\Thank you\Thank you_096.mp4
97,Greetings,Thank you,SSL400\Dataset - Original\Greetings\Thank you\Thank you_097.mp4
97,Greetings,Thank you,SSL400\Dataset - Original\Greetings\Thank you\Thank you_098.mp4
97,Greetings,Thank you,SSL400\Dataset - Original\Greetings\Thank you\Thank you_099.mp4
97,Greetings,Thank you,SSL400\Dataset - Original\Greetings\Thank you\Thank you_100.mp4
97,Greetings,Thank you,SSL400\Dataset - Original\Greetings\Thank you\Thank you_101.mp4
97,Greetings,Thank you,SSL400\Dataset - Original\Greetings\Thank you\Thank you_102.mp4
97,Greetings,Thank you,SSL400\Dataset - Original\Greetings\Thank you\Thank you_103.mp4
97,Greetings,Thank you,SSL400\Dataset - Original\Greetings\Thank you\Thank you_104.mp4
97,Greetings,Thank you,SSL400\Dataset - Original\Greetings\Thank you\Thank you_105.mp4
97,Greetings,Thank you,SSL400\Dataset - Original\Greetings\Thank you\Thank you_106.mp4
97,Greetings,Thank you,SSL400\Dataset - Original\Greetings\Thank you\Thank you_107.mp4
97,Greetings,Thank you,SSL400\Dataset - Original\Greetings\Thank you\Thank you_108.mp4
97,Greetings,Thank you,SSL400\Dataset - Original\Greetings\Thank you\Thank you_109.mp4
97,Greetings,Thank you,SSL400\Dataset - Original\Greetings\Thank you\Thank you_110.mp4
97,Greetings,Thank you,SSL400\Dataset - Original\Greetings\Thank you\Thank you_111.mp4
97,Greetings,Thank you,SSL400\Dataset - Original\Greetings\Thank you\Thank you_112.mp4
97,Greetings,Thank you,SSL400\Dataset - Original\Greetings\Thank you\Thank you_113.mp4
97,Greetings,Thank you,SSL400\Dataset - Original\Greetings\Thank you\Thank you_114.mp4
97,Greetings,Thank you,SSL400\Dataset - Original\Greetings\Thank you\Thank you_115.mp4
97,Greetings,Thank you,SSL400\Dataset - Original\Greetings\Thank you\Thank you_116.mp4
98,Interjection,Yes,SSL400\Dataset - Original\Interjection\Yes\Yes_001.mov
98,Interjection,Yes,SSL400\Dataset - Original\Interjection\Yes\Yes_002.mov
98,Interjection,Yes,SSL400\Dataset - Original\Interjection\Yes\Yes_003.mov
98,Interjection,Yes,SSL400\Dataset - Original\Interjection\Yes\Yes_004.mov
98,Interjection,Yes,SSL400\Dataset - Original\Interjection\Yes\Yes_005.mov
98,Interjection,Yes,SSL400\Dataset - Original\Interjection\Yes\Yes_006.mov
99,Months,April,SSL400\Dataset - Original\Months\April\April_001.mov
99,Months,April,SSL400\Dataset - Original\Months\April\April_002.mp4
99,Months,April,SSL400\Dataset - Original\Months\April\April_003.mov
99,Months,April,SSL400\Dataset - Original\Months\April\April_004.mov
99,Months,April,SSL400\Dataset - Original\Months\April\April_005.mp4
99,Months,April,SSL400\Dataset - Original\Months\April\April_006.mov
99,Months,April,SSL400\Dataset - Original\Months\April\April_007.mov
99,Months,April,SSL400\Dataset - Original\Months\April\April_008.mov
100,Months,August,SSL400\Dataset - Original\Months\August\August_001.mov
100,Months,August,SSL400\Dataset - Original\Months\August\August_002.mov
100,Months,August,SSL400\Dataset - Original\Months\August\August_003.mp4
100,Months,August,SSL400\Dataset - Original\Months\August\August_004.mov
100,Months,August,SSL400\Dataset - Original\Months\August\August_005.mov
100,Months,August,SSL400\Dataset - Original\Months\August\August_006.mp4
100,Months,August,SSL400\Dataset - Original\Months\August\August_007.mov
101,Months,December,SSL400\Dataset - Original\Months\December\December_001.mov
101,Months,December,SSL400\Dataset - Original\Months\December\December_002.mp4
101,Months,December,SSL400\Dataset - Original\Months\December\December_003.mov
101,Months,December,SSL400\Dataset - Original\Months\December\December_004.mp4
101,Months,December,SSL400\Dataset - Original\Months\December\December_005.mov
101,Months,December,SSL400\Dataset - Original\Months\December\December_006.mov
102,Months,February,SSL400\Dataset - Original\Months\February\February_001.mov
102,Months,February,SSL400\Dataset - Original\Months\February\February_002.mp4
102,Months,February,SSL400\Dataset - Original\Months\February\February_003.mov
102,Months,February,SSL400\Dataset - Original\Months\February\February_004.mp4
102,Months,February,SSL400\Dataset - Original\Months\February\February_005.mov
102,Months,February,SSL400\Dataset - Original\Months\February\February_006.mp4
102,Months,February,SSL400\Dataset - Original\Months\February\February_007.mov
102,Months,February,SSL400\Dataset - Original\Months\February\February_008.mov
103,Months,January,SSL400\Dataset - Original\Months\January\January_001.mp4
103,Months,January,SSL400\Dataset - Original\Months\January\January_002.mp4
103,Months,January,SSL400\Dataset - Original\Months\January\January_003.mp4
103,Months,January,SSL400\Dataset - Original\Months\January\January_004.mp4
103,Months,January,SSL400\Dataset - Original\Months\January\January_005.mp4
103,Months,January,SSL400\Dataset - Original\Months\January\January_006.mp4
103,Months,January,SSL400\Dataset - Original\Months\January\January_007.mp4
103,Months,January,SSL400\Dataset - Original\Months\January\January_008.mp4
103,Months,January,SSL400\Dataset - Original\Months\January\January_009.mp4
103,Months,January,SSL400\Dataset - Original\Months\January\January_010.mp4
103,Months,January,SSL400\Dataset - Original\Months\January\January_011.mp4
103,Months,January,SSL400\Dataset - Original\Months\January\January_012.mp4
103,Months,January,SSL400\Dataset - Original\Months\January\January_013.mp4
103,Months,January,SSL400\Dataset - Original\Months\January\January_014.mp4
103,Months,January,SSL400\Dataset - Original\Months\January\January_015.mp4
103,Months,January,SSL400\Dataset - Original\Months\January\January_016.mp4
103,Months,January,SSL400\Dataset - Original\Months\January\January_017.mp4
103,Months,January,SSL400\Dataset - Original\Months\January\January_018.mp4
103,Months,January,SSL400\Dataset - Original\Months\January\January_019.mp4
103,Months,January,SSL400\Dataset - Original\Months\January\January_020.mov
103,Months,January,SSL400\Dataset - Original\Months\January\January_021.mp4
103,Months,January,SSL400\Dataset - Original\Months\January\January_022.mov
103,Months,January,SSL400\Dataset - Original\Months\January\January_023.mov
103,Months,January,SSL400\Dataset - Original\Months\January\January_024.mp4
103,Months,January,SSL400\Dataset - Original\Months\January\January_025.mov
103,Months,January,SSL400\Dataset - Original\Months\January\January_026.mp4
103,Months,January,SSL400\Dataset - Original\Months\January\January_027.mov
103,Months,January,SSL400\Dataset - Original\Months\January\January_028.mov
104,Months,July,SSL400\Dataset - Original\Months\July\July_001.mov
104,Months,July,SSL400\Dataset - Original\Months\July\July_002.mp4
104,Months,July,SSL400\Dataset - Original\Months\July\July_003.mov
104,Months,July,SSL400\Dataset - Original\Months\July\July_004.mp4
104,Months,July,SSL400\Dataset - Original\Months\July\July_005.mov
104,Months,July,SSL400\Dataset - Original\Months\July\July_006.mov
104,Months,July,SSL400\Dataset - Original\Months\July\July_007.mov
105,Months,June,SSL400\Dataset - Original\Months\June\June_001.mov
105,Months,June,SSL400\Dataset - Original\Months\June\June_002.mp4
105,Months,June,SSL400\Dataset - Original\Months\June\June_003.mov
105,Months,June,SSL400\Dataset - Original\Months\June\June_004.mp4
105,Months,June,SSL400\Dataset - Original\Months\June\June_005.mov
105,Months,June,SSL400\Dataset - Original\Months\June\June_006.mov
105,Months,June,SSL400\Dataset - Original\Months\June\June_007.mov
106,Months,March,SSL400\Dataset - Original\Months\March\March_001.mov
106,Months,March,SSL400\Dataset - Original\Months\March\March_002.mp4
106,Months,March,SSL400\Dataset - Original\Months\March\March_003.mov
106,Months,March,SSL400\Dataset - Original\Months\March\March_004.mov
106,Months,March,SSL400\Dataset - Original\Months\March\March_005.mp4
106,Months,March,SSL400\Dataset - Original\Months\March\March_006.mov
106,Months,March,SSL400\Dataset - Original\Months\March\March_007.mov
106,Months,March,SSL400\Dataset - Original\Months\March\March_008.mov
107,Months,May,SSL400\Dataset - Original\Months\May\May_001.mov
107,Months,May,SSL400\Dataset - Original\Months\May\May_002.mp4
107,Months,May,SSL400\Dataset - Original\Months\May\May_003.mov
107,Months,May,SSL400\Dataset - Original\Months\May\May_004.mp4
107,Months,May,SSL400\Dataset - Original\Months\May\May_005.mov
107,Months,May,SSL400\Dataset - Original\Months\May\May_006.mov
107,Months,May,SSL400\Dataset - Original\Months\May\May_007.mov
108,Months,Month,SSL400\Dataset - Original\Months\Month\Month_001.mov
108,Months,Month,SSL400\Dataset - Original\Months\Month\Month_002.mov
108,Months,Month,SSL400\Dataset - Original\Months\Month\Month_003.mov
108,Months,Month,SSL400\Dataset - Original\Months\Month\Month_004.mov
108,Months,Month,SSL400\Dataset - Original\Months\Month\Month_005.mp4
108,Months,Month,SSL400\Dataset - Original\Months\Month\Month_006.mov
109,Months,November,SSL400\Dataset - Original\Months\November\November_001.mov
109,Months,November,SSL400\Dataset - Original\Months\November\November_002.mp4
109,Months,November,SSL400\Dataset - Original\Months\November\November_003.mov
109,Months,November,SSL400\Dataset - Original\Months\November\November_004.mp4
109,Months,November,SSL400\Dataset - Original\Months\November\November_005.mov
109,Months,November,SSL400\Dataset - Original\Months\November\November_006.mp4
109,Months,November,SSL400\Dataset - Original\Months\November\November_007.mov
109,Months,November,SSL400\Dataset - Original\Months\November\November_008.mov
110,Months,October,SSL400\Dataset - Original\Months\October\October_001.mov
110,Months,October,SSL400\Dataset - Original\Months\October\October_002.mov
110,Months,October,SSL400\Dataset - Original\Months\October\October_003.mp4
110,Months,October,SSL400\Dataset - Original\Months\October\October_004.mov
110,Months,October,SSL400\Dataset - Original\Months\October\October_005.mp4
110,Months,October,SSL400\Dataset - Original\Months\October\October_006.mov
110,Months,October,SSL400\Dataset - Original\Months\October\October_007.mp4
110,Months,October,SSL400\Dataset - Original\Months\October\October_008.mov
111,Months,September,SSL400\Dataset - Original\Months\September\September_001.mov
111,Months,September,SSL400\Dataset - Original\Months\September\September_002.mov
111,Months,September,SSL400\Dataset - Original\Months\September\September_003.mov
111,Months,September,SSL400\Dataset - Original\Months\September\September_004.mov
111,Months,September,SSL400\Dataset - Original\Months\September\September_005.mp4
111,Months,September,SSL400\Dataset - Original\Months\September\September_006.mov
112,Months,Year,SSL400\Dataset - Original\Months\Year\Year_001.mov
113,Nouns,Article,SSL400\Dataset - Original\Nouns\Article\Article_001.mp4
113,Nouns,Article,SSL400\Dataset - Original\Nouns\Article\Article_002.mp4
113,Nouns,Article,SSL400\Dataset - Original\Nouns\Article\Article_003.mp4
113,Nouns,Article,SSL400\Dataset - Original\Nouns\Article\Article_004.mp4
114,Nouns,Bag,SSL400\Dataset - Original\Nouns\Bag\Bag_001.MOV
114,Nouns,Bag,SSL400\Dataset - Original\Nouns\Bag\Bag_002.MOV
114,Nouns,Bag,SSL400\Dataset - Original\Nouns\Bag\Bag_003.MOV
114,Nouns,Bag,SSL400\Dataset - Original\Nouns\Bag\Bag_004.MOV
114,Nouns,Bag,SSL400\Dataset - Original\Nouns\Bag\Bag_005.MOV
114,Nouns,Bag,SSL400\Dataset - Original\Nouns\Bag\Bag_006.MOV
114,Nouns,Bag,SSL400\Dataset - Original\Nouns\Bag\Bag_007.MOV
114,Nouns,Bag,SSL400\Dataset - Original\Nouns\Bag\Bag_008.MP4
114,Nouns,Bag,SSL400\Dataset - Original\Nouns\Bag\Bag_009.MP4
114,Nouns,Bag,SSL400\Dataset - Original\Nouns\Bag\Bag_010.MP4
114,Nouns,Bag,SSL400\Dataset - Original\Nouns\Bag\Bag_011.MP4
114,Nouns,Bag,SSL400\Dataset - Original\Nouns\Bag\Bag_012.MP4
114,Nouns,Bag,SSL400\Dataset - Original\Nouns\Bag\Bag_013.MP4
114,Nouns,Bag,SSL400\Dataset - Original\Nouns\Bag\Bag_014.MP4
115,Nouns,Bed,SSL400\Dataset - Original\Nouns\Bed\Bed_001.MOV
115,Nouns,Bed,SSL400\Dataset - Original\Nouns\Bed\Bed_002.MOV
115,Nouns,Bed,SSL400\Dataset - Original\Nouns\Bed\Bed_003.MOV
115,Nouns,Bed,SSL400\Dataset - Original\Nouns\Bed\Bed_004.MOV
115,Nouns,Bed,SSL400\Dataset - Original\Nouns\Bed\Bed_005.MOV
115,Nouns,Bed,SSL400\Dataset - Original\Nouns\Bed\Bed_006.MOV
115,Nouns,Bed,SSL400\Dataset - Original\Nouns\Bed\Bed_007.MOV
115,Nouns,Bed,SSL400\Dataset - Original\Nouns\Bed\Bed_008.MP4
115,Nouns,Bed,SSL400\Dataset - Original\Nouns\Bed\Bed_009.MP4
115,Nouns,Bed,SSL400\Dataset - Original\Nouns\Bed\Bed_010.MP4
115,Nouns,Bed,SSL400\Dataset - Original\Nouns\Bed\Bed_011.MP4
115,Nouns,Bed,SSL400\Dataset - Original\Nouns\Bed\Bed_012.MP4
115,Nouns,Bed,SSL400\Dataset - Original\Nouns\Bed\Bed_013.MP4
115,Nouns,Bed,SSL400\Dataset - Original\Nouns\Bed\Bed_014.MP4
116,Nouns,Book,SSL400\Dataset - Original\Nouns\Book\Book_001.mp4
116,Nouns,Book,SSL400\Dataset - Original\Nouns\Book\Book_002.mp4
116,Nouns,Book,SSL400\Dataset - Original\Nouns\Book\Book_003.mp4
116,Nouns,Book,SSL400\Dataset - Original\Nouns\Book\Book_004.mp4
116,Nouns,Book,SSL400\Dataset - Original\Nouns\Book\Book_005.mp4
116,Nouns,Book,SSL400\Dataset - Original\Nouns\Book\Book_006.mp4
116,Nouns,Book,SSL400\Dataset - Original\Nouns\Book\Book_007.mp4
116,Nouns,Book,SSL400\Dataset - Original\Nouns\Book\Book_008.mp4
116,Nouns,Book,SSL400\Dataset - Original\Nouns\Book\Book_009.mp4
116,Nouns,Book,SSL400\Dataset - Original\Nouns\Book\Book_010.mp4
116,Nouns,Book,SSL400\Dataset - Original\Nouns\Book\Book_011.mp4
116,Nouns,Book,SSL400\Dataset - Original\Nouns\Book\Book_012.mp4
116,Nouns,Book,SSL400\Dataset - Original\Nouns\Book\Book_013.mp4
116,Nouns,Book,SSL400\Dataset - Original\Nouns\Book\Book_014.mp4
116,Nouns,Book,SSL400\Dataset - Original\Nouns\Book\Book_015.mp4
116,Nouns,Book,SSL400\Dataset - Original\Nouns\Book\Book_016.mp4
117,Nouns,Camera,SSL400\Dataset - Original\Nouns\Camera\Camera_001.mp4
117,Nouns,Camera,SSL400\Dataset - Original\Nouns\Camera\Camera_002.mp4
117,Nouns,Camera,SSL400\Dataset - Original\Nouns\Camera\Camera_003.mp4
117,Nouns,Camera,SSL400\Dataset - Original\Nouns\Camera\Camera_004.mp4
117,Nouns,Camera,SSL400\Dataset - Original\Nouns\Camera\Camera_005.mp4
117,Nouns,Camera,SSL400\Dataset - Original\Nouns\Camera\Camera_006.MOV
117,Nouns,Camera,SSL400\Dataset - Original\Nouns\Camera\Camera_007.MOV
117,Nouns,Camera,SSL400\Dataset - Original\Nouns\Camera\Camera_008.MOV
117,Nouns,Camera,SSL400\Dataset - Original\Nouns\Camera\Camera_009.MOV
117,Nouns,Camera,SSL400\Dataset - Original\Nouns\Camera\Camera_010.MOV
117,Nouns,Camera,SSL400\Dataset - Original\Nouns\Camera\Camera_011.MOV
117,Nouns,Camera,SSL400\Dataset - Original\Nouns\Camera\Camera_012.MOV
117,Nouns,Camera,SSL400\Dataset - Original\Nouns\Camera\Camera_013.MOV
117,Nouns,Camera,SSL400\Dataset - Original\Nouns\Camera\Camera_014.MOV
117,Nouns,Camera,SSL400\Dataset - Original\Nouns\Camera\Camera_015.MOV
117,Nouns,Camera,SSL400\Dataset - Original\Nouns\Camera\Camera_016.MOV
117,Nouns,Camera,SSL400\Dataset - Original\Nouns\Camera\Camera_017.MP4
117,Nouns,Camera,SSL400\Dataset - Original\Nouns\Camera\Camera_018.MP4
117,Nouns,Camera,SSL400\Dataset - Original\Nouns\Camera\Camera_019.MP4
118,Nouns,Card,SSL400\Dataset - Original\Nouns\Card\Card_001.mp4
118,Nouns,Card,SSL400\Dataset - Original\Nouns\Card\Card_002.mp4
118,Nouns,Card,SSL400\Dataset - Original\Nouns\Card\Card_003.mp4
118,Nouns,Card,SSL400\Dataset - Original\Nouns\Card\Card_004.mp4
118,Nouns,Card,SSL400\Dataset - Original\Nouns\Card\Card_005.mp4
118,Nouns,Card,SSL400\Dataset - Original\Nouns\Card\Card_006.mp4
118,Nouns,Card,SSL400\Dataset - Original\Nouns\Card\Card_007.mp4
118,Nouns,Card,SSL400\Dataset - Original\Nouns\Card\Card_008.mp4
119,Nouns,Cat,SSL400\Dataset - Original\Nouns\Cat\Cat_001.mp4
119,Nouns,Cat,SSL400\Dataset - Original\Nouns\Cat\Cat_002.mp4
119,Nouns,Cat,SSL400\Dataset - Original\Nouns\Cat\Cat_003.mp4
119,Nouns,Cat,SSL400\Dataset - Original\Nouns\Cat\Cat_004.mp4
119,Nouns,Cat,SSL400\Dataset - Original\Nouns\Cat\Cat_005.mp4
119,Nouns,Cat,SSL400\Dataset - Original\Nouns\Cat\Cat_006.mp4
119,Nouns,Cat,SSL400\Dataset - Original\Nouns\Cat\Cat_007.mp4
119,Nouns,Cat,SSL400\Dataset - Original\Nouns\Cat\Cat_008.mp4
119,Nouns,Cat,SSL400\Dataset - Original\Nouns\Cat\Cat_009.mp4
119,Nouns,Cat,SSL400\Dataset - Original\Nouns\Cat\Cat_010.mp4
119,Nouns,Cat,SSL400\Dataset - Original\Nouns\Cat\Cat_011.mp4
119,Nouns,Cat,SSL400\Dataset - Original\Nouns\Cat\Cat_012.mp4
119,Nouns,Cat,SSL400\Dataset - Original\Nouns\Cat\Cat_013.mp4
119,Nouns,Cat,SSL400\Dataset - Original\Nouns\Cat\Cat_014.mp4
119,Nouns,Cat,SSL400\Dataset - Original\Nouns\Cat\Cat_015.mp4
119,Nouns,Cat,SSL400\Dataset - Original\Nouns\Cat\Cat_016.mp4
119,Nouns,Cat,SSL400\Dataset - Original\Nouns\Cat\Cat_017.mp4
119,Nouns,Cat,SSL400\Dataset - Original\Nouns\Cat\Cat_018.mp4
119,Nouns,Cat,SSL400\Dataset - Original\Nouns\Cat\Cat_019.mp4
119,Nouns,Cat,SSL400\Dataset - Original\Nouns\Cat\Cat_020.mp4
119,Nouns,Cat,SSL400\Dataset - Original\Nouns\Cat\Cat_021.mp4
119,Nouns,Cat,SSL400\Dataset - Original\Nouns\Cat\Cat_022.mp4
119,Nouns,Cat,SSL400\Dataset - Original\Nouns\Cat\Cat_023.mp4
119,Nouns,Cat,SSL400\Dataset - Original\Nouns\Cat\Cat_024.mp4
120,Nouns,Ceiling fan,SSL400\Dataset - Original\Nouns\Ceiling fan\Ceiling fan_001.mov
120,Nouns,Ceiling fan,SSL400\Dataset - Original\Nouns\Ceiling fan\Ceiling fan_002.MOV
120,Nouns,Ceiling fan,SSL400\Dataset - Original\Nouns\Ceiling fan\Ceiling fan_003.MOV
120,Nouns,Ceiling fan,SSL400\Dataset - Original\Nouns\Ceiling fan\Ceiling fan_004.MOV
120,Nouns,Ceiling fan,SSL400\Dataset - Original\Nouns\Ceiling fan\Ceiling fan_005.MOV
120,Nouns,Ceiling fan,SSL400\Dataset - Original\Nouns\Ceiling fan\Ceiling fan_006.MOV
120,Nouns,Ceiling fan,SSL400\Dataset - Original\Nouns\Ceiling fan\Ceiling fan_007.MOV
120,Nouns,Ceiling fan,SSL400\Dataset - Original\Nouns\Ceiling fan\Ceiling fan_008.MOV
120,Nouns,Ceiling fan,SSL400\Dataset - Original\Nouns\Ceiling fan\Ceiling fan_009.MOV
120,Nouns,Ceiling fan,SSL400\Dataset - Original\Nouns\Ceiling fan\Ceiling fan_010.MOV
120,Nouns,Ceiling fan,SSL400\Dataset - Original\Nouns\Ceiling fan\Ceiling fan_011.MOV
120,Nouns,Ceiling fan,SSL400\Dataset - Original\Nouns\Ceiling fan\Ceiling fan_012.MOV
120,Nouns,Ceiling fan,SSL400\Dataset - Original\Nouns\Ceiling fan\Ceiling fan_013.MOV
120,Nouns,Ceiling fan,SSL400\Dataset - Original\Nouns\Ceiling fan\Ceiling fan_014.MP4
120,Nouns,Ceiling fan,SSL400\Dataset - Original\Nouns\Ceiling fan\Ceiling fan_015.MP4
120,Nouns,Ceiling fan,SSL400\Dataset - Original\Nouns\Ceiling fan\Ceiling fan_016.MP4
121,Nouns,Cell phone,SSL400\Dataset - Original\Nouns\Cell phone\Cell phone_001.MOV
121,Nouns,Cell phone,SSL400\Dataset - Original\Nouns\Cell phone\Cell phone_002.MOV
121,Nouns,Cell phone,SSL400\Dataset - Original\Nouns\Cell phone\Cell phone_003.MOV
121,Nouns,Cell phone,SSL400\Dataset - Original\Nouns\Cell phone\Cell phone_004.MOV
121,Nouns,Cell phone,SSL400\Dataset - Original\Nouns\Cell phone\Cell phone_005.MOV
121,Nouns,Cell phone,SSL400\Dataset - Original\Nouns\Cell phone\Cell phone_006.MOV
121,Nouns,Cell phone,SSL400\Dataset - Original\Nouns\Cell phone\Cell phone_007.MOV
121,Nouns,Cell phone,SSL400\Dataset - Original\Nouns\Cell phone\Cell phone_008.MOV
121,Nouns,Cell phone,SSL400\Dataset - Original\Nouns\Cell phone\Cell phone_009.MOV
121,Nouns,Cell phone,SSL400\Dataset - Original\Nouns\Cell phone\Cell phone_010.MOV
121,Nouns,Cell phone,SSL400\Dataset - Original\Nouns\Cell phone\Cell phone_011.MOV
121,Nouns,Cell phone,SSL400\Dataset - Original\Nouns\Cell phone\Cell phone_012.MP4
121,Nouns,Cell phone,SSL400\Dataset - Original\Nouns\Cell phone\Cell phone_013.MP4
121,Nouns,Cell phone,SSL400\Dataset - Original\Nouns\Cell phone\Cell phone_014.MP4
122,Nouns,Chain,SSL400\Dataset - Original\Nouns\Chain\Chain_001.mov
123,Nouns,Children,SSL400\Dataset - Original\Nouns\Children\Children_001.mp4
123,Nouns,Children,SSL400\Dataset - Original\Nouns\Children\Children_002.mp4
123,Nouns,Children,SSL400\Dataset - Original\Nouns\Children\Children_003.mp4
123,Nouns,Children,SSL400\Dataset - Original\Nouns\Children\Children_004.mp4
123,Nouns,Children,SSL400\Dataset - Original\Nouns\Children\Children_005.mp4
123,Nouns,Children,SSL400\Dataset - Original\Nouns\Children\Children_006.mp4
123,Nouns,Children,SSL400\Dataset - Original\Nouns\Children\Children_007.mp4
124,Nouns,Choice,SSL400\Dataset - Original\Nouns\Choice\Choice_001.mp4
124,Nouns,Choice,SSL400\Dataset - Original\Nouns\Choice\Choice_002.mp4
124,Nouns,Choice,SSL400\Dataset - Original\Nouns\Choice\Choice_003.mp4
124,Nouns,Choice,SSL400\Dataset - Original\Nouns\Choice\Choice_004.mp4
124,Nouns,Choice,SSL400\Dataset - Original\Nouns\Choice\Choice_005.mp4
124,Nouns,Choice,SSL400\Dataset - Original\Nouns\Choice\Choice_006.mp4
124,Nouns,Choice,SSL400\Dataset - Original\Nouns\Choice\Choice_007.mp4
124,Nouns,Choice,SSL400\Dataset - Original\Nouns\Choice\Choice_008.mp4
125,Nouns,Clothing,SSL400\Dataset - Original\Nouns\Clothing\Clothing_001.MOV
125,Nouns,Clothing,SSL400\Dataset - Original\Nouns\Clothing\Clothing_002.MOV
125,Nouns,Clothing,SSL400\Dataset - Original\Nouns\Clothing\Clothing_003.MOV
125,Nouns,Clothing,SSL400\Dataset - Original\Nouns\Clothing\Clothing_004.MOV
125,Nouns,Clothing,SSL400\Dataset - Original\Nouns\Clothing\Clothing_005.MOV
125,Nouns,Clothing,SSL400\Dataset - Original\Nouns\Clothing\Clothing_006.MOV
125,Nouns,Clothing,SSL400\Dataset - Original\Nouns\Clothing\Clothing_007.MOV
125,Nouns,Clothing,SSL400\Dataset - Original\Nouns\Clothing\Clothing_008.MOV
125,Nouns,Clothing,SSL400\Dataset - Original\Nouns\Clothing\Clothing_009.MOV
125,Nouns,Clothing,SSL400\Dataset - Original\Nouns\Clothing\Clothing_010.MOV
125,Nouns,Clothing,SSL400\Dataset - Original\Nouns\Clothing\Clothing_011.MOV
125,Nouns,Clothing,SSL400\Dataset - Original\Nouns\Clothing\Clothing_012.MOV
125,Nouns,Clothing,SSL400\Dataset - Original\Nouns\Clothing\Clothing_013.MOV
125,Nouns,Clothing,SSL400\Dataset - Original\Nouns\Clothing\Clothing_014.MOV
125,Nouns,Clothing,SSL400\Dataset - Original\Nouns\Clothing\Clothing_015.MOV
125,Nouns,Clothing,SSL400\Dataset - Original\Nouns\Clothing\Clothing_016.MOV
125,Nouns,Clothing,SSL400\Dataset - Original\Nouns\Clothing\Clothing_017.MOV
125,Nouns,Clothing,SSL400\Dataset - Original\Nouns\Clothing\Clothing_018.MOV
125,Nouns,Clothing,SSL400\Dataset - Original\Nouns\Clothing\Clothing_019.MOV
125,Nouns,Clothing,SSL400\Dataset - Original\Nouns\Clothing\Clothing_020.MP4
126,Nouns,Computer,SSL400\Dataset - Original\Nouns\Computer\Computer_001.MOV
126,Nouns,Computer,SSL400\Dataset - Original\Nouns\Computer\Computer_002.MOV
126,Nouns,Computer,SSL400\Dataset - Original\Nouns\Computer\Computer_003.MOV
126,Nouns,Computer,SSL400\Dataset - Original\Nouns\Computer\Computer_004.MOV
126,Nouns,Computer,SSL400\Dataset - Original\Nouns\Computer\Computer_005.MOV
126,Nouns,Computer,SSL400\Dataset - Original\Nouns\Computer\Computer_006.MOV
126,Nouns,Computer,SSL400\Dataset - Original\Nouns\Computer\Computer_007.MOV
126,Nouns,Computer,SSL400\Dataset - Original\Nouns\Computer\Computer_008.MOV
126,Nouns,Computer,SSL400\Dataset - Original\Nouns\Computer\Computer_009.MOV
126,Nouns,Computer,SSL400\Dataset - Original\Nouns\Computer\Computer_010.MOV
126,Nouns,Computer,SSL400\Dataset - Original\Nouns\Computer\Computer_011.MOV
126,Nouns,Computer,SSL400\Dataset - Original\Nouns\Computer\Computer_012.MP4
126,Nouns,Computer,SSL400\Dataset - Original\Nouns\Computer\Computer_013.MP4
126,Nouns,Computer,SSL400\Dataset - Original\Nouns\Computer\Computer_014.MP4
127,Nouns,Cow,SSL400\Dataset - Original\Nouns\Cow\Cow_001.mov
128,Nouns,Crocodile,SSL400\Dataset - Original\Nouns\Crocodile\Crocodile_001.mp4
128,Nouns,Crocodile,SSL400\Dataset - Original\Nouns\Crocodile\Crocodile_002.mp4
128,Nouns,Crocodile,SSL400\Dataset - Original\Nouns\Crocodile\Crocodile_003.mp4
128,Nouns,Crocodile,SSL400\Dataset - Original\Nouns\Crocodile\Crocodile_004.mp4
128,Nouns,Crocodile,SSL400\Dataset - Original\Nouns\Crocodile\Crocodile_005.mp4
128,Nouns,Crocodile,SSL400\Dataset - Original\Nouns\Crocodile\Crocodile_006.mp4
128,Nouns,Crocodile,SSL400\Dataset - Original\Nouns\Crocodile\Crocodile_007.mp4
128,Nouns,Crocodile,SSL400\Dataset - Original\Nouns\Crocodile\Crocodile_008.mp4
128,Nouns,Crocodile,SSL400\Dataset - Original\Nouns\Crocodile\Crocodile_009.mp4
128,Nouns,Crocodile,SSL400\Dataset - Original\Nouns\Crocodile\Crocodile_010.mp4
128,Nouns,Crocodile,SSL400\Dataset - Original\Nouns\Crocodile\Crocodile_011.mp4
128,Nouns,Crocodile,SSL400\Dataset - Original\Nouns\Crocodile\Crocodile_012.mp4
128,Nouns,Crocodile,SSL400\Dataset - Original\Nouns\Crocodile\Crocodile_013.mp4
128,Nouns,Crocodile,SSL400\Dataset - Original\Nouns\Crocodile\Crocodile_014.mp4
128,Nouns,Crocodile,SSL400\Dataset - Original\Nouns\Crocodile\Crocodile_015.mp4
128,Nouns,Crocodile,SSL400\Dataset - Original\Nouns\Crocodile\Crocodile_016.mp4
128,Nouns,Crocodile,SSL400\Dataset - Original\Nouns\Crocodile\Crocodile_017.mp4
128,Nouns,Crocodile,SSL400\Dataset - Original\Nouns\Crocodile\Crocodile_018.mp4
128,Nouns,Crocodile,SSL400\Dataset - Original\Nouns\Crocodile\Crocodile_019.mp4
128,Nouns,Crocodile,SSL400\Dataset - Original\Nouns\Crocodile\Crocodile_020.mp4
128,Nouns,Crocodile,SSL400\Dataset - Original\Nouns\Crocodile\Crocodile_021.mp4
128,Nouns,Crocodile,SSL400\Dataset - Original\Nouns\Crocodile\Crocodile_022.mp4
129,Nouns,Culture,SSL400\Dataset - Original\Nouns\Culture\Culture_001.mp4
129,Nouns,Culture,SSL400\Dataset - Original\Nouns\Culture\Culture_002.mp4
129,Nouns,Culture,SSL400\Dataset - Original\Nouns\Culture\Culture_003.mp4
129,Nouns,Culture,SSL400\Dataset - Original\Nouns\Culture\Culture_004.mp4
130,Nouns,Door,SSL400\Dataset - Original\Nouns\Door\Door_001.mp4
130,Nouns,Door,SSL400\Dataset - Original\Nouns\Door\Door_002.mp4
130,Nouns,Door,SSL400\Dataset - Original\Nouns\Door\Door_003.mp4
130,Nouns,Door,SSL400\Dataset - Original\Nouns\Door\Door_004.mp4
130,Nouns,Door,SSL400\Dataset - Original\Nouns\Door\Door_005.mp4
130,Nouns,Door,SSL400\Dataset - Original\Nouns\Door\Door_006.mp4
130,Nouns,Door,SSL400\Dataset - Original\Nouns\Door\Door_007.mp4
131,Nouns,Elephant,SSL400\Dataset - Original\Nouns\Elephant\Elephant_001.mp4
131,Nouns,Elephant,SSL400\Dataset - Original\Nouns\Elephant\Elephant_002.mp4
131,Nouns,Elephant,SSL400\Dataset - Original\Nouns\Elephant\Elephant_003.mp4
131,Nouns,Elephant,SSL400\Dataset - Original\Nouns\Elephant\Elephant_004.mp4
131,Nouns,Elephant,SSL400\Dataset - Original\Nouns\Elephant\Elephant_005.mp4
131,Nouns,Elephant,SSL400\Dataset - Original\Nouns\Elephant\Elephant_006.mp4
131,Nouns,Elephant,SSL400\Dataset - Original\Nouns\Elephant\Elephant_007.mp4
131,Nouns,Elephant,SSL400\Dataset - Original\Nouns\Elephant\Elephant_008.mp4
131,Nouns,Elephant,SSL400\Dataset - Original\Nouns\Elephant\Elephant_009.mp4
131,Nouns,Elephant,SSL400\Dataset - Original\Nouns\Elephant\Elephant_010.mp4
131,Nouns,Elephant,SSL400\Dataset - Original\Nouns\Elephant\Elephant_011.mp4
131,Nouns,Elephant,SSL400\Dataset - Original\Nouns\Elephant\Elephant_012.mp4
131,Nouns,Elephant,SSL400\Dataset - Original\Nouns\Elephant\Elephant_013.mp4
131,Nouns,Elephant,SSL400\Dataset - Original\Nouns\Elephant\Elephant_014.mp4
131,Nouns,Elephant,SSL400\Dataset - Original\Nouns\Elephant\Elephant_015.mp4
131,Nouns,Elephant,SSL400\Dataset - Original\Nouns\Elephant\Elephant_016.mp4
131,Nouns,Elephant,SSL400\Dataset - Original\Nouns\Elephant\Elephant_017.mp4
131,Nouns,Elephant,SSL400\Dataset - Original\Nouns\Elephant\Elephant_018.mp4
131,Nouns,Elephant,SSL400\Dataset - Original\Nouns\Elephant\Elephant_019.mp4
131,Nouns,Elephant,SSL400\Dataset - Original\Nouns\Elephant\Elephant_020.mp4
131,Nouns,Elephant,SSL400\Dataset - Original\Nouns\Elephant\Elephant_021.mp4
131,Nouns,Elephant,SSL400\Dataset - Original\Nouns\Elephant\Elephant_022.mp4
131,Nouns,Elephant,SSL400\Dataset - Original\Nouns\Elephant\Elephant_023.mp4
131,Nouns,Elephant,SSL400\Dataset - Original\Nouns\Elephant\Elephant_024.mp4
132,Nouns,Eye,SSL400\Dataset - Original\Nouns\Eye\Eye_001.mp4
132,Nouns,Eye,SSL400\Dataset - Original\Nouns\Eye\Eye_002.mp4
132,Nouns,Eye,SSL400\Dataset - Original\Nouns\Eye\Eye_003.mp4
132,Nouns,Eye,SSL400\Dataset - Original\Nouns\Eye\Eye_004.mp4
132,Nouns,Eye,SSL400\Dataset - Original\Nouns\Eye\Eye_005.mp4
132,Nouns,Eye,SSL400\Dataset - Original\Nouns\Eye\Eye_006.mp4
133,Nouns,Eyes,SSL400\Dataset - Original\Nouns\Eyes\Eyes_001.mp4
133,Nouns,Eyes,SSL400\Dataset - Original\Nouns\Eyes\Eyes_002.mp4
133,Nouns,Eyes,SSL400\Dataset - Original\Nouns\Eyes\Eyes_003.mp4
133,Nouns,Eyes,SSL400\Dataset - Original\Nouns\Eyes\Eyes_004.mp4
133,Nouns,Eyes,SSL400\Dataset - Original\Nouns\Eyes\Eyes_005.mp4
134,Nouns,Face,SSL400\Dataset - Original\Nouns\Face\Face_001.mp4
134,Nouns,Face,SSL400\Dataset - Original\Nouns\Face\Face_002.mp4
134,Nouns,Face,SSL400\Dataset - Original\Nouns\Face\Face_003.mp4
134,Nouns,Face,SSL400\Dataset - Original\Nouns\Face\Face_004.mp4
134,Nouns,Face,SSL400\Dataset - Original\Nouns\Face\Face_005.mp4
134,Nouns,Face,SSL400\Dataset - Original\Nouns\Face\Face_006.mp4
134,Nouns,Face,SSL400\Dataset - Original\Nouns\Face\Face_007.mp4
134,Nouns,Face,SSL400\Dataset - Original\Nouns\Face\Face_008.mp4
135,Nouns,Fever,SSL400\Dataset - Original\Nouns\Fever\Fever_001.mp4
135,Nouns,Fever,SSL400\Dataset - Original\Nouns\Fever\Fever_002.mp4
135,Nouns,Fever,SSL400\Dataset - Original\Nouns\Fever\Fever_003.mp4
135,Nouns,Fever,SSL400\Dataset - Original\Nouns\Fever\Fever_004.mp4
135,Nouns,Fever,SSL400\Dataset - Original\Nouns\Fever\Fever_005.mp4
135,Nouns,Fever,SSL400\Dataset - Original\Nouns\Fever\Fever_006.mp4
135,Nouns,Fever,SSL400\Dataset - Original\Nouns\Fever\Fever_007.mp4
135,Nouns,Fever,SSL400\Dataset - Original\Nouns\Fever\Fever_008.mp4
135,Nouns,Fever,SSL400\Dataset - Original\Nouns\Fever\Fever_009.mp4
135,Nouns,Fever,SSL400\Dataset - Original\Nouns\Fever\Fever_010.mp4
135,Nouns,Fever,SSL400\Dataset - Original\Nouns\Fever\Fever_011.mp4
135,Nouns,Fever,SSL400\Dataset - Original\Nouns\Fever\Fever_012.mp4
135,Nouns,Fever,SSL400\Dataset - Original\Nouns\Fever\Fever_013.mp4
135,Nouns,Fever,SSL400\Dataset - Original\Nouns\Fever\Fever_014.mp4
135,Nouns,Fever,SSL400\Dataset - Original\Nouns\Fever\Fever_015.mp4
135,Nouns,Fever,SSL400\Dataset - Original\Nouns\Fever\Fever_016.mp4
135,Nouns,Fever,SSL400\Dataset - Original\Nouns\Fever\Fever_017.mp4
135,Nouns,Fever,SSL400\Dataset - Original\Nouns\Fever\Fever_018.mp4
135,Nouns,Fever,SSL400\Dataset - Original\Nouns\Fever\Fever_019.mp4
135,Nouns,Fever,SSL400\Dataset - Original\Nouns\Fever\Fever_020.mp4
135,Nouns,Fever,SSL400\Dataset - Original\Nouns\Fever\Fever_021.mp4
136,Nouns,Flower,SSL400\Dataset - Original\Nouns\Flower\Flower_001.mp4
137,Nouns,Food,SSL400\Dataset - Original\Nouns\Food\Food_001.mp4
137,Nouns,Food,SSL400\Dataset - Original\Nouns\Food\Food_002.mp4
137,Nouns,Food,SSL400\Dataset - Original\Nouns\Food\Food_003.mp4
137,Nouns,Food,SSL400\Dataset - Original\Nouns\Food\Food_004.mp4
137,Nouns,Food,SSL400\Dataset - Original\Nouns\Food\Food_005.mp4
137,Nouns,Food,SSL400\Dataset - Original\Nouns\Food\Food_006.mp4
137,Nouns,Food,SSL400\Dataset - Original\Nouns\Food\Food_007.mp4
138,Nouns,Group,SSL400\Dataset - Original\Nouns\Group\Group_001.mp4
138,Nouns,Group,SSL400\Dataset - Original\Nouns\Group\Group_002.mp4
138,Nouns,Group,SSL400\Dataset - Original\Nouns\Group\Group_003.mp4
138,Nouns,Group,SSL400\Dataset - Original\Nouns\Group\Group_004.mp4
138,Nouns,Group,SSL400\Dataset - Original\Nouns\Group\Group_005.mp4
138,Nouns,Group,SSL400\Dataset - Original\Nouns\Group\Group_006.mp4
138,Nouns,Group,SSL400\Dataset - Original\Nouns\Group\Group_007.mp4
138,Nouns,Group,SSL400\Dataset - Original\Nouns\Group\Group_008.mp4
139,Nouns,Gun,SSL400\Dataset - Original\Nouns\Gun\Gun_001.MOV
139,Nouns,Gun,SSL400\Dataset - Original\Nouns\Gun\Gun_002.MOV
139,Nouns,Gun,SSL400\Dataset - Original\Nouns\Gun\Gun_003.MOV
139,Nouns,Gun,SSL400\Dataset - Original\Nouns\Gun\Gun_004.MOV
139,Nouns,Gun,SSL400\Dataset - Original\Nouns\Gun\Gun_005.MOV
139,Nouns,Gun,SSL400\Dataset - Original\Nouns\Gun\Gun_006.MOV
139,Nouns,Gun,SSL400\Dataset - Original\Nouns\Gun\Gun_007.MOV
139,Nouns,Gun,SSL400\Dataset - Original\Nouns\Gun\Gun_008.MP4
139,Nouns,Gun,SSL400\Dataset - Original\Nouns\Gun\Gun_009.MP4
139,Nouns,Gun,SSL400\Dataset - Original\Nouns\Gun\Gun_010.MP4
139,Nouns,Gun,SSL400\Dataset - Original\Nouns\Gun\Gun_011.MP4
139,Nouns,Gun,SSL400\Dataset - Original\Nouns\Gun\Gun_012.MP4
139,Nouns,Gun,SSL400\Dataset - Original\Nouns\Gun\Gun_013.MP4
139,Nouns,Gun,SSL400\Dataset - Original\Nouns\Gun\Gun_014.MP4
140,Nouns,Hat,SSL400\Dataset - Original\Nouns\Hat\Hat_001.MOV
140,Nouns,Hat,SSL400\Dataset - Original\Nouns\Hat\Hat_002.MOV
140,Nouns,Hat,SSL400\Dataset - Original\Nouns\Hat\Hat_003.MOV
140,Nouns,Hat,SSL400\Dataset - Original\Nouns\Hat\Hat_004.MOV
140,Nouns,Hat,SSL400\Dataset - Original\Nouns\Hat\Hat_005.MOV
140,Nouns,Hat,SSL400\Dataset - Original\Nouns\Hat\Hat_006.MOV
140,Nouns,Hat,SSL400\Dataset - Original\Nouns\Hat\Hat_007.MOV
140,Nouns,Hat,SSL400\Dataset - Original\Nouns\Hat\Hat_008.MOV
140,Nouns,Hat,SSL400\Dataset - Original\Nouns\Hat\Hat_009.MOV
140,Nouns,Hat,SSL400\Dataset - Original\Nouns\Hat\Hat_010.MOV
140,Nouns,Hat,SSL400\Dataset - Original\Nouns\Hat\Hat_011.MOV
140,Nouns,Hat,SSL400\Dataset - Original\Nouns\Hat\Hat_012.MOV
140,Nouns,Hat,SSL400\Dataset - Original\Nouns\Hat\Hat_013.MOV
140,Nouns,Hat,SSL400\Dataset - Original\Nouns\Hat\Hat_014.MOV
140,Nouns,Hat,SSL400\Dataset - Original\Nouns\Hat\Hat_015.MOV
140,Nouns,Hat,SSL400\Dataset - Original\Nouns\Hat\Hat_016.MOV
140,Nouns,Hat,SSL400\Dataset - Original\Nouns\Hat\Hat_017.MOV
140,Nouns,Hat,SSL400\Dataset - Original\Nouns\Hat\Hat_018.MOV
140,Nouns,Hat,SSL400\Dataset - Original\Nouns\Hat\Hat_019.MOV
140,Nouns,Hat,SSL400\Dataset - Original\Nouns\Hat\Hat_020.MP4
141,Nouns,He,SSL400\Dataset - Original\Nouns\He\He_001.mov
141,Nouns,He,SSL400\Dataset - Original\Nouns\He\He_002.mov
141,Nouns,He,SSL400\Dataset - Original\Nouns\He\He_003.MOV
141,Nouns,He,SSL400\Dataset - Original\Nouns\He\He_004.MOV
141,Nouns,He,SSL400\Dataset - Original\Nouns\He\He_005.MOV
141,Nouns,He,SSL400\Dataset - Original\Nouns\He\He_006.MOV
141,Nouns,He,SSL400\Dataset - Original\Nouns\He\He_007.MOV
141,Nouns,He,SSL400\Dataset - Original\Nouns\He\He_008.MOV
141,Nouns,He,SSL400\Dataset - Original\Nouns\He\He_009.MOV
141,Nouns,He,SSL400\Dataset - Original\Nouns\He\He_010.MOV
141,Nouns,He,SSL400\Dataset - Original\Nouns\He\He_011.MOV
141,Nouns,He,SSL400\Dataset - Original\Nouns\He\He_012.MOV
141,Nouns,He,SSL400\Dataset - Original\Nouns\He\He_013.MOV
141,Nouns,He,SSL400\Dataset - Original\Nouns\He\He_014.MOV
141,Nouns,He,SSL400\Dataset - Original\Nouns\He\He_015.MOV
141,Nouns,He,SSL400\Dataset - Original\Nouns\He\He_016.MOV
141,Nouns,He,SSL400\Dataset - Original\Nouns\He\He_017.MOV
141,Nouns,He,SSL400\Dataset - Original\Nouns\He\He_018.MOV
141,Nouns,He,SSL400\Dataset - Original\Nouns\He\He_019.MOV
141,Nouns,He,SSL400\Dataset - Original\Nouns\He\He_020.MOV
141,Nouns,He,SSL400\Dataset - Original\Nouns\He\He_021.MOV
141,Nouns,He,SSL400\Dataset - Original\Nouns\He\He_022.MOV
141,Nouns,He,SSL400\Dataset - Original\Nouns\He\He_023.MOV
142,Nouns,Health,SSL400\Dataset - Original\Nouns\Health\Health_001.mp4
142,Nouns,Health,SSL400\Dataset - Original\Nouns\Health\Health_002.mp4
142,Nouns,Health,SSL400\Dataset - Original\Nouns\Health\Health_003.mp4
142,Nouns,Health,SSL400\Dataset - Original\Nouns\Health\Health_004.mp4
142,Nouns,Health,SSL400\Dataset - Original\Nouns\Health\Health_005.mp4
142,Nouns,Health,SSL400\Dataset - Original\Nouns\Health\Health_006.mp4
143,Nouns,Hill,SSL400\Dataset - Original\Nouns\Hill\Hill_001.mp4
143,Nouns,Hill,SSL400\Dataset - Original\Nouns\Hill\Hill_002.mp4
143,Nouns,Hill,SSL400\Dataset - Original\Nouns\Hill\Hill_003.mp4
144,Nouns,How many,SSL400\Dataset - Original\Nouns\How many\How many_001.mov
145,Nouns,How much,SSL400\Dataset - Original\Nouns\How much\How much_001.mov
145,Nouns,How much,SSL400\Dataset - Original\Nouns\How much\How much_002.mov
146,Nouns,I,SSL400\Dataset - Original\Nouns\I\I_001.mp4
146,Nouns,I,SSL400\Dataset - Original\Nouns\I\I_002.mp4
146,Nouns,I,SSL400\Dataset - Original\Nouns\I\I_003.mp4
146,Nouns,I,SSL400\Dataset - Original\Nouns\I\I_004.mp4
146,Nouns,I,SSL400\Dataset - Original\Nouns\I\I_005.mp4
146,Nouns,I,SSL400\Dataset - Original\Nouns\I\I_006.mov
146,Nouns,I,SSL400\Dataset - Original\Nouns\I\I_007.mov
146,Nouns,I,SSL400\Dataset - Original\Nouns\I\I_008.mov
146,Nouns,I,SSL400\Dataset - Original\Nouns\I\I_009.mov
146,Nouns,I,SSL400\Dataset - Original\Nouns\I\I_010.mov
146,Nouns,I,SSL400\Dataset - Original\Nouns\I\I_011.mov
146,Nouns,I,SSL400\Dataset - Original\Nouns\I\I_012.mov
146,Nouns,I,SSL400\Dataset - Original\Nouns\I\I_013.mov
146,Nouns,I,SSL400\Dataset - Original\Nouns\I\I_014.mov
146,Nouns,I,SSL400\Dataset - Original\Nouns\I\I_015.mov
146,Nouns,I,SSL400\Dataset - Original\Nouns\I\I_016.mov
146,Nouns,I,SSL400\Dataset - Original\Nouns\I\I_017.mov
146,Nouns,I,SSL400\Dataset - Original\Nouns\I\I_018.mov
146,Nouns,I,SSL400\Dataset - Original\Nouns\I\I_019.mov
146,Nouns,I,SSL400\Dataset - Original\Nouns\I\I_020.mov
146,Nouns,I,SSL400\Dataset - Original\Nouns\I\I_021.mov
146,Nouns,I,SSL400\Dataset - Original\Nouns\I\I_022.mov
146,Nouns,I,SSL400\Dataset - Original\Nouns\I\I_023.mp4
146,Nouns,I,SSL400\Dataset - Original\Nouns\I\I_024.mp4
146,Nouns,I,SSL400\Dataset - Original\Nouns\I\I_025.mp4
146,Nouns,I,SSL400\Dataset - Original\Nouns\I\I_026.mp4
146,Nouns,I,SSL400\Dataset - Original\Nouns\I\I_027.mp4
146,Nouns,I,SSL400\Dataset - Original\Nouns\I\I_028.mp4
146,Nouns,I,SSL400\Dataset - Original\Nouns\I\I_029.mp4
146,Nouns,I,SSL400\Dataset - Original\Nouns\I\I_030.mp4
146,Nouns,I,SSL400\Dataset - Original\Nouns\I\I_031.mp4
146,Nouns,I,SSL400\Dataset - Original\Nouns\I\I_032.mp4
146,Nouns,I,SSL400\Dataset - Original\Nouns\I\I_033.mp4
146,Nouns,I,SSL400\Dataset - Original\Nouns\I\I_034.mp4
146,Nouns,I,SSL400\Dataset - Original\Nouns\I\I_035.mp4
146,Nouns,I,SSL400\Dataset - Original\Nouns\I\I_036.mp4
146,Nouns,I,SSL400\Dataset - Original\Nouns\I\I_037.MOV
146,Nouns,I,SSL400\Dataset - Original\Nouns\I\I_038.MOV
146,Nouns,I,SSL400\Dataset - Original\Nouns\I\I_039.MOV
147,Nouns,Impact,SSL400\Dataset - Original\Nouns\Impact\Impact_001.mp4
147,Nouns,Impact,SSL400\Dataset - Original\Nouns\Impact\Impact_002.mp4
147,Nouns,Impact,SSL400\Dataset - Original\Nouns\Impact\Impact_003.mp4
147,Nouns,Impact,SSL400\Dataset - Original\Nouns\Impact\Impact_004.mp4
147,Nouns,Impact,SSL400\Dataset - Original\Nouns\Impact\Impact_005.mp4
147,Nouns,Impact,SSL400\Dataset - Original\Nouns\Impact\Impact_006.mp4
148,Nouns,Internet,SSL400\Dataset - Original\Nouns\Internet\Internet_001.mp4
148,Nouns,Internet,SSL400\Dataset - Original\Nouns\Internet\Internet_002.mp4
148,Nouns,Internet,SSL400\Dataset - Original\Nouns\Internet\Internet_003.mp4
148,Nouns,Internet,SSL400\Dataset - Original\Nouns\Internet\Internet_004.mp4
148,Nouns,Internet,SSL400\Dataset - Original\Nouns\Internet\Internet_005.mp4
148,Nouns,Internet,SSL400\Dataset - Original\Nouns\Internet\Internet_006.mp4
148,Nouns,Internet,SSL400\Dataset - Original\Nouns\Internet\Internet_007.mp4
148,Nouns,Internet,SSL400\Dataset - Original\Nouns\Internet\Internet_008.mp4
149,Nouns,Key,SSL400\Dataset - Original\Nouns\Key\Key_001.MOV
149,Nouns,Key,SSL400\Dataset - Original\Nouns\Key\Key_002.MOV
149,Nouns,Key,SSL400\Dataset - Original\Nouns\Key\Key_003.MOV
149,Nouns,Key,SSL400\Dataset - Original\Nouns\Key\Key_004.MOV
149,Nouns,Key,SSL400\Dataset - Original\Nouns\Key\Key_005.MOV
149,Nouns,Key,SSL400\Dataset - Original\Nouns\Key\Key_006.MOV
149,Nouns,Key,SSL400\Dataset - Original\Nouns\Key\Key_007.MOV
149,Nouns,Key,SSL400\Dataset - Original\Nouns\Key\Key_008.MP4
149,Nouns,Key,SSL400\Dataset - Original\Nouns\Key\Key_009.MP4
149,Nouns,Key,SSL400\Dataset - Original\Nouns\Key\Key_010.MP4
149,Nouns,Key,SSL400\Dataset - Original\Nouns\Key\Key_011.MP4
149,Nouns,Key,SSL400\Dataset - Original\Nouns\Key\Key_012.MP4
149,Nouns,Key,SSL400\Dataset - Original\Nouns\Key\Key_013.MP4
149,Nouns,Key,SSL400\Dataset - Original\Nouns\Key\Key_014.MP4
150,Nouns,Laptop,SSL400\Dataset - Original\Nouns\Laptop\Laptop_001.MOV
150,Nouns,Laptop,SSL400\Dataset - Original\Nouns\Laptop\Laptop_002.MOV
150,Nouns,Laptop,SSL400\Dataset - Original\Nouns\Laptop\Laptop_003.MOV
150,Nouns,Laptop,SSL400\Dataset - Original\Nouns\Laptop\Laptop_004.MOV
150,Nouns,Laptop,SSL400\Dataset - Original\Nouns\Laptop\Laptop_005.MOV
150,Nouns,Laptop,SSL400\Dataset - Original\Nouns\Laptop\Laptop_006.MOV
150,Nouns,Laptop,SSL400\Dataset - Original\Nouns\Laptop\Laptop_007.MOV
150,Nouns,Laptop,SSL400\Dataset - Original\Nouns\Laptop\Laptop_008.MOV
150,Nouns,Laptop,SSL400\Dataset - Original\Nouns\Laptop\Laptop_009.MOV
150,Nouns,Laptop,SSL400\Dataset - Original\Nouns\Laptop\Laptop_010.MOV
150,Nouns,Laptop,SSL400\Dataset - Original\Nouns\Laptop\Laptop_011.MOV
150,Nouns,Laptop,SSL400\Dataset - Original\Nouns\Laptop\Laptop_012.MP4
150,Nouns,Laptop,SSL400\Dataset - Original\Nouns\Laptop\Laptop_013.MP4
150,Nouns,Laptop,SSL400\Dataset - Original\Nouns\Laptop\Laptop_014.MP4
151,Nouns,List,SSL400\Dataset - Original\Nouns\List\List_001.mp4
151,Nouns,List,SSL400\Dataset - Original\Nouns\List\List_002.mp4
151,Nouns,List,SSL400\Dataset - Original\Nouns\List\List_003.mp4
151,Nouns,List,SSL400\Dataset - Original\Nouns\List\List_004.mp4
151,Nouns,List,SSL400\Dataset - Original\Nouns\List\List_005.mp4
151,Nouns,List,SSL400\Dataset - Original\Nouns\List\List_006.mp4
151,Nouns,List,SSL400\Dataset - Original\Nouns\List\List_007.mp4
151,Nouns,List,SSL400\Dataset - Original\Nouns\List\List_008.mp4
151,Nouns,List,SSL400\Dataset - Original\Nouns\List\List_009.mp4
152,Nouns,Lock,SSL400\Dataset - Original\Nouns\Lock\Lock_001.MOV
152,Nouns,Lock,SSL400\Dataset - Original\Nouns\Lock\Lock_002.MOV
152,Nouns,Lock,SSL400\Dataset - Original\Nouns\Lock\Lock_003.MOV
152,Nouns,Lock,SSL400\Dataset - Original\Nouns\Lock\Lock_004.MOV
152,Nouns,Lock,SSL400\Dataset - Original\Nouns\Lock\Lock_005.MOV
152,Nouns,Lock,SSL400\Dataset - Original\Nouns\Lock\Lock_006.MOV
152,Nouns,Lock,SSL400\Dataset - Original\Nouns\Lock\Lock_007.MOV
152,Nouns,Lock,SSL400\Dataset - Original\Nouns\Lock\Lock_008.MP4
152,Nouns,Lock,SSL400\Dataset - Original\Nouns\Lock\Lock_009.MP4
152,Nouns,Lock,SSL400\Dataset - Original\Nouns\Lock\Lock_010.MP4
152,Nouns,Lock,SSL400\Dataset - Original\Nouns\Lock\Lock_011.MP4
152,Nouns,Lock,SSL400\Dataset - Original\Nouns\Lock\Lock_012.MP4
152,Nouns,Lock,SSL400\Dataset - Original\Nouns\Lock\Lock_013.MP4
152,Nouns,Lock,SSL400\Dataset - Original\Nouns\Lock\Lock_014.MP4
153,Nouns,Middle,SSL400\Dataset - Original\Nouns\Middle\Middle_001.mp4
153,Nouns,Middle,SSL400\Dataset - Original\Nouns\Middle\Middle_002.mp4
153,Nouns,Middle,SSL400\Dataset - Original\Nouns\Middle\Middle_003.mp4
153,Nouns,Middle,SSL400\Dataset - Original\Nouns\Middle\Middle_004.mp4
153,Nouns,Middle,SSL400\Dataset - Original\Nouns\Middle\Middle_005.mp4
153,Nouns,Middle,SSL400\Dataset - Original\Nouns\Middle\Middle_006.mp4
153,Nouns,Middle,SSL400\Dataset - Original\Nouns\Middle\Middle_007.mp4
154,Nouns,Milk,SSL400\Dataset - Original\Nouns\Milk\Milk_001.mov
155,Nouns,Mind,SSL400\Dataset - Original\Nouns\Mind\Mind_001.mp4
155,Nouns,Mind,SSL400\Dataset - Original\Nouns\Mind\Mind_002.mp4
155,Nouns,Mind,SSL400\Dataset - Original\Nouns\Mind\Mind_003.mp4
155,Nouns,Mind,SSL400\Dataset - Original\Nouns\Mind\Mind_004.mp4
155,Nouns,Mind,SSL400\Dataset - Original\Nouns\Mind\Mind_005.mp4
156,Nouns,Money,SSL400\Dataset - Original\Nouns\Money\Money_001.mp4
156,Nouns,Money,SSL400\Dataset - Original\Nouns\Money\Money_002.mp4
156,Nouns,Money,SSL400\Dataset - Original\Nouns\Money\Money_003.mp4
156,Nouns,Money,SSL400\Dataset - Original\Nouns\Money\Money_004.mp4
156,Nouns,Money,SSL400\Dataset - Original\Nouns\Money\Money_005.mp4
156,Nouns,Money,SSL400\Dataset - Original\Nouns\Money\Money_006.mp4
156,Nouns,Money,SSL400\Dataset - Original\Nouns\Money\Money_007.mp4
156,Nouns,Money,SSL400\Dataset - Original\Nouns\Money\Money_008.mp4
156,Nouns,Money,SSL400\Dataset - Original\Nouns\Money\Money_009.mp4
156,Nouns,Money,SSL400\Dataset - Original\Nouns\Money\Money_010.mp4
156,Nouns,Money,SSL400\Dataset - Original\Nouns\Money\Money_011.mp4
156,Nouns,Money,SSL400\Dataset - Original\Nouns\Money\Money_012.mp4
156,Nouns,Money,SSL400\Dataset - Original\Nouns\Money\Money_013.mp4
156,Nouns,Money,SSL400\Dataset - Original\Nouns\Money\Money_014.mp4
156,Nouns,Money,SSL400\Dataset - Original\Nouns\Money\Money_015.mp4
156,Nouns,Money,SSL400\Dataset - Original\Nouns\Money\Money_016.mp4
156,Nouns,Money,SSL400\Dataset - Original\Nouns\Money\Money_017.mp4
156,Nouns,Money,SSL400\Dataset - Original\Nouns\Money\Money_018.mp4
156,Nouns,Money,SSL400\Dataset - Original\Nouns\Money\Money_019.mp4
156,Nouns,Money,SSL400\Dataset - Original\Nouns\Money\Money_020.mp4
156,Nouns,Money,SSL400\Dataset - Original\Nouns\Money\Money_021.mp4
156,Nouns,Money,SSL400\Dataset - Original\Nouns\Money\Money_022.mp4
156,Nouns,Money,SSL400\Dataset - Original\Nouns\Money\Money_023.mp4
156,Nouns,Money,SSL400\Dataset - Original\Nouns\Money\Money_024.mov
156,Nouns,Money,SSL400\Dataset - Original\Nouns\Money\Money_025.MOV
156,Nouns,Money,SSL400\Dataset - Original\Nouns\Money\Money_026.MOV
156,Nouns,Money,SSL400\Dataset - Original\Nouns\Money\Money_027.MOV
156,Nouns,Money,SSL400\Dataset - Original\Nouns\Money\Money_028.MOV
156,Nouns,Money,SSL400\Dataset - Original\Nouns\Money\Money_029.MOV
156,Nouns,Money,SSL400\Dataset - Original\Nouns\Money\Money_030.MOV
156,Nouns,Money,SSL400\Dataset - Original\Nouns\Money\Money_031.MOV
156,Nouns,Money,SSL400\Dataset - Original\Nouns\Money\Money_032.MP4
156,Nouns,Money,SSL400\Dataset - Original\Nouns\Money\Money_033.MP4
156,Nouns,Money,SSL400\Dataset - Original\Nouns\Money\Money_034.MP4
156,Nouns,Money,SSL400\Dataset - Original\Nouns\Money\Money_035.MP4
156,Nouns,Money,SSL400\Dataset - Original\Nouns\Money\Money_036.MP4
156,Nouns,Money,SSL400\Dataset - Original\Nouns\Money\Money_037.MP4
156,Nouns,Money,SSL400\Dataset - Original\Nouns\Money\Money_038.MP4
157,Nouns,Moon,SSL400\Dataset - Original\Nouns\Moon\Moon_001.mov
158,Nouns,Movie,SSL400\Dataset - Original\Nouns\Movie\Movie_001.mp4
158,Nouns,Movie,SSL400\Dataset - Original\Nouns\Movie\Movie_002.mp4
158,Nouns,Movie,SSL400\Dataset - Original\Nouns\Movie\Movie_003.mp4
158,Nouns,Movie,SSL400\Dataset - Original\Nouns\Movie\Movie_004.mp4
158,Nouns,Movie,SSL400\Dataset - Original\Nouns\Movie\Movie_005.mp4
159,Nouns,My,SSL400\Dataset - Original\Nouns\My\My_001.mp4
159,Nouns,My,SSL400\Dataset - Original\Nouns\My\My_002.mp4
159,Nouns,My,SSL400\Dataset - Original\Nouns\My\My_003.mp4
159,Nouns,My,SSL400\Dataset - Original\Nouns\My\My_004.mp4
159,Nouns,My,SSL400\Dataset - Original\Nouns\My\My_005.mp4
159,Nouns,My,SSL400\Dataset - Original\Nouns\My\My_006.mp4
159,Nouns,My,SSL400\Dataset - Original\Nouns\My\My_007.mp4
159,Nouns,My,SSL400\Dataset - Original\Nouns\My\My_008.mov
159,Nouns,My,SSL400\Dataset - Original\Nouns\My\My_009.mov
159,Nouns,My,SSL400\Dataset - Original\Nouns\My\My_010.mov
159,Nouns,My,SSL400\Dataset - Original\Nouns\My\My_011.mp4
159,Nouns,My,SSL400\Dataset - Original\Nouns\My\My_012.mp4
159,Nouns,My,SSL400\Dataset - Original\Nouns\My\My_013.mp4
159,Nouns,My,SSL400\Dataset - Original\Nouns\My\My_014.mp4
159,Nouns,My,SSL400\Dataset - Original\Nouns\My\My_015.mp4
159,Nouns,My,SSL400\Dataset - Original\Nouns\My\My_016.mp4
159,Nouns,My,SSL400\Dataset - Original\Nouns\My\My_017.mp4
159,Nouns,My,SSL400\Dataset - Original\Nouns\My\My_018.mp4
159,Nouns,My,SSL400\Dataset - Original\Nouns\My\My_019.mp4
159,Nouns,My,SSL400\Dataset - Original\Nouns\My\My_020.mp4
159,Nouns,My,SSL400\Dataset - Original\Nouns\My\My_021.mp4
159,Nouns,My,SSL400\Dataset - Original\Nouns\My\My_022.mp4
159,Nouns,My,SSL400\Dataset - Original\Nouns\My\My_023.mp4
159,Nouns,My,SSL400\Dataset - Original\Nouns\My\My_024.mp4
159,Nouns,My,SSL400\Dataset - Original\Nouns\My\My_025.mp4
159,Nouns,My,SSL400\Dataset - Original\Nouns\My\My_026.mp4
160,Nouns,Network,SSL400\Dataset - Original\Nouns\Network\Network_001.mp4
160,Nouns,Network,SSL400\Dataset - Original\Nouns\Network\Network_002.mp4
160,Nouns,Network,SSL400\Dataset - Original\Nouns\Network\Network_003.mp4
160,Nouns,Network,SSL400\Dataset - Original\Nouns\Network\Network_004.mp4
160,Nouns,Network,SSL400\Dataset - Original\Nouns\Network\Network_005.mp4
160,Nouns,Network,SSL400\Dataset - Original\Nouns\Network\Network_006.mp4
161,Nouns,None,SSL400\Dataset - Original\Nouns\None\None_001.mp4
161,Nouns,None,SSL400\Dataset - Original\Nouns\None\None_002.mp4
161,Nouns,None,SSL400\Dataset - Original\Nouns\None\None_003.mp4
161,Nouns,None,SSL400\Dataset - Original\Nouns\None\None_004.mp4
161,Nouns,None,SSL400\Dataset - Original\Nouns\None\None_005.mp4
161,Nouns,None,SSL400\Dataset - Original\Nouns\None\None_006.mp4
161,Nouns,None,SSL400\Dataset - Original\Nouns\None\None_007.mp4
162,Nouns,Ok,SSL400\Dataset - Original\Nouns\Ok\Ok_001.mp4
162,Nouns,Ok,SSL400\Dataset - Original\Nouns\Ok\Ok_002.mp4
162,Nouns,Ok,SSL400\Dataset - Original\Nouns\Ok\Ok_003.mp4
162,Nouns,Ok,SSL400\Dataset - Original\Nouns\Ok\Ok_004.mp4
162,Nouns,Ok,SSL400\Dataset - Original\Nouns\Ok\Ok_005.mp4
162,Nouns,Ok,SSL400\Dataset - Original\Nouns\Ok\Ok_006.mp4
162,Nouns,Ok,SSL400\Dataset - Original\Nouns\Ok\Ok_007.mp4
162,Nouns,Ok,SSL400\Dataset - Original\Nouns\Ok\Ok_008.mp4
163,Nouns,Our,SSL400\Dataset - Original\Nouns\Our\Our_001.mp4
163,Nouns,Our,SSL400\Dataset - Original\Nouns\Our\Our_002.mp4
163,Nouns,Our,SSL400\Dataset - Original\Nouns\Our\Our_003.mp4
163,Nouns,Our,SSL400\Dataset - Original\Nouns\Our\Our_004.mp4
164,Nouns,Paint,SSL400\Dataset - Original\Nouns\Paint\Paint_001.mp4
164,Nouns,Paint,SSL400\Dataset - Original\Nouns\Paint\Paint_002.mp4
164,Nouns,Paint,SSL400\Dataset - Original\Nouns\Paint\Paint_003.mp4
164,Nouns,Paint,SSL400\Dataset - Original\Nouns\Paint\Paint_004.mp4
164,Nouns,Paint,SSL400\Dataset - Original\Nouns\Paint\Paint_005.mp4
164,Nouns,Paint,SSL400\Dataset - Original\Nouns\Paint\Paint_006.mp4
164,Nouns,Paint,SSL400\Dataset - Original\Nouns\Paint\Paint_007.MOV
164,Nouns,Paint,SSL400\Dataset - Original\Nouns\Paint\Paint_008.MOV
164,Nouns,Paint,SSL400\Dataset - Original\Nouns\Paint\Paint_009.MOV
164,Nouns,Paint,SSL400\Dataset - Original\Nouns\Paint\Paint_010.MOV
164,Nouns,Paint,SSL400\Dataset - Original\Nouns\Paint\Paint_011.MOV
164,Nouns,Paint,SSL400\Dataset - Original\Nouns\Paint\Paint_012.MOV
164,Nouns,Paint,SSL400\Dataset - Original\Nouns\Paint\Paint_013.MOV
164,Nouns,Paint,SSL400\Dataset - Original\Nouns\Paint\Paint_014.MP4
164,Nouns,Paint,SSL400\Dataset - Original\Nouns\Paint\Paint_015.MP4
164,Nouns,Paint,SSL400\Dataset - Original\Nouns\Paint\Paint_016.MP4
164,Nouns,Paint,SSL400\Dataset - Original\Nouns\Paint\Paint_017.MP4
164,Nouns,Paint,SSL400\Dataset - Original\Nouns\Paint\Paint_018.MP4
164,Nouns,Paint,SSL400\Dataset - Original\Nouns\Paint\Paint_019.MP4
164,Nouns,Paint,SSL400\Dataset - Original\Nouns\Paint\Paint_020.MP4
164,Nouns,Paint,SSL400\Dataset - Original\Nouns\Paint\Paint_021.MP4
165,Nouns,Part,SSL400\Dataset - Original\Nouns\Part\Part_001.mp4
165,Nouns,Part,SSL400\Dataset - Original\Nouns\Part\Part_002.mp4
165,Nouns,Part,SSL400\Dataset - Original\Nouns\Part\Part_003.mp4
165,Nouns,Part,SSL400\Dataset - Original\Nouns\Part\Part_004.mp4
166,Nouns,Path,SSL400\Dataset - Original\Nouns\Path\Path_001.mp4
166,Nouns,Path,SSL400\Dataset - Original\Nouns\Path\Path_002.mp4
166,Nouns,Path,SSL400\Dataset - Original\Nouns\Path\Path_003.mp4
166,Nouns,Path,SSL400\Dataset - Original\Nouns\Path\Path_004.mp4
166,Nouns,Path,SSL400\Dataset - Original\Nouns\Path\Path_005.mp4
166,Nouns,Path,SSL400\Dataset - Original\Nouns\Path\Path_006.mp4
167,Nouns,Peace,SSL400\Dataset - Original\Nouns\Peace\Peace_001.mp4
167,Nouns,Peace,SSL400\Dataset - Original\Nouns\Peace\Peace_002.mp4
167,Nouns,Peace,SSL400\Dataset - Original\Nouns\Peace\Peace_003.mp4
167,Nouns,Peace,SSL400\Dataset - Original\Nouns\Peace\Peace_004.mp4
168,Nouns,Pencil,SSL400\Dataset - Original\Nouns\Pencil\Pencil_001.MOV
168,Nouns,Pencil,SSL400\Dataset - Original\Nouns\Pencil\Pencil_002.MOV
168,Nouns,Pencil,SSL400\Dataset - Original\Nouns\Pencil\Pencil_003.MOV
168,Nouns,Pencil,SSL400\Dataset - Original\Nouns\Pencil\Pencil_004.MOV
168,Nouns,Pencil,SSL400\Dataset - Original\Nouns\Pencil\Pencil_005.MOV
168,Nouns,Pencil,SSL400\Dataset - Original\Nouns\Pencil\Pencil_006.MOV
168,Nouns,Pencil,SSL400\Dataset - Original\Nouns\Pencil\Pencil_007.MOV
168,Nouns,Pencil,SSL400\Dataset - Original\Nouns\Pencil\Pencil_008.MP4
168,Nouns,Pencil,SSL400\Dataset - Original\Nouns\Pencil\Pencil_009.MP4
168,Nouns,Pencil,SSL400\Dataset - Original\Nouns\Pencil\Pencil_010.MP4
168,Nouns,Pencil,SSL400\Dataset - Original\Nouns\Pencil\Pencil_011.MP4
168,Nouns,Pencil,SSL400\Dataset - Original\Nouns\Pencil\Pencil_012.MP4
168,Nouns,Pencil,SSL400\Dataset - Original\Nouns\Pencil\Pencil_013.MP4
168,Nouns,Pencil,SSL400\Dataset - Original\Nouns\Pencil\Pencil_014.MP4
169,Nouns,Phone,SSL400\Dataset - Original\Nouns\Phone\Phone_001.mp4
169,Nouns,Phone,SSL400\Dataset - Original\Nouns\Phone\Phone_002.mp4
169,Nouns,Phone,SSL400\Dataset - Original\Nouns\Phone\Phone_003.mp4
169,Nouns,Phone,SSL400\Dataset - Original\Nouns\Phone\Phone_004.mp4
169,Nouns,Phone,SSL400\Dataset - Original\Nouns\Phone\Phone_005.mp4
170,Nouns,Pocket,SSL400\Dataset - Original\Nouns\Pocket\Pocket_001.mp4
170,Nouns,Pocket,SSL400\Dataset - Original\Nouns\Pocket\Pocket_002.mp4
170,Nouns,Pocket,SSL400\Dataset - Original\Nouns\Pocket\Pocket_003.MOV
170,Nouns,Pocket,SSL400\Dataset - Original\Nouns\Pocket\Pocket_004.MOV
170,Nouns,Pocket,SSL400\Dataset - Original\Nouns\Pocket\Pocket_005.MOV
170,Nouns,Pocket,SSL400\Dataset - Original\Nouns\Pocket\Pocket_006.MOV
170,Nouns,Pocket,SSL400\Dataset - Original\Nouns\Pocket\Pocket_007.MOV
170,Nouns,Pocket,SSL400\Dataset - Original\Nouns\Pocket\Pocket_008.MOV
170,Nouns,Pocket,SSL400\Dataset - Original\Nouns\Pocket\Pocket_009.MOV
170,Nouns,Pocket,SSL400\Dataset - Original\Nouns\Pocket\Pocket_010.MOV
170,Nouns,Pocket,SSL400\Dataset - Original\Nouns\Pocket\Pocket_011.MOV
170,Nouns,Pocket,SSL400\Dataset - Original\Nouns\Pocket\Pocket_012.MOV
170,Nouns,Pocket,SSL400\Dataset - Original\Nouns\Pocket\Pocket_013.MOV
170,Nouns,Pocket,SSL400\Dataset - Original\Nouns\Pocket\Pocket_014.MOV
170,Nouns,Pocket,SSL400\Dataset - Original\Nouns\Pocket\Pocket_015.MOV
170,Nouns,Pocket,SSL400\Dataset - Original\Nouns\Pocket\Pocket_016.MOV
170,Nouns,Pocket,SSL400\Dataset - Original\Nouns\Pocket\Pocket_017.MOV
170,Nouns,Pocket,SSL400\Dataset - Original\Nouns\Pocket\Pocket_018.MOV
170,Nouns,Pocket,SSL400\Dataset - Original\Nouns\Pocket\Pocket_019.MOV
170,Nouns,Pocket,SSL400\Dataset - Original\Nouns\Pocket\Pocket_020.MOV
170,Nouns,Pocket,SSL400\Dataset - Original\Nouns\Pocket\Pocket_021.MOV
170,Nouns,Pocket,SSL400\Dataset - Original\Nouns\Pocket\Pocket_022.MP4
171,Nouns,Point,SSL400\Dataset - Original\Nouns\Point\Point_001.mp4
171,Nouns,Point,SSL400\Dataset - Original\Nouns\Point\Point_002.mp4
171,Nouns,Point,SSL400\Dataset - Original\Nouns\Point\Point_003.mp4
171,Nouns,Point,SSL400\Dataset - Original\Nouns\Point\Point_004.mp4
171,Nouns,Point,SSL400\Dataset - Original\Nouns\Point\Point_005.mp4
171,Nouns,Point,SSL400\Dataset - Original\Nouns\Point\Point_006.mp4
171,Nouns,Point,SSL400\Dataset - Original\Nouns\Point\Point_007.mp4
171,Nouns,Point,SSL400\Dataset - Original\Nouns\Point\Point_008.mp4
171,Nouns,Point,SSL400\Dataset - Original\Nouns\Point\Point_009.mp4
171,Nouns,Point,SSL400\Dataset - Original\Nouns\Point\Point_010.mp4
171,Nouns,Point,SSL400\Dataset - Original\Nouns\Point\Point_011.mp4
172,Nouns,Problem,SSL400\Dataset - Original\Nouns\Problem\Problem_001.mp4
172,Nouns,Problem,SSL400\Dataset - Original\Nouns\Problem\Problem_002.mp4
172,Nouns,Problem,SSL400\Dataset - Original\Nouns\Problem\Problem_003.mp4
172,Nouns,Problem,SSL400\Dataset - Original\Nouns\Problem\Problem_004.mp4
172,Nouns,Problem,SSL400\Dataset - Original\Nouns\Problem\Problem_005.mp4
172,Nouns,Problem,SSL400\Dataset - Original\Nouns\Problem\Problem_006.mp4
172,Nouns,Problem,SSL400\Dataset - Original\Nouns\Problem\Problem_007.mp4
172,Nouns,Problem,SSL400\Dataset - Original\Nouns\Problem\Problem_008.mp4
172,Nouns,Problem,SSL400\Dataset - Original\Nouns\Problem\Problem_009.mp4
173,Nouns,Radio,SSL400\Dataset - Original\Nouns\Radio\Radio_001.MOV
173,Nouns,Radio,SSL400\Dataset - Original\Nouns\Radio\Radio_002.MOV
173,Nouns,Radio,SSL400\Dataset - Original\Nouns\Radio\Radio_003.MOV
173,Nouns,Radio,SSL400\Dataset - Original\Nouns\Radio\Radio_004.MOV
173,Nouns,Radio,SSL400\Dataset - Original\Nouns\Radio\Radio_005.MOV
173,Nouns,Radio,SSL400\Dataset - Original\Nouns\Radio\Radio_006.MOV
173,Nouns,Radio,SSL400\Dataset - Original\Nouns\Radio\Radio_007.MOV
173,Nouns,Radio,SSL400\Dataset - Original\Nouns\Radio\Radio_008.MOV
173,Nouns,Radio,SSL400\Dataset - Original\Nouns\Radio\Radio_009.MOV
173,Nouns,Radio,SSL400\Dataset - Original\Nouns\Radio\Radio_010.MOV
173,Nouns,Radio,SSL400\Dataset - Original\Nouns\Radio\Radio_011.MOV
173,Nouns,Radio,SSL400\Dataset - Original\Nouns\Radio\Radio_012.MP4
173,Nouns,Radio,SSL400\Dataset - Original\Nouns\Radio\Radio_013.MP4
173,Nouns,Radio,SSL400\Dataset - Original\Nouns\Radio\Radio_014.MP4
174,Nouns,Ring,SSL400\Dataset - Original\Nouns\Ring\Ring_001.mp4
174,Nouns,Ring,SSL400\Dataset - Original\Nouns\Ring\Ring_002.mp4
174,Nouns,Ring,SSL400\Dataset - Original\Nouns\Ring\Ring_003.mp4
174,Nouns,Ring,SSL400\Dataset - Original\Nouns\Ring\Ring_004.mp4
174,Nouns,Ring,SSL400\Dataset - Original\Nouns\Ring\Ring_005.mp4
174,Nouns,Ring,SSL400\Dataset - Original\Nouns\Ring\Ring_006.mp4
174,Nouns,Ring,SSL400\Dataset - Original\Nouns\Ring\Ring_007.MOV
174,Nouns,Ring,SSL400\Dataset - Original\Nouns\Ring\Ring_008.MOV
174,Nouns,Ring,SSL400\Dataset - Original\Nouns\Ring\Ring_009.MOV
174,Nouns,Ring,SSL400\Dataset - Original\Nouns\Ring\Ring_010.MOV
174,Nouns,Ring,SSL400\Dataset - Original\Nouns\Ring\Ring_011.MOV
174,Nouns,Ring,SSL400\Dataset - Original\Nouns\Ring\Ring_012.MOV
174,Nouns,Ring,SSL400\Dataset - Original\Nouns\Ring\Ring_013.MOV
174,Nouns,Ring,SSL400\Dataset - Original\Nouns\Ring\Ring_014.MP4
174,Nouns,Ring,SSL400\Dataset - Original\Nouns\Ring\Ring_015.MP4
174,Nouns,Ring,SSL400\Dataset - Original\Nouns\Ring\Ring_016.MP4
174,Nouns,Ring,SSL400\Dataset - Original\Nouns\Ring\Ring_017.MP4
174,Nouns,Ring,SSL400\Dataset - Original\Nouns\Ring\Ring_018.MP4
174,Nouns,Ring,SSL400\Dataset - Original\Nouns\Ring\Ring_019.MP4
174,Nouns,Ring,SSL400\Dataset - Original\Nouns\Ring\Ring_020.MP4
175,Nouns,Sand,SSL400\Dataset - Original\Nouns\Sand\Sand_001.mov
175,Nouns,Sand,SSL400\Dataset - Original\Nouns\Sand\Sand_002.mov
176,Nouns,Saree,SSL400\Dataset - Original\Nouns\Saree\Saree_001.mov
177,Nouns,Shirt,SSL400\Dataset - Original\Nouns\Shirt\Shirt_001.MOV
177,Nouns,Shirt,SSL400\Dataset - Original\Nouns\Shirt\Shirt_002.MOV
177,Nouns,Shirt,SSL400\Dataset - Original\Nouns\Shirt\Shirt_003.MOV
177,Nouns,Shirt,SSL400\Dataset - Original\Nouns\Shirt\Shirt_004.MOV
177,Nouns,Shirt,SSL400\Dataset - Original\Nouns\Shirt\Shirt_005.MOV
177,Nouns,Shirt,SSL400\Dataset - Original\Nouns\Shirt\Shirt_006.MOV
177,Nouns,Shirt,SSL400\Dataset - Original\Nouns\Shirt\Shirt_007.MOV
177,Nouns,Shirt,SSL400\Dataset - Original\Nouns\Shirt\Shirt_008.MOV
177,Nouns,Shirt,SSL400\Dataset - Original\Nouns\Shirt\Shirt_009.MOV
177,Nouns,Shirt,SSL400\Dataset - Original\Nouns\Shirt\Shirt_010.MOV
177,Nouns,Shirt,SSL400\Dataset - Original\Nouns\Shirt\Shirt_011.MOV
177,Nouns,Shirt,SSL400\Dataset - Original\Nouns\Shirt\Shirt_012.MOV
177,Nouns,Shirt,SSL400\Dataset - Original\Nouns\Shirt\Shirt_013.MOV
177,Nouns,Shirt,SSL400\Dataset - Original\Nouns\Shirt\Shirt_014.MOV
177,Nouns,Shirt,SSL400\Dataset - Original\Nouns\Shirt\Shirt_015.MOV
177,Nouns,Shirt,SSL400\Dataset - Original\Nouns\Shirt\Shirt_016.MOV
177,Nouns,Shirt,SSL400\Dataset - Original\Nouns\Shirt\Shirt_017.MOV
177,Nouns,Shirt,SSL400\Dataset - Original\Nouns\Shirt\Shirt_018.MOV
177,Nouns,Shirt,SSL400\Dataset - Original\Nouns\Shirt\Shirt_019.MOV
177,Nouns,Shirt,SSL400\Dataset - Original\Nouns\Shirt\Shirt_020.MP4
178,Nouns,Sign,SSL400\Dataset - Original\Nouns\Sign\Sign_001.mp4
178,Nouns,Sign,SSL400\Dataset - Original\Nouns\Sign\Sign_002.mp4
178,Nouns,Sign,SSL400\Dataset - Original\Nouns\Sign\Sign_003.mp4
178,Nouns,Sign,SSL400\Dataset - Original\Nouns\Sign\Sign_004.mp4
178,Nouns,Sign,SSL400\Dataset - Original\Nouns\Sign\Sign_005.mp4
178,Nouns,Sign,SSL400\Dataset - Original\Nouns\Sign\Sign_006.mp4
178,Nouns,Sign,SSL400\Dataset - Original\Nouns\Sign\Sign_007.mp4
178,Nouns,Sign,SSL400\Dataset - Original\Nouns\Sign\Sign_008.mp4
178,Nouns,Sign,SSL400\Dataset - Original\Nouns\Sign\Sign_009.mp4
179,Nouns,Sign language,SSL400\Dataset - Original\Nouns\Sign language\Sign language_001.mov
180,Nouns,Skirt,SSL400\Dataset - Original\Nouns\Skirt\Skirt_001.mp4
180,Nouns,Skirt,SSL400\Dataset - Original\Nouns\Skirt\Skirt_002.mp4
180,Nouns,Skirt,SSL400\Dataset - Original\Nouns\Skirt\Skirt_003.MOV
180,Nouns,Skirt,SSL400\Dataset - Original\Nouns\Skirt\Skirt_004.MOV
180,Nouns,Skirt,SSL400\Dataset - Original\Nouns\Skirt\Skirt_005.MOV
180,Nouns,Skirt,SSL400\Dataset - Original\Nouns\Skirt\Skirt_006.MOV
180,Nouns,Skirt,SSL400\Dataset - Original\Nouns\Skirt\Skirt_007.MOV
180,Nouns,Skirt,SSL400\Dataset - Original\Nouns\Skirt\Skirt_008.MOV
180,Nouns,Skirt,SSL400\Dataset - Original\Nouns\Skirt\Skirt_009.MOV
180,Nouns,Skirt,SSL400\Dataset - Original\Nouns\Skirt\Skirt_010.MOV
180,Nouns,Skirt,SSL400\Dataset - Original\Nouns\Skirt\Skirt_011.MOV
180,Nouns,Skirt,SSL400\Dataset - Original\Nouns\Skirt\Skirt_012.MOV
180,Nouns,Skirt,SSL400\Dataset - Original\Nouns\Skirt\Skirt_013.MOV
180,Nouns,Skirt,SSL400\Dataset - Original\Nouns\Skirt\Skirt_014.MOV
180,Nouns,Skirt,SSL400\Dataset - Original\Nouns\Skirt\Skirt_015.MOV
180,Nouns,Skirt,SSL400\Dataset - Original\Nouns\Skirt\Skirt_016.MOV
180,Nouns,Skirt,SSL400\Dataset - Original\Nouns\Skirt\Skirt_017.MOV
180,Nouns,Skirt,SSL400\Dataset - Original\Nouns\Skirt\Skirt_018.MOV
180,Nouns,Skirt,SSL400\Dataset - Original\Nouns\Skirt\Skirt_019.MOV
180,Nouns,Skirt,SSL400\Dataset - Original\Nouns\Skirt\Skirt_020.MOV
180,Nouns,Skirt,SSL400\Dataset - Original\Nouns\Skirt\Skirt_021.MP4
181,Nouns,Society,SSL400\Dataset - Original\Nouns\Society\Society_001.mp4
181,Nouns,Society,SSL400\Dataset - Original\Nouns\Society\Society_002.mp4
181,Nouns,Society,SSL400\Dataset - Original\Nouns\Society\Society_003.mp4
181,Nouns,Society,SSL400\Dataset - Original\Nouns\Society\Society_004.mp4
181,Nouns,Society,SSL400\Dataset - Original\Nouns\Society\Society_005.mp4
182,Nouns,Song,SSL400\Dataset - Original\Nouns\Song\Song_001.mov
183,Nouns,Squirrel,SSL400\Dataset - Original\Nouns\Squirrel\Squirrel_001.mp4
183,Nouns,Squirrel,SSL400\Dataset - Original\Nouns\Squirrel\Squirrel_002.mp4
183,Nouns,Squirrel,SSL400\Dataset - Original\Nouns\Squirrel\Squirrel_003.mp4
183,Nouns,Squirrel,SSL400\Dataset - Original\Nouns\Squirrel\Squirrel_004.mp4
183,Nouns,Squirrel,SSL400\Dataset - Original\Nouns\Squirrel\Squirrel_005.mp4
183,Nouns,Squirrel,SSL400\Dataset - Original\Nouns\Squirrel\Squirrel_006.mp4
183,Nouns,Squirrel,SSL400\Dataset - Original\Nouns\Squirrel\Squirrel_007.mp4
183,Nouns,Squirrel,SSL400\Dataset - Original\Nouns\Squirrel\Squirrel_008.mp4
183,Nouns,Squirrel,SSL400\Dataset - Original\Nouns\Squirrel\Squirrel_009.mp4
183,Nouns,Squirrel,SSL400\Dataset - Original\Nouns\Squirrel\Squirrel_010.mp4
183,Nouns,Squirrel,SSL400\Dataset - Original\Nouns\Squirrel\Squirrel_011.mp4
183,Nouns,Squirrel,SSL400\Dataset - Original\Nouns\Squirrel\Squirrel_012.mp4
183,Nouns,Squirrel,SSL400\Dataset - Original\Nouns\Squirrel\Squirrel_013.mp4
183,Nouns,Squirrel,SSL400\Dataset - Original\Nouns\Squirrel\Squirrel_014.mp4
183,Nouns,Squirrel,SSL400\Dataset - Original\Nouns\Squirrel\Squirrel_015.mp4
183,Nouns,Squirrel,SSL400\Dataset - Original\Nouns\Squirrel\Squirrel_016.mp4
183,Nouns,Squirrel,SSL400\Dataset - Original\Nouns\Squirrel\Squirrel_017.mp4
183,Nouns,Squirrel,SSL400\Dataset - Original\Nouns\Squirrel\Squirrel_018.mp4
183,Nouns,Squirrel,SSL400\Dataset - Original\Nouns\Squirrel\Squirrel_019.mp4
183,Nouns,Squirrel,SSL400\Dataset - Original\Nouns\Squirrel\Squirrel_020.mp4
183,Nouns,Squirrel,SSL400\Dataset - Original\Nouns\Squirrel\Squirrel_021.mp4
183,Nouns,Squirrel,SSL400\Dataset - Original\Nouns\Squirrel\Squirrel_022.mp4
183,Nouns,Squirrel,SSL400\Dataset - Original\Nouns\Squirrel\Squirrel_023.mp4
184,Nouns,Street,SSL400\Dataset - Original\Nouns\Street\Street_001.mp4
184,Nouns,Street,SSL400\Dataset - Original\Nouns\Street\Street_002.mp4
184,Nouns,Street,SSL400\Dataset - Original\Nouns\Street\Street_003.mp4
184,Nouns,Street,SSL400\Dataset - Original\Nouns\Street\Street_004.mp4
184,Nouns,Street,SSL400\Dataset - Original\Nouns\Street\Street_005.mp4
184,Nouns,Street,SSL400\Dataset - Original\Nouns\Street\Street_006.mp4
185,Nouns,Structure,SSL400\Dataset - Original\Nouns\Structure\Structure_001.mp4
185,Nouns,Structure,SSL400\Dataset - Original\Nouns\Structure\Structure_002.mp4
185,Nouns,Structure,SSL400\Dataset - Original\Nouns\Structure\Structure_003.mp4
185,Nouns,Structure,SSL400\Dataset - Original\Nouns\Structure\Structure_004.mp4
185,Nouns,Structure,SSL400\Dataset - Original\Nouns\Structure\Structure_005.mp4
185,Nouns,Structure,SSL400\Dataset - Original\Nouns\Structure\Structure_006.mp4
185,Nouns,Structure,SSL400\Dataset - Original\Nouns\Structure\Structure_007.mp4
186,Nouns,Suit,SSL400\Dataset - Original\Nouns\Suit\Suit_001.MOV
186,Nouns,Suit,SSL400\Dataset - Original\Nouns\Suit\Suit_002.MOV
186,Nouns,Suit,SSL400\Dataset - Original\Nouns\Suit\Suit_003.MOV
186,Nouns,Suit,SSL400\Dataset - Original\Nouns\Suit\Suit_004.MOV
186,Nouns,Suit,SSL400\Dataset - Original\Nouns\Suit\Suit_005.MOV
186,Nouns,Suit,SSL400\Dataset - Original\Nouns\Suit\Suit_006.MOV
186,Nouns,Suit,SSL400\Dataset - Original\Nouns\Suit\Suit_007.MOV
186,Nouns,Suit,SSL400\Dataset - Original\Nouns\Suit\Suit_008.MOV
186,Nouns,Suit,SSL400\Dataset - Original\Nouns\Suit\Suit_009.MOV
186,Nouns,Suit,SSL400\Dataset - Original\Nouns\Suit\Suit_010.MOV
186,Nouns,Suit,SSL400\Dataset - Original\Nouns\Suit\Suit_011.MOV
186,Nouns,Suit,SSL400\Dataset - Original\Nouns\Suit\Suit_012.MOV
186,Nouns,Suit,SSL400\Dataset - Original\Nouns\Suit\Suit_013.MOV
186,Nouns,Suit,SSL400\Dataset - Original\Nouns\Suit\Suit_014.MOV
186,Nouns,Suit,SSL400\Dataset - Original\Nouns\Suit\Suit_015.MOV
186,Nouns,Suit,SSL400\Dataset - Original\Nouns\Suit\Suit_016.MOV
186,Nouns,Suit,SSL400\Dataset - Original\Nouns\Suit\Suit_017.MOV
186,Nouns,Suit,SSL400\Dataset - Original\Nouns\Suit\Suit_018.MOV
186,Nouns,Suit,SSL400\Dataset - Original\Nouns\Suit\Suit_019.MP4
187,Nouns,Table,SSL400\Dataset - Original\Nouns\Table\Table_001.MOV
187,Nouns,Table,SSL400\Dataset - Original\Nouns\Table\Table_002.MOV
187,Nouns,Table,SSL400\Dataset - Original\Nouns\Table\Table_003.MOV
187,Nouns,Table,SSL400\Dataset - Original\Nouns\Table\Table_004.MOV
187,Nouns,Table,SSL400\Dataset - Original\Nouns\Table\Table_005.MOV
187,Nouns,Table,SSL400\Dataset - Original\Nouns\Table\Table_006.MOV
187,Nouns,Table,SSL400\Dataset - Original\Nouns\Table\Table_007.MOV
187,Nouns,Table,SSL400\Dataset - Original\Nouns\Table\Table_008.MP4
187,Nouns,Table,SSL400\Dataset - Original\Nouns\Table\Table_009.MP4
187,Nouns,Table,SSL400\Dataset - Original\Nouns\Table\Table_010.MP4
187,Nouns,Table,SSL400\Dataset - Original\Nouns\Table\Table_011.MP4
187,Nouns,Table,SSL400\Dataset - Original\Nouns\Table\Table_012.MP4
187,Nouns,Table,SSL400\Dataset - Original\Nouns\Table\Table_013.MP4
187,Nouns,Table,SSL400\Dataset - Original\Nouns\Table\Table_014.MP4
187,Nouns,Table,SSL400\Dataset - Original\Nouns\Table\Table_015.mov
188,Nouns,Tea,SSL400\Dataset - Original\Nouns\Tea\Tea_001.mov
189,Nouns,Team,SSL400\Dataset - Original\Nouns\Team\Team_001.mp4
189,Nouns,Team,SSL400\Dataset - Original\Nouns\Team\Team_002.mp4
189,Nouns,Team,SSL400\Dataset - Original\Nouns\Team\Team_003.mp4
189,Nouns,Team,SSL400\Dataset - Original\Nouns\Team\Team_004.mp4
189,Nouns,Team,SSL400\Dataset - Original\Nouns\Team\Team_005.mp4
189,Nouns,Team,SSL400\Dataset - Original\Nouns\Team\Team_006.mp4
190,Nouns,Technology,SSL400\Dataset - Original\Nouns\Technology\Technology_001.mp4
190,Nouns,Technology,SSL400\Dataset - Original\Nouns\Technology\Technology_002.mp4
190,Nouns,Technology,SSL400\Dataset - Original\Nouns\Technology\Technology_003.mp4
190,Nouns,Technology,SSL400\Dataset - Original\Nouns\Technology\Technology_004.mp4
190,Nouns,Technology,SSL400\Dataset - Original\Nouns\Technology\Technology_005.mp4
190,Nouns,Technology,SSL400\Dataset - Original\Nouns\Technology\Technology_006.mp4
190,Nouns,Technology,SSL400\Dataset - Original\Nouns\Technology\Technology_007.MOV
190,Nouns,Technology,SSL400\Dataset - Original\Nouns\Technology\Technology_008.MOV
190,Nouns,Technology,SSL400\Dataset - Original\Nouns\Technology\Technology_009.MOV
190,Nouns,Technology,SSL400\Dataset - Original\Nouns\Technology\Technology_010.MOV
190,Nouns,Technology,SSL400\Dataset - Original\Nouns\Technology\Technology_011.MOV
190,Nouns,Technology,SSL400\Dataset - Original\Nouns\Technology\Technology_012.MOV
190,Nouns,Technology,SSL400\Dataset - Original\Nouns\Technology\Technology_013.MOV
190,Nouns,Technology,SSL400\Dataset - Original\Nouns\Technology\Technology_014.MP4
190,Nouns,Technology,SSL400\Dataset - Original\Nouns\Technology\Technology_015.MP4
190,Nouns,Technology,SSL400\Dataset - Original\Nouns\Technology\Technology_016.MP4
190,Nouns,Technology,SSL400\Dataset - Original\Nouns\Technology\Technology_017.MP4
190,Nouns,Technology,SSL400\Dataset - Original\Nouns\Technology\Technology_018.MP4
190,Nouns,Technology,SSL400\Dataset - Original\Nouns\Technology\Technology_019.MP4
190,Nouns,Technology,SSL400\Dataset - Original\Nouns\Technology\Technology_020.MP4
191,Nouns,Telephone,SSL400\Dataset - Original\Nouns\Telephone\Telephone_001.mp4
191,Nouns,Telephone,SSL400\Dataset - Original\Nouns\Telephone\Telephone_002.mp4
191,Nouns,Telephone,SSL400\Dataset - Original\Nouns\Telephone\Telephone_003.mp4
191,Nouns,Telephone,SSL400\Dataset - Original\Nouns\Telephone\Telephone_004.mp4
191,Nouns,Telephone,SSL400\Dataset - Original\Nouns\Telephone\Telephone_005.mp4
191,Nouns,Telephone,SSL400\Dataset - Original\Nouns\Telephone\Telephone_006.mp4
191,Nouns,Telephone,SSL400\Dataset - Original\Nouns\Telephone\Telephone_007.MOV
191,Nouns,Telephone,SSL400\Dataset - Original\Nouns\Telephone\Telephone_008.MOV
191,Nouns,Telephone,SSL400\Dataset - Original\Nouns\Telephone\Telephone_009.MOV
191,Nouns,Telephone,SSL400\Dataset - Original\Nouns\Telephone\Telephone_010.MOV
191,Nouns,Telephone,SSL400\Dataset - Original\Nouns\Telephone\Telephone_011.MOV
191,Nouns,Telephone,SSL400\Dataset - Original\Nouns\Telephone\Telephone_012.MOV
191,Nouns,Telephone,SSL400\Dataset - Original\Nouns\Telephone\Telephone_013.MOV
191,Nouns,Telephone,SSL400\Dataset - Original\Nouns\Telephone\Telephone_014.MP4
191,Nouns,Telephone,SSL400\Dataset - Original\Nouns\Telephone\Telephone_015.MP4
191,Nouns,Telephone,SSL400\Dataset - Original\Nouns\Telephone\Telephone_016.MP4
191,Nouns,Telephone,SSL400\Dataset - Original\Nouns\Telephone\Telephone_017.MP4
191,Nouns,Telephone,SSL400\Dataset - Original\Nouns\Telephone\Telephone_018.MP4
191,Nouns,Telephone,SSL400\Dataset - Original\Nouns\Telephone\Telephone_019.MP4
191,Nouns,Telephone,SSL400\Dataset - Original\Nouns\Telephone\Telephone_020.MP4
192,Nouns,They,SSL400\Dataset - Original\Nouns\They\They_001.mp4
192,Nouns,They,SSL400\Dataset - Original\Nouns\They\They_002.mp4
192,Nouns,They,SSL400\Dataset - Original\Nouns\They\They_003.mp4
192,Nouns,They,SSL400\Dataset - Original\Nouns\They\They_004.mp4
192,Nouns,They,SSL400\Dataset - Original\Nouns\They\They_005.mp4
193,Nouns,Tree,SSL400\Dataset - Original\Nouns\Tree\Tree_001.mov
194,Nouns,Weather,SSL400\Dataset - Original\Nouns\Weather\Weather_001.mp4
194,Nouns,Weather,SSL400\Dataset - Original\Nouns\Weather\Weather_002.mp4
194,Nouns,Weather,SSL400\Dataset - Original\Nouns\Weather\Weather_003.mp4
194,Nouns,Weather,SSL400\Dataset - Original\Nouns\Weather\Weather_004.mp4
194,Nouns,Weather,SSL400\Dataset - Original\Nouns\Weather\Weather_005.mp4
194,Nouns,Weather,SSL400\Dataset - Original\Nouns\Weather\Weather_006.mp4
194,Nouns,Weather,SSL400\Dataset - Original\Nouns\Weather\Weather_007.mp4
194,Nouns,Weather,SSL400\Dataset - Original\Nouns\Weather\Weather_008.mp4
195,Nouns,Who,SSL400\Dataset - Original\Nouns\Who\Who_001.mov
195,Nouns,Who,SSL400\Dataset - Original\Nouns\Who\Who_002.mov
195,Nouns,Who,SSL400\Dataset - Original\Nouns\Who\Who_003.mov
196,Nouns,Whom,SSL400\Dataset - Original\Nouns\Whom\Whom_001.mov
196,Nouns,Whom,SSL400\Dataset - Original\Nouns\Whom\Whom_002.mov
196,Nouns,Whom,SSL400\Dataset - Original\Nouns\Whom\Whom_003.mov
197,Nouns,Whose,SSL400\Dataset - Original\Nouns\Whose\Whose_001.mov
198,Nouns,Window,SSL400\Dataset - Original\Nouns\Window\Window_001.MOV
198,Nouns,Window,SSL400\Dataset - Original\Nouns\Window\Window_002.MOV
198,Nouns,Window,SSL400\Dataset - Original\Nouns\Window\Window_003.MOV
198,Nouns,Window,SSL400\Dataset - Original\Nouns\Window\Window_004.MOV
198,Nouns,Window,SSL400\Dataset - Original\Nouns\Window\Window_005.MOV
198,Nouns,Window,SSL400\Dataset - Original\Nouns\Window\Window_006.MOV
198,Nouns,Window,SSL400\Dataset - Original\Nouns\Window\Window_007.MOV
198,Nouns,Window,SSL400\Dataset - Original\Nouns\Window\Window_008.MP4
198,Nouns,Window,SSL400\Dataset - Original\Nouns\Window\Window_009.MP4
198,Nouns,Window,SSL400\Dataset - Original\Nouns\Window\Window_010.MP4
198,Nouns,Window,SSL400\Dataset - Original\Nouns\Window\Window_011.MP4
198,Nouns,Window,SSL400\Dataset - Original\Nouns\Window\Window_012.MP4
198,Nouns,Window,SSL400\Dataset - Original\Nouns\Window\Window_013.MP4
198,Nouns,Window,SSL400\Dataset - Original\Nouns\Window\Window_014.MP4
199,Nouns,You,SSL400\Dataset - Original\Nouns\You\You_001.mp4
199,Nouns,You,SSL400\Dataset - Original\Nouns\You\You_002.mp4
199,Nouns,You,SSL400\Dataset - Original\Nouns\You\You_003.mp4
199,Nouns,You,SSL400\Dataset - Original\Nouns\You\You_004.mp4
199,Nouns,You,SSL400\Dataset - Original\Nouns\You\You_005.mp4
199,Nouns,You,SSL400\Dataset - Original\Nouns\You\You_006.mp4
199,Nouns,You,SSL400\Dataset - Original\Nouns\You\You_007.mp4
199,Nouns,You,SSL400\Dataset - Original\Nouns\You\You_008.mp4
199,Nouns,You,SSL400\Dataset - Original\Nouns\You\You_009.MOV
199,Nouns,You,SSL400\Dataset - Original\Nouns\You\You_010.MOV
199,Nouns,You,SSL400\Dataset - Original\Nouns\You\You_011.MOV
199,Nouns,You,SSL400\Dataset - Original\Nouns\You\You_012.MOV
199,Nouns,You,SSL400\Dataset - Original\Nouns\You\You_013.MOV
199,Nouns,You,SSL400\Dataset - Original\Nouns\You\You_014.MOV
199,Nouns,You,SSL400\Dataset - Original\Nouns\You\You_015.MOV
199,Nouns,You,SSL400\Dataset - Original\Nouns\You\You_016.MOV
199,Nouns,You,SSL400\Dataset - Original\Nouns\You\You_017.MOV
199,Nouns,You,SSL400\Dataset - Original\Nouns\You\You_018.MOV
199,Nouns,You,SSL400\Dataset - Original\Nouns\You\You_019.MOV
199,Nouns,You,SSL400\Dataset - Original\Nouns\You\You_020.MOV
199,Nouns,You,SSL400\Dataset - Original\Nouns\You\You_021.MOV
199,Nouns,You,SSL400\Dataset - Original\Nouns\You\You_022.MOV
199,Nouns,You,SSL400\Dataset - Original\Nouns\You\You_023.MOV
199,Nouns,You,SSL400\Dataset - Original\Nouns\You\You_024.MOV
199,Nouns,You,SSL400\Dataset - Original\Nouns\You\You_025.MOV
199,Nouns,You,SSL400\Dataset - Original\Nouns\You\You_026.MOV
199,Nouns,You,SSL400\Dataset - Original\Nouns\You\You_027.MOV
199,Nouns,You,SSL400\Dataset - Original\Nouns\You\You_028.MOV
199,Nouns,You,SSL400\Dataset - Original\Nouns\You\You_029.MOV
199,Nouns,You,SSL400\Dataset - Original\Nouns\You\You_030.MOV
199,Nouns,You,SSL400\Dataset - Original\Nouns\You\You_031.MOV
199,Nouns,You,SSL400\Dataset - Original\Nouns\You\You_032.MOV
199,Nouns,You,SSL400\Dataset - Original\Nouns\You\You_033.mov
199,Nouns,You,SSL400\Dataset - Original\Nouns\You\You_034.mov
199,Nouns,You,SSL400\Dataset - Original\Nouns\You\You_035.mov
199,Nouns,You,SSL400\Dataset - Original\Nouns\You\You_036.mov
199,Nouns,You,SSL400\Dataset - Original\Nouns\You\You_037.mov
199,Nouns,You,SSL400\Dataset - Original\Nouns\You\You_038.mov
199,Nouns,You,SSL400\Dataset - Original\Nouns\You\You_039.mov
199,Nouns,You,SSL400\Dataset - Original\Nouns\You\You_040.mov
199,Nouns,You,SSL400\Dataset - Original\Nouns\You\You_041.mov
199,Nouns,You,SSL400\Dataset - Original\Nouns\You\You_042.mov
199,Nouns,You,SSL400\Dataset - Original\Nouns\You\You_043.mov
199,Nouns,You,SSL400\Dataset - Original\Nouns\You\You_044.mov
199,Nouns,You,SSL400\Dataset - Original\Nouns\You\You_045.mov
199,Nouns,You,SSL400\Dataset - Original\Nouns\You\You_046.mov
199,Nouns,You,SSL400\Dataset - Original\Nouns\You\You_047.mov
199,Nouns,You,SSL400\Dataset - Original\Nouns\You\You_048.mov
199,Nouns,You,SSL400\Dataset - Original\Nouns\You\You_049.mov
199,Nouns,You,SSL400\Dataset - Original\Nouns\You\You_050.mp4
199,Nouns,You,SSL400\Dataset - Original\Nouns\You\You_051.mp4
199,Nouns,You,SSL400\Dataset - Original\Nouns\You\You_052.mp4
199,Nouns,You,SSL400\Dataset - Original\Nouns\You\You_053.mp4
199,Nouns,You,SSL400\Dataset - Original\Nouns\You\You_054.mp4
199,Nouns,You,SSL400\Dataset - Original\Nouns\You\You_055.mp4
199,Nouns,You,SSL400\Dataset - Original\Nouns\You\You_056.mp4
199,Nouns,You,SSL400\Dataset - Original\Nouns\You\You_057.mp4
199,Nouns,You,SSL400\Dataset - Original\Nouns\You\You_058.mp4
199,Nouns,You,SSL400\Dataset - Original\Nouns\You\You_059.mp4
199,Nouns,You,SSL400\Dataset - Original\Nouns\You\You_060.mp4
199,Nouns,You,SSL400\Dataset - Original\Nouns\You\You_061.mp4
199,Nouns,You,SSL400\Dataset - Original\Nouns\You\You_062.mp4
200,Numbers,1. one,SSL400\Dataset - Original\Numbers\1. one\1. one_001.mp4
200,Numbers,1. one,SSL400\Dataset - Original\Numbers\1. one\1. one_002.mp4
200,Numbers,1. one,SSL400\Dataset - Original\Numbers\1. one\1. one_003.mp4
200,Numbers,1. one,SSL400\Dataset - Original\Numbers\1. one\1. one_004.mp4
200,Numbers,1. one,SSL400\Dataset - Original\Numbers\1. one\1. one_005.mp4
200,Numbers,1. one,SSL400\Dataset - Original\Numbers\1. one\1. one_006.mp4
200,Numbers,1. one,SSL400\Dataset - Original\Numbers\1. one\1. one_007.mp4
200,Numbers,1. one,SSL400\Dataset - Original\Numbers\1. one\1. one_008.mp4
200,Numbers,1. one,SSL400\Dataset - Original\Numbers\1. one\1. one_009.mov
200,Numbers,1. one,SSL400\Dataset - Original\Numbers\1. one\1. one_010.mov
200,Numbers,1. one,SSL400\Dataset - Original\Numbers\1. one\1. one_011.mov
200,Numbers,1. one,SSL400\Dataset - Original\Numbers\1. one\1. one_012.mov
200,Numbers,1. one,SSL400\Dataset - Original\Numbers\1. one\1. one_013.mov
200,Numbers,1. one,SSL400\Dataset - Original\Numbers\1. one\1. one_014.mov
200,Numbers,1. one,SSL400\Dataset - Original\Numbers\1. one\1. one_015.mov
200,Numbers,1. one,SSL400\Dataset - Original\Numbers\1. one\1. one_016.mov
200,Numbers,1. one,SSL400\Dataset - Original\Numbers\1. one\1. one_017.mov
200,Numbers,1. one,SSL400\Dataset - Original\Numbers\1. one\1. one_018.mov
200,Numbers,1. one,SSL400\Dataset - Original\Numbers\1. one\1. one_019.mov
200,Numbers,1. one,SSL400\Dataset - Original\Numbers\1. one\1. one_020.mov
201,Numbers,10. ten,SSL400\Dataset - Original\Numbers\10. ten\10. ten_001.mov
201,Numbers,10. ten,SSL400\Dataset - Original\Numbers\10. ten\10. ten_002.mov
201,Numbers,10. ten,SSL400\Dataset - Original\Numbers\10. ten\10. ten_003.mov
202,Numbers,11. eleven,SSL400\Dataset - Original\Numbers\11. eleven\11. eleven_001.mov
202,Numbers,11. eleven,SSL400\Dataset - Original\Numbers\11. eleven\11. eleven_002.mov
202,Numbers,11. eleven,SSL400\Dataset - Original\Numbers\11. eleven\11. eleven_003.mov
203,Numbers,12. twelve,SSL400\Dataset - Original\Numbers\12. twelve\12. twelve_001.mov
203,Numbers,12. twelve,SSL400\Dataset - Original\Numbers\12. twelve\12. twelve_002.mov
204,Numbers,13. thirteen,SSL400\Dataset - Original\Numbers\13. thirteen\13. thirteen_001.mov
204,Numbers,13. thirteen,SSL400\Dataset - Original\Numbers\13. thirteen\13. thirteen_002.mov
204,Numbers,13. thirteen,SSL400\Dataset - Original\Numbers\13. thirteen\13. thirteen_003.mov
205,Numbers,14. fourteen,SSL400\Dataset - Original\Numbers\14. fourteen\14. fourteen_001.mov
205,Numbers,14. fourteen,SSL400\Dataset - Original\Numbers\14. fourteen\14. fourteen_002.mov
205,Numbers,14. fourteen,SSL400\Dataset - Original\Numbers\14. fourteen\14. fourteen_003.mov
206,Numbers,15. fifteen,SSL400\Dataset - Original\Numbers\15. fifteen\15. fifteen_001.mov
206,Numbers,15. fifteen,SSL400\Dataset - Original\Numbers\15. fifteen\15. fifteen_002.mov
206,Numbers,15. fifteen,SSL400\Dataset - Original\Numbers\15. fifteen\15. fifteen_003.mov
206,Numbers,15. fifteen,SSL400\Dataset - Original\Numbers\15. fifteen\15. fifteen_004.mov
207,Numbers,16. sixteen,SSL400\Dataset - Original\Numbers\16. sixteen\16. sixteen_001.mov
207,Numbers,16. sixteen,SSL400\Dataset - Original\Numbers\16. sixteen\16. sixteen_002.mov
207,Numbers,16. sixteen,SSL400\Dataset - Original\Numbers\16. sixteen\16. sixteen_003.mov
208,Numbers,17. seventeen,SSL400\Dataset - Original\Numbers\17. seventeen\17. seventeen_001.mov
208,Numbers,17. seventeen,SSL400\Dataset - Original\Numbers\17. seventeen\17. seventeen_002.mov
209,Numbers,18. eighteen,SSL400\Dataset - Original\Numbers\18. eighteen\18. eighteen_001.mov
209,Numbers,18. eighteen,SSL400\Dataset - Original\Numbers\18. eighteen\18. eighteen_002.mov
209,Numbers,18. eighteen,SSL400\Dataset - Original\Numbers\18. eighteen\18. eighteen_003.mov
210,Numbers,19. nineteen,SSL400\Dataset - Original\Numbers\19. nineteen\19. nineteen_001.mov
210,Numbers,19. nineteen,SSL400\Dataset - Original\Numbers\19. nineteen\19. nineteen_002.mov
210,Numbers,19. nineteen,SSL400\Dataset - Original\Numbers\19. nineteen\19. nineteen_003.mov
211,Numbers,2. two,SSL400\Dataset - Original\Numbers\2. two\2. two_001.mp4
211,Numbers,2. two,SSL400\Dataset - Original\Numbers\2. two\2. two_002.mp4
211,Numbers,2. two,SSL400\Dataset - Original\Numbers\2. two\2. two_003.mp4
211,Numbers,2. two,SSL400\Dataset - Original\Numbers\2. two\2. two_004.mp4
211,Numbers,2. two,SSL400\Dataset - Original\Numbers\2. two\2. two_005.mp4
211,Numbers,2. two,SSL400\Dataset - Original\Numbers\2. two\2. two_006.mp4
211,Numbers,2. two,SSL400\Dataset - Original\Numbers\2. two\2. two_007.mov
211,Numbers,2. two,SSL400\Dataset - Original\Numbers\2. two\2. two_008.mov
211,Numbers,2. two,SSL400\Dataset - Original\Numbers\2. two\2. two_009.mov
211,Numbers,2. two,SSL400\Dataset - Original\Numbers\2. two\2. two_010.mov
211,Numbers,2. two,SSL400\Dataset - Original\Numbers\2. two\2. two_011.mov
211,Numbers,2. two,SSL400\Dataset - Original\Numbers\2. two\2. two_012.mov
211,Numbers,2. two,SSL400\Dataset - Original\Numbers\2. two\2. two_013.mov
211,Numbers,2. two,SSL400\Dataset - Original\Numbers\2. two\2. two_014.mov
211,Numbers,2. two,SSL400\Dataset - Original\Numbers\2. two\2. two_015.mov
211,Numbers,2. two,SSL400\Dataset - Original\Numbers\2. two\2. two_016.mov
211,Numbers,2. two,SSL400\Dataset - Original\Numbers\2. two\2. two_017.mov
211,Numbers,2. two,SSL400\Dataset - Original\Numbers\2. two\2. two_018.mov
211,Numbers,2. two,SSL400\Dataset - Original\Numbers\2. two\2. two_019.mov
211,Numbers,2. two,SSL400\Dataset - Original\Numbers\2. two\2. two_020.mov
211,Numbers,2. two,SSL400\Dataset - Original\Numbers\2. two\2. two_021.mov
211,Numbers,2. two,SSL400\Dataset - Original\Numbers\2. two\2. two_022.mov
211,Numbers,2. two,SSL400\Dataset - Original\Numbers\2. two\2. two_023.mov
212,Numbers,20. twenty,SSL400\Dataset - Original\Numbers\20. twenty\20. twenty_001.mov
212,Numbers,20. twenty,SSL400\Dataset - Original\Numbers\20. twenty\20. twenty_002.mov
213,Numbers,3. three,SSL400\Dataset - Original\Numbers\3. three\3. three_001.mov
213,Numbers,3. three,SSL400\Dataset - Original\Numbers\3. three\3. three_002.mov
213,Numbers,3. three,SSL400\Dataset - Original\Numbers\3. three\3. three_003.mov
213,Numbers,3. three,SSL400\Dataset - Original\Numbers\3. three\3. three_004.mov
213,Numbers,3. three,SSL400\Dataset - Original\Numbers\3. three\3. three_005.mov
213,Numbers,3. three,SSL400\Dataset - Original\Numbers\3. three\3. three_006.mov
213,Numbers,3. three,SSL400\Dataset - Original\Numbers\3. three\3. three_007.mov
213,Numbers,3. three,SSL400\Dataset - Original\Numbers\3. three\3. three_008.mov
213,Numbers,3. three,SSL400\Dataset - Original\Numbers\3. three\3. three_009.mov
213,Numbers,3. three,SSL400\Dataset - Original\Numbers\3. three\3. three_010.mov
213,Numbers,3. three,SSL400\Dataset - Original\Numbers\3. three\3. three_011.mov
213,Numbers,3. three,SSL400\Dataset - Original\Numbers\3. three\3. three_012.mov
214,Numbers,4. four,SSL400\Dataset - Original\Numbers\4. four\4. four_001.mp4
214,Numbers,4. four,SSL400\Dataset - Original\Numbers\4. four\4. four_002.mp4
214,Numbers,4. four,SSL400\Dataset - Original\Numbers\4. four\4. four_003.mp4
214,Numbers,4. four,SSL400\Dataset - Original\Numbers\4. four\4. four_004.mp4
214,Numbers,4. four,SSL400\Dataset - Original\Numbers\4. four\4. four_005.mp4
214,Numbers,4. four,SSL400\Dataset - Original\Numbers\4. four\4. four_006.mov
214,Numbers,4. four,SSL400\Dataset - Original\Numbers\4. four\4. four_007.mov
214,Numbers,4. four,SSL400\Dataset - Original\Numbers\4. four\4. four_008.mov
214,Numbers,4. four,SSL400\Dataset - Original\Numbers\4. four\4. four_009.mov
214,Numbers,4. four,SSL400\Dataset - Original\Numbers\4. four\4. four_010.mov
214,Numbers,4. four,SSL400\Dataset - Original\Numbers\4. four\4. four_011.mov
214,Numbers,4. four,SSL400\Dataset - Original\Numbers\4. four\4. four_012.mov
214,Numbers,4. four,SSL400\Dataset - Original\Numbers\4. four\4. four_013.mov
214,Numbers,4. four,SSL400\Dataset - Original\Numbers\4. four\4. four_014.mov
214,Numbers,4. four,SSL400\Dataset - Original\Numbers\4. four\4. four_015.mov
215,Numbers,5. five,SSL400\Dataset - Original\Numbers\5. five\5. five_001.mp4
215,Numbers,5. five,SSL400\Dataset - Original\Numbers\5. five\5. five_002.mp4
215,Numbers,5. five,SSL400\Dataset - Original\Numbers\5. five\5. five_003.mp4
215,Numbers,5. five,SSL400\Dataset - Original\Numbers\5. five\5. five_004.mp4
215,Numbers,5. five,SSL400\Dataset - Original\Numbers\5. five\5. five_005.mp4
215,Numbers,5. five,SSL400\Dataset - Original\Numbers\5. five\5. five_006.mov
215,Numbers,5. five,SSL400\Dataset - Original\Numbers\5. five\5. five_007.mov
215,Numbers,5. five,SSL400\Dataset - Original\Numbers\5. five\5. five_008.mov
215,Numbers,5. five,SSL400\Dataset - Original\Numbers\5. five\5. five_009.mov
215,Numbers,5. five,SSL400\Dataset - Original\Numbers\5. five\5. five_010.mov
215,Numbers,5. five,SSL400\Dataset - Original\Numbers\5. five\5. five_011.mov
215,Numbers,5. five,SSL400\Dataset - Original\Numbers\5. five\5. five_012.mov
215,Numbers,5. five,SSL400\Dataset - Original\Numbers\5. five\5. five_013.mov
215,Numbers,5. five,SSL400\Dataset - Original\Numbers\5. five\5. five_014.mov
216,Numbers,6. six,SSL400\Dataset - Original\Numbers\6. six\6. six_001.mov
216,Numbers,6. six,SSL400\Dataset - Original\Numbers\6. six\6. six_002.mov
216,Numbers,6. six,SSL400\Dataset - Original\Numbers\6. six\6. six_003.mov
216,Numbers,6. six,SSL400\Dataset - Original\Numbers\6. six\6. six_004.mov
216,Numbers,6. six,SSL400\Dataset - Original\Numbers\6. six\6. six_005.mov
216,Numbers,6. six,SSL400\Dataset - Original\Numbers\6. six\6. six_006.mov
216,Numbers,6. six,SSL400\Dataset - Original\Numbers\6. six\6. six_007.mov
216,Numbers,6. six,SSL400\Dataset - Original\Numbers\6. six\6. six_008.mov
217,Numbers,7. seven,SSL400\Dataset - Original\Numbers\7. seven\7. seven_001.mov
217,Numbers,7. seven,SSL400\Dataset - Original\Numbers\7. seven\7. seven_002.mov
217,Numbers,7. seven,SSL400\Dataset - Original\Numbers\7. seven\7. seven_003.mov
217,Numbers,7. seven,SSL400\Dataset - Original\Numbers\7. seven\7. seven_004.mov
218,Numbers,8. eight,SSL400\Dataset - Original\Numbers\8. eight\8. eight_001.mov
218,Numbers,8. eight,SSL400\Dataset - Original\Numbers\8. eight\8. eight_002.mov
218,Numbers,8. eight,SSL400\Dataset - Original\Numbers\8. eight\8. eight_003.mov
218,Numbers,8. eight,SSL400\Dataset - Original\Numbers\8. eight\8. eight_004.mov
218,Numbers,8. eight,SSL400\Dataset - Original\Numbers\8. eight\8. eight_005.mov
218,Numbers,8. eight,SSL400\Dataset - Original\Numbers\8. eight\8. eight_006.mov
218,Numbers,8. eight,SSL400\Dataset - Original\Numbers\8. eight\8. eight_007.mov
218,Numbers,8. eight,SSL400\Dataset - Original\Numbers\8. eight\8. eight_008.mov
218,Numbers,8. eight,SSL400\Dataset - Original\Numbers\8. eight\8. eight_009.mov
218,Numbers,8. eight,SSL400\Dataset - Original\Numbers\8. eight\8. eight_010.mov
219,Numbers,9. nine,SSL400\Dataset - Original\Numbers\9. nine\9. nine_001.mov
219,Numbers,9. nine,SSL400\Dataset - Original\Numbers\9. nine\9. nine_002.mov
219,Numbers,9. nine,SSL400\Dataset - Original\Numbers\9. nine\9. nine_003.mov
219,Numbers,9. nine,SSL400\Dataset - Original\Numbers\9. nine\9. nine_004.mov
219,Numbers,9. nine,SSL400\Dataset - Original\Numbers\9. nine\9. nine_005.mov
220,Numbers,Addition,SSL400\Dataset - Original\Numbers\Addition\Addition_001.mov
220,Numbers,Addition,SSL400\Dataset - Original\Numbers\Addition\Addition_002.mov
220,Numbers,Addition,SSL400\Dataset - Original\Numbers\Addition\Addition_003.mov
220,Numbers,Addition,SSL400\Dataset - Original\Numbers\Addition\Addition_004.mov
220,Numbers,Addition,SSL400\Dataset - Original\Numbers\Addition\Addition_005.mov
220,Numbers,Addition,SSL400\Dataset - Original\Numbers\Addition\Addition_006.mov
221,Numbers,Count,SSL400\Dataset - Original\Numbers\Count\Count_001.mov
221,Numbers,Count,SSL400\Dataset - Original\Numbers\Count\Count_002.mov
221,Numbers,Count,SSL400\Dataset - Original\Numbers\Count\Count_003.mov
222,Numbers,Divide,SSL400\Dataset - Original\Numbers\Divide\Divide_001.mov
222,Numbers,Divide,SSL400\Dataset - Original\Numbers\Divide\Divide_002.mov
222,Numbers,Divide,SSL400\Dataset - Original\Numbers\Divide\Divide_003.mov
222,Numbers,Divide,SSL400\Dataset - Original\Numbers\Divide\Divide_004.mov
223,Numbers,Equal,SSL400\Dataset - Original\Numbers\Equal\Equal_001.mp4
223,Numbers,Equal,SSL400\Dataset - Original\Numbers\Equal\Equal_002.mp4
223,Numbers,Equal,SSL400\Dataset - Original\Numbers\Equal\Equal_003.mp4
223,Numbers,Equal,SSL400\Dataset - Original\Numbers\Equal\Equal_004.mp4
223,Numbers,Equal,SSL400\Dataset - Original\Numbers\Equal\Equal_005.mp4
223,Numbers,Equal,SSL400\Dataset - Original\Numbers\Equal\Equal_006.mp4
223,Numbers,Equal,SSL400\Dataset - Original\Numbers\Equal\Equal_007.mp4
223,Numbers,Equal,SSL400\Dataset - Original\Numbers\Equal\Equal_008.mp4
223,Numbers,Equal,SSL400\Dataset - Original\Numbers\Equal\Equal_009.mov
223,Numbers,Equal,SSL400\Dataset - Original\Numbers\Equal\Equal_010.mov
223,Numbers,Equal,SSL400\Dataset - Original\Numbers\Equal\Equal_011.mov
223,Numbers,Equal,SSL400\Dataset - Original\Numbers\Equal\Equal_012.mov
223,Numbers,Equal,SSL400\Dataset - Original\Numbers\Equal\Equal_013.mov
223,Numbers,Equal,SSL400\Dataset - Original\Numbers\Equal\Equal_014.mov
223,Numbers,Equal,SSL400\Dataset - Original\Numbers\Equal\Equal_015.mov
223,Numbers,Equal,SSL400\Dataset - Original\Numbers\Equal\Equal_016.mov
224,Numbers,Multiplication,SSL400\Dataset - Original\Numbers\Multiplication\Multiplication_001.mov
224,Numbers,Multiplication,SSL400\Dataset - Original\Numbers\Multiplication\Multiplication_002.mov
224,Numbers,Multiplication,SSL400\Dataset - Original\Numbers\Multiplication\Multiplication_003.mov
224,Numbers,Multiplication,SSL400\Dataset - Original\Numbers\Multiplication\Multiplication_004.mov
225,Numbers,Subtraction,SSL400\Dataset - Original\Numbers\Subtraction\Subtraction_001.mov
225,Numbers,Subtraction,SSL400\Dataset - Original\Numbers\Subtraction\Subtraction_002.mov
225,Numbers,Subtraction,SSL400\Dataset - Original\Numbers\Subtraction\Subtraction_003.mov
225,Numbers,Subtraction,SSL400\Dataset - Original\Numbers\Subtraction\Subtraction_004.mov
226,People,Aunt,SSL400\Dataset - Original\People\Aunt\Aunt_001.mov
226,People,Aunt,SSL400\Dataset - Original\People\Aunt\Aunt_002.mov
226,People,Aunt,SSL400\Dataset - Original\People\Aunt\Aunt_003.mov
227,People,Baby,SSL400\Dataset - Original\People\Baby\Baby_001.mov
227,People,Baby,SSL400\Dataset - Original\People\Baby\Baby_002.mov
227,People,Baby,SSL400\Dataset - Original\People\Baby\Baby_003.mov
227,People,Baby,SSL400\Dataset - Original\People\Baby\Baby_004.mov
228,People,Bro,SSL400\Dataset - Original\People\Bro\Bro_001.mov
228,People,Bro,SSL400\Dataset - Original\People\Bro\Bro_002.mov
228,People,Bro,SSL400\Dataset - Original\People\Bro\Bro_003.mov
228,People,Bro,SSL400\Dataset - Original\People\Bro\Bro_004.mov
228,People,Bro,SSL400\Dataset - Original\People\Bro\Bro_005.mov
228,People,Bro,SSL400\Dataset - Original\People\Bro\Bro_006.mov
228,People,Bro,SSL400\Dataset - Original\People\Bro\Bro_007.mov
228,People,Bro,SSL400\Dataset - Original\People\Bro\Bro_008.mov
228,People,Bro,SSL400\Dataset - Original\People\Bro\Bro_009.mov
228,People,Bro,SSL400\Dataset - Original\People\Bro\Bro_010.mov
229,People,Brother in law,SSL400\Dataset - Original\People\Brother in law\Brother in law_001.mov
230,People,Child,SSL400\Dataset - Original\People\Child\Child_001.mp4
230,People,Child,SSL400\Dataset - Original\People\Child\Child_002.mp4
230,People,Child,SSL400\Dataset - Original\People\Child\Child_003.mp4
230,People,Child,SSL400\Dataset - Original\People\Child\Child_004.mp4
230,People,Child,SSL400\Dataset - Original\People\Child\Child_005.mp4
230,People,Child,SSL400\Dataset - Original\People\Child\Child_006.mp4
230,People,Child,SSL400\Dataset - Original\People\Child\Child_007.mp4
230,People,Child,SSL400\Dataset - Original\People\Child\Child_008.mp4
230,People,Child,SSL400\Dataset - Original\People\Child\Child_009.mp4
230,People,Child,SSL400\Dataset - Original\People\Child\Child_010.MOV
230,People,Child,SSL400\Dataset - Original\People\Child\Child_011.MOV
230,People,Child,SSL400\Dataset - Original\People\Child\Child_012.MOV
230,People,Child,SSL400\Dataset - Original\People\Child\Child_013.MOV
230,People,Child,SSL400\Dataset - Original\People\Child\Child_014.MOV
230,People,Child,SSL400\Dataset - Original\People\Child\Child_015.MOV
230,People,Child,SSL400\Dataset - Original\People\Child\Child_016.MOV
230,People,Child,SSL400\Dataset - Original\People\Child\Child_017.MOV
230,People,Child,SSL400\Dataset - Original\People\Child\Child_018.MOV
230,People,Child,SSL400\Dataset - Original\People\Child\Child_019.MOV
230,People,Child,SSL400\Dataset - Original\People\Child\Child_020.MOV
230,People,Child,SSL400\Dataset - Original\People\Child\Child_021.MOV
230,People,Child,SSL400\Dataset - Original\People\Child\Child_022.MOV
230,People,Child,SSL400\Dataset - Original\People\Child\Child_023.MOV
230,People,Child,SSL400\Dataset - Original\People\Child\Child_024.MOV
230,People,Child,SSL400\Dataset - Original\People\Child\Child_025.MOV
230,People,Child,SSL400\Dataset - Original\People\Child\Child_026.MOV
230,People,Child,SSL400\Dataset - Original\People\Child\Child_027.MOV
230,People,Child,SSL400\Dataset - Original\People\Child\Child_028.MOV
230,People,Child,SSL400\Dataset - Original\People\Child\Child_029.MP4
231,People,Daughter,SSL400\Dataset - Original\People\Daughter\Daughter_001.mov
231,People,Daughter,SSL400\Dataset - Original\People\Daughter\Daughter_002.mov
231,People,Daughter,SSL400\Dataset - Original\People\Daughter\Daughter_003.mov
231,People,Daughter,SSL400\Dataset - Original\People\Daughter\Daughter_004.mov
232,People,Doctor,SSL400\Dataset - Original\People\Doctor\Doctor_001.mp4
232,People,Doctor,SSL400\Dataset - Original\People\Doctor\Doctor_002.mp4
232,People,Doctor,SSL400\Dataset - Original\People\Doctor\Doctor_003.mp4
232,People,Doctor,SSL400\Dataset - Original\People\Doctor\Doctor_004.mp4
232,People,Doctor,SSL400\Dataset - Original\People\Doctor\Doctor_005.mp4
232,People,Doctor,SSL400\Dataset - Original\People\Doctor\Doctor_006.mp4
232,People,Doctor,SSL400\Dataset - Original\People\Doctor\Doctor_007.mp4
232,People,Doctor,SSL400\Dataset - Original\People\Doctor\Doctor_008.mp4
232,People,Doctor,SSL400\Dataset - Original\People\Doctor\Doctor_009.mp4
232,People,Doctor,SSL400\Dataset - Original\People\Doctor\Doctor_010.mp4
232,People,Doctor,SSL400\Dataset - Original\People\Doctor\Doctor_011.mp4
232,People,Doctor,SSL400\Dataset - Original\People\Doctor\Doctor_012.mp4
232,People,Doctor,SSL400\Dataset - Original\People\Doctor\Doctor_013.mp4
232,People,Doctor,SSL400\Dataset - Original\People\Doctor\Doctor_014.mp4
232,People,Doctor,SSL400\Dataset - Original\People\Doctor\Doctor_015.mp4
232,People,Doctor,SSL400\Dataset - Original\People\Doctor\Doctor_016.mp4
232,People,Doctor,SSL400\Dataset - Original\People\Doctor\Doctor_017.mp4
232,People,Doctor,SSL400\Dataset - Original\People\Doctor\Doctor_018.mp4
233,People,Elder bro,SSL400\Dataset - Original\People\Elder bro\Elder bro_001.mp4
233,People,Elder bro,SSL400\Dataset - Original\People\Elder bro\Elder bro_002.mp4
233,People,Elder bro,SSL400\Dataset - Original\People\Elder bro\Elder bro_003.mp4
233,People,Elder bro,SSL400\Dataset - Original\People\Elder bro\Elder bro_004.mp4
233,People,Elder bro,SSL400\Dataset - Original\People\Elder bro\Elder bro_005.mp4
233,People,Elder bro,SSL400\Dataset - Original\People\Elder bro\Elder bro_006.mp4
233,People,Elder bro,SSL400\Dataset - Original\People\Elder bro\Elder bro_007.mp4
233,People,Elder bro,SSL400\Dataset - Original\People\Elder bro\Elder bro_008.mp4
233,People,Elder bro,SSL400\Dataset - Original\People\Elder bro\Elder bro_009.mp4
233,People,Elder bro,SSL400\Dataset - Original\People\Elder bro\Elder bro_010.mp4
233,People,Elder bro,SSL400\Dataset - Original\People\Elder bro\Elder bro_011.mp4
233,People,Elder bro,SSL400\Dataset - Original\People\Elder bro\Elder bro_012.mp4
233,People,Elder bro,SSL400\Dataset - Original\People\Elder bro\Elder bro_013.mp4
233,People,Elder bro,SSL400\Dataset - Original\People\Elder bro\Elder bro_014.mp4
233,People,Elder bro,SSL400\Dataset - Original\People\Elder bro\Elder bro_015.mp4
233,People,Elder bro,SSL400\Dataset - Original\People\Elder bro\Elder bro_016.mp4
233,People,Elder bro,SSL400\Dataset - Original\People\Elder bro\Elder bro_017.mp4
233,People,Elder bro,SSL400\Dataset - Original\People\Elder bro\Elder bro_018.mp4
233,People,Elder bro,SSL400\Dataset - Original\People\Elder bro\Elder bro_019.mp4
233,People,Elder bro,SSL400\Dataset - Original\People\Elder bro\Elder bro_020.mp4
233,People,Elder bro,SSL400\Dataset - Original\People\Elder bro\Elder bro_021.mov
233,People,Elder bro,SSL400\Dataset - Original\People\Elder bro\Elder bro_022.mov
233,People,Elder bro,SSL400\Dataset - Original\People\Elder bro\Elder bro_023.mov
233,People,Elder bro,SSL400\Dataset - Original\People\Elder bro\Elder bro_024.mov
233,People,Elder bro,SSL400\Dataset - Original\People\Elder bro\Elder bro_025.mov
234,People,Elder sister,SSL400\Dataset - Original\People\Elder sister\Elder sister_001.mp4
234,People,Elder sister,SSL400\Dataset - Original\People\Elder sister\Elder sister_002.mp4
234,People,Elder sister,SSL400\Dataset - Original\People\Elder sister\Elder sister_003.mp4
234,People,Elder sister,SSL400\Dataset - Original\People\Elder sister\Elder sister_004.mp4
234,People,Elder sister,SSL400\Dataset - Original\People\Elder sister\Elder sister_005.mp4
234,People,Elder sister,SSL400\Dataset - Original\People\Elder sister\Elder sister_006.mp4
234,People,Elder sister,SSL400\Dataset - Original\People\Elder sister\Elder sister_007.mp4
234,People,Elder sister,SSL400\Dataset - Original\People\Elder sister\Elder sister_008.mp4
234,People,Elder sister,SSL400\Dataset - Original\People\Elder sister\Elder sister_009.mp4
234,People,Elder sister,SSL400\Dataset - Original\People\Elder sister\Elder sister_010.mp4
234,People,Elder sister,SSL400\Dataset - Original\People\Elder sister\Elder sister_011.mp4
234,People,Elder sister,SSL400\Dataset - Original\People\Elder sister\Elder sister_012.mp4
234,People,Elder sister,SSL400\Dataset - Original\People\Elder sister\Elder sister_013.mp4
234,People,Elder sister,SSL400\Dataset - Original\People\Elder sister\Elder sister_014.mp4
234,People,Elder sister,SSL400\Dataset - Original\People\Elder sister\Elder sister_015.mp4
234,People,Elder sister,SSL400\Dataset - Original\People\Elder sister\Elder sister_016.mp4
234,People,Elder sister,SSL400\Dataset - Original\People\Elder sister\Elder sister_017.mp4
234,People,Elder sister,SSL400\Dataset - Original\People\Elder sister\Elder sister_018.mp4
234,People,Elder sister,SSL400\Dataset - Original\People\Elder sister\Elder sister_019.mp4
234,People,Elder sister,SSL400\Dataset - Original\People\Elder sister\Elder sister_020.mp4
234,People,Elder sister,SSL400\Dataset - Original\People\Elder sister\Elder sister_021.mov
234,People,Elder sister,SSL400\Dataset - Original\People\Elder sister\Elder sister_022.mov
234,People,Elder sister,SSL400\Dataset - Original\People\Elder sister\Elder sister_023.mov
234,People,Elder sister,SSL400\Dataset - Original\People\Elder sister\Elder sister_024.mov
234,People,Elder sister,SSL400\Dataset - Original\People\Elder sister\Elder sister_025.mov
234,People,Elder sister,SSL400\Dataset - Original\People\Elder sister\Elder sister_026.mov
235,People,Families,SSL400\Dataset - Original\People\Families\Families_001.mov
236,People,Family,SSL400\Dataset - Original\People\Family\Family_001.mov
236,People,Family,SSL400\Dataset - Original\People\Family\Family_002.mov
236,People,Family,SSL400\Dataset - Original\People\Family\Family_003.mov
236,People,Family,SSL400\Dataset - Original\People\Family\Family_004.mov
237,People,Father,SSL400\Dataset - Original\People\Father\Father_001.mov
237,People,Father,SSL400\Dataset - Original\People\Father\Father_002.mov
237,People,Father,SSL400\Dataset - Original\People\Father\Father_003.mov
237,People,Father,SSL400\Dataset - Original\People\Father\Father_004.mov
238,People,Grand father,SSL400\Dataset - Original\People\Grand father\Grand father_001.mp4
238,People,Grand father,SSL400\Dataset - Original\People\Grand father\Grand father_002.mp4
238,People,Grand father,SSL400\Dataset - Original\People\Grand father\Grand father_003.mp4
238,People,Grand father,SSL400\Dataset - Original\People\Grand father\Grand father_004.mp4
238,People,Grand father,SSL400\Dataset - Original\People\Grand father\Grand father_005.mp4
238,People,Grand father,SSL400\Dataset - Original\People\Grand father\Grand father_006.mp4
238,People,Grand father,SSL400\Dataset - Original\People\Grand father\Grand father_007.mp4
238,People,Grand father,SSL400\Dataset - Original\People\Grand father\Grand father_008.mp4
238,People,Grand father,SSL400\Dataset - Original\People\Grand father\Grand father_009.mp4
238,People,Grand father,SSL400\Dataset - Original\People\Grand father\Grand father_010.mp4
238,People,Grand father,SSL400\Dataset - Original\People\Grand father\Grand father_011.mp4
238,People,Grand father,SSL400\Dataset - Original\People\Grand father\Grand father_012.mp4
238,People,Grand father,SSL400\Dataset - Original\People\Grand father\Grand father_013.mp4
238,People,Grand father,SSL400\Dataset - Original\People\Grand father\Grand father_014.mp4
238,People,Grand father,SSL400\Dataset - Original\People\Grand father\Grand father_015.mp4
238,People,Grand father,SSL400\Dataset - Original\People\Grand father\Grand father_016.mp4
238,People,Grand father,SSL400\Dataset - Original\People\Grand father\Grand father_017.mp4
238,People,Grand father,SSL400\Dataset - Original\People\Grand father\Grand father_018.mp4
238,People,Grand father,SSL400\Dataset - Original\People\Grand father\Grand father_019.mp4
238,People,Grand father,SSL400\Dataset - Original\People\Grand father\Grand father_020.mov
238,People,Grand father,SSL400\Dataset - Original\People\Grand father\Grand father_021.mov
238,People,Grand father,SSL400\Dataset - Original\People\Grand father\Grand father_022.mov
238,People,Grand father,SSL400\Dataset - Original\People\Grand father\Grand father_023.mov
238,People,Grand father,SSL400\Dataset - Original\People\Grand father\Grand father_024.mov
238,People,Grand father,SSL400\Dataset - Original\People\Grand father\Grand father_025.mov
238,People,Grand father,SSL400\Dataset - Original\People\Grand father\Grand father_026.mov
239,People,Grand mother,SSL400\Dataset - Original\People\Grand mother\Grand mother_001.mov
239,People,Grand mother,SSL400\Dataset - Original\People\Grand mother\Grand mother_002.mov
239,People,Grand mother,SSL400\Dataset - Original\People\Grand mother\Grand mother_003.mov
239,People,Grand mother,SSL400\Dataset - Original\People\Grand mother\Grand mother_004.mov
240,People,Grand son,SSL400\Dataset - Original\People\Grand son\Grand son_001.mov
240,People,Grand son,SSL400\Dataset - Original\People\Grand son\Grand son_002.mov
240,People,Grand son,SSL400\Dataset - Original\People\Grand son\Grand son_003.mov
241,People,Husband,SSL400\Dataset - Original\People\Husband\Husband_001.mov
241,People,Husband,SSL400\Dataset - Original\People\Husband\Husband_002.mov
241,People,Husband,SSL400\Dataset - Original\People\Husband\Husband_003.mov
242,People,Lady,SSL400\Dataset - Original\People\Lady\Lady_001.mov
242,People,Lady,SSL400\Dataset - Original\People\Lady\Lady_002.mov
242,People,Lady,SSL400\Dataset - Original\People\Lady\Lady_003.mov
243,People,Man,SSL400\Dataset - Original\People\Man\Man_001.mp4
243,People,Man,SSL400\Dataset - Original\People\Man\Man_002.mp4
243,People,Man,SSL400\Dataset - Original\People\Man\Man_003.mp4
243,People,Man,SSL400\Dataset - Original\People\Man\Man_004.mp4
243,People,Man,SSL400\Dataset - Original\People\Man\Man_005.mp4
243,People,Man,SSL400\Dataset - Original\People\Man\Man_006.mp4
243,People,Man,SSL400\Dataset - Original\People\Man\Man_007.mp4
243,People,Man,SSL400\Dataset - Original\People\Man\Man_008.mp4
243,People,Man,SSL400\Dataset - Original\People\Man\Man_009.mp4
243,People,Man,SSL400\Dataset - Original\People\Man\Man_010.mp4
243,People,Man,SSL400\Dataset - Original\People\Man\Man_011.mp4
243,People,Man,SSL400\Dataset - Original\People\Man\Man_012.mp4
243,People,Man,SSL400\Dataset - Original\People\Man\Man_013.mp4
243,People,Man,SSL400\Dataset - Original\People\Man\Man_014.mp4
243,People,Man,SSL400\Dataset - Original\People\Man\Man_015.mp4
243,People,Man,SSL400\Dataset - Original\People\Man\Man_016.mp4
243,People,Man,SSL400\Dataset - Original\People\Man\Man_017.mp4
243,People,Man,SSL400\Dataset - Original\People\Man\Man_018.mp4
243,People,Man,SSL400\Dataset - Original\People\Man\Man_019.mp4
243,People,Man,SSL400\Dataset - Original\People\Man\Man_020.mp4
243,People,Man,SSL400\Dataset - Original\People\Man\Man_021.mov
243,People,Man,SSL400\Dataset - Original\People\Man\Man_022.mov
243,People,Man,SSL400\Dataset - Original\People\Man\Man_023.mov
243,People,Man,SSL400\Dataset - Original\People\Man\Man_024.mov
243,People,Man,SSL400\Dataset - Original\People\Man\Man_025.mov
243,People,Man,SSL400\Dataset - Original\People\Man\Man_026.MOV
243,People,Man,SSL400\Dataset - Original\People\Man\Man_027.MOV
243,People,Man,SSL400\Dataset - Original\People\Man\Man_028.MOV
243,People,Man,SSL400\Dataset - Original\People\Man\Man_029.MOV
243,People,Man,SSL400\Dataset - Original\People\Man\Man_030.MOV
243,People,Man,SSL400\Dataset - Original\People\Man\Man_031.MOV
243,People,Man,SSL400\Dataset - Original\People\Man\Man_032.MOV
243,People,Man,SSL400\Dataset - Original\People\Man\Man_033.MOV
243,People,Man,SSL400\Dataset - Original\People\Man\Man_034.MOV
243,People,Man,SSL400\Dataset - Original\People\Man\Man_035.MOV
243,People,Man,SSL400\Dataset - Original\People\Man\Man_036.MOV
243,People,Man,SSL400\Dataset - Original\People\Man\Man_037.MOV
243,People,Man,SSL400\Dataset - Original\People\Man\Man_038.MOV
243,People,Man,SSL400\Dataset - Original\People\Man\Man_039.MOV
243,People,Man,SSL400\Dataset - Original\People\Man\Man_040.MOV
243,People,Man,SSL400\Dataset - Original\People\Man\Man_041.MOV
243,People,Man,SSL400\Dataset - Original\People\Man\Man_042.MOV
243,People,Man,SSL400\Dataset - Original\People\Man\Man_043.MOV
243,People,Man,SSL400\Dataset - Original\People\Man\Man_044.MOV
243,People,Man,SSL400\Dataset - Original\People\Man\Man_045.MP4
243,People,Man,SSL400\Dataset - Original\People\Man\Man_046.MOV
243,People,Man,SSL400\Dataset - Original\People\Man\Man_047.MOV
243,People,Man,SSL400\Dataset - Original\People\Man\Man_048.MOV
243,People,Man,SSL400\Dataset - Original\People\Man\Man_049.MOV
243,People,Man,SSL400\Dataset - Original\People\Man\Man_050.MOV
243,People,Man,SSL400\Dataset - Original\People\Man\Man_051.MOV
243,People,Man,SSL400\Dataset - Original\People\Man\Man_052.MOV
243,People,Man,SSL400\Dataset - Original\People\Man\Man_053.MOV
244,People,Mother,SSL400\Dataset - Original\People\Mother\Mother_001.mp4
244,People,Mother,SSL400\Dataset - Original\People\Mother\Mother_002.mp4
244,People,Mother,SSL400\Dataset - Original\People\Mother\Mother_003.mp4
244,People,Mother,SSL400\Dataset - Original\People\Mother\Mother_004.mp4
244,People,Mother,SSL400\Dataset - Original\People\Mother\Mother_005.mp4
244,People,Mother,SSL400\Dataset - Original\People\Mother\Mother_006.mp4
244,People,Mother,SSL400\Dataset - Original\People\Mother\Mother_007.mp4
244,People,Mother,SSL400\Dataset - Original\People\Mother\Mother_008.mp4
244,People,Mother,SSL400\Dataset - Original\People\Mother\Mother_009.mp4
244,People,Mother,SSL400\Dataset - Original\People\Mother\Mother_010.mp4
244,People,Mother,SSL400\Dataset - Original\People\Mother\Mother_011.mp4
244,People,Mother,SSL400\Dataset - Original\People\Mother\Mother_012.mp4
244,People,Mother,SSL400\Dataset - Original\People\Mother\Mother_013.mp4
244,People,Mother,SSL400\Dataset - Original\People\Mother\Mother_014.mp4
244,People,Mother,SSL400\Dataset - Original\People\Mother\Mother_015.mp4
244,People,Mother,SSL400\Dataset - Original\People\Mother\Mother_016.mp4
244,People,Mother,SSL400\Dataset - Original\People\Mother\Mother_017.mp4
244,People,Mother,SSL400\Dataset - Original\People\Mother\Mother_018.mp4
244,People,Mother,SSL400\Dataset - Original\People\Mother\Mother_019.mp4
244,People,Mother,SSL400\Dataset - Original\People\Mother\Mother_020.mp4
244,People,Mother,SSL400\Dataset - Original\People\Mother\Mother_021.mov
244,People,Mother,SSL400\Dataset - Original\People\Mother\Mother_022.mov
244,People,Mother,SSL400\Dataset - Original\People\Mother\Mother_023.mov
244,People,Mother,SSL400\Dataset - Original\People\Mother\Mother_024.mov
244,People,Mother,SSL400\Dataset - Original\People\Mother\Mother_025.mov
244,People,Mother,SSL400\Dataset - Original\People\Mother\Mother_026.mov
244,People,Mother,SSL400\Dataset - Original\People\Mother\Mother_027.mov
244,People,Mother,SSL400\Dataset - Original\People\Mother\Mother_028.mov
245,People,Player,SSL400\Dataset - Original\People\Player\Player_001.MOV
245,People,Player,SSL400\Dataset - Original\People\Player\Player_002.MOV
245,People,Player,SSL400\Dataset - Original\People\Player\Player_003.MOV
245,People,Player,SSL400\Dataset - Original\People\Player\Player_004.MOV
245,People,Player,SSL400\Dataset - Original\People\Player\Player_005.MOV
245,People,Player,SSL400\Dataset - Original\People\Player\Player_006.MOV
245,People,Player,SSL400\Dataset - Original\People\Player\Player_007.MOV
245,People,Player,SSL400\Dataset - Original\People\Player\Player_008.MOV
245,People,Player,SSL400\Dataset - Original\People\Player\Player_009.MOV
245,People,Player,SSL400\Dataset - Original\People\Player\Player_010.MOV
245,People,Player,SSL400\Dataset - Original\People\Player\Player_011.MOV
245,People,Player,SSL400\Dataset - Original\People\Player\Player_012.MOV
245,People,Player,SSL400\Dataset - Original\People\Player\Player_013.MOV
245,People,Player,SSL400\Dataset - Original\People\Player\Player_014.MOV
245,People,Player,SSL400\Dataset - Original\People\Player\Player_015.MOV
245,People,Player,SSL400\Dataset - Original\People\Player\Player_016.MOV
245,People,Player,SSL400\Dataset - Original\People\Player\Player_017.MOV
245,People,Player,SSL400\Dataset - Original\People\Player\Player_018.MOV
245,People,Player,SSL400\Dataset - Original\People\Player\Player_019.MOV
245,People,Player,SSL400\Dataset - Original\People\Player\Player_020.MP4
246,People,Police,SSL400\Dataset - Original\People\Police\Police_001.mov
247,People,Relations,SSL400\Dataset - Original\People\Relations\Relations_001.mov
248,People,She,SSL400\Dataset - Original\People\She\She_001.mov
248,People,She,SSL400\Dataset - Original\People\She\She_002.mov
249,People,Sister,SSL400\Dataset - Original\People\Sister\Sister_001.mov
249,People,Sister,SSL400\Dataset - Original\People\Sister\Sister_002.mov
249,People,Sister,SSL400\Dataset - Original\People\Sister\Sister_003.mov
250,People,Sister in law,SSL400\Dataset - Original\People\Sister in law\Sister in law_001.mov
250,People,Sister in law,SSL400\Dataset - Original\People\Sister in law\Sister in law_002.mov
251,People,Son,SSL400\Dataset - Original\People\Son\Son_001.MOV
251,People,Son,SSL400\Dataset - Original\People\Son\Son_002.MOV
251,People,Son,SSL400\Dataset - Original\People\Son\Son_003.MOV
251,People,Son,SSL400\Dataset - Original\People\Son\Son_004.MOV
251,People,Son,SSL400\Dataset - Original\People\Son\Son_005.MOV
251,People,Son,SSL400\Dataset - Original\People\Son\Son_006.MOV
251,People,Son,SSL400\Dataset - Original\People\Son\Son_007.MOV
251,People,Son,SSL400\Dataset - Original\People\Son\Son_008.MOV
251,People,Son,SSL400\Dataset - Original\People\Son\Son_009.MOV
251,People,Son,SSL400\Dataset - Original\People\Son\Son_010.MOV
251,People,Son,SSL400\Dataset - Original\People\Son\Son_011.MOV
251,People,Son,SSL400\Dataset - Original\People\Son\Son_012.MOV
251,People,Son,SSL400\Dataset - Original\People\Son\Son_013.MOV
251,People,Son,SSL400\Dataset - Original\People\Son\Son_014.MOV
251,People,Son,SSL400\Dataset - Original\People\Son\Son_015.MOV
251,People,Son,SSL400\Dataset - Original\People\Son\Son_016.MOV
251,People,Son,SSL400\Dataset - Original\People\Son\Son_017.MOV
251,People,Son,SSL400\Dataset - Original\People\Son\Son_018.MOV
251,People,Son,SSL400\Dataset - Original\People\Son\Son_019.MOV
251,People,Son,SSL400\Dataset - Original\People\Son\Son_020.MOV
251,People,Son,SSL400\Dataset - Original\People\Son\Son_021.MP4
251,People,Son,SSL400\Dataset - Original\People\Son\Son_022.mov
251,People,Son,SSL400\Dataset - Original\People\Son\Son_023.mov
251,People,Son,SSL400\Dataset - Original\People\Son\Son_024.mov
251,People,Son,SSL400\Dataset - Original\People\Son\Son_025.mov
251,People,Son,SSL400\Dataset - Original\People\Son\Son_026.mov
252,People,Thief,SSL400\Dataset - Original\People\Thief\Thief_001.mov
253,People,Uncle,SSL400\Dataset - Original\People\Uncle\Uncle_001.mov
253,People,Uncle,SSL400\Dataset - Original\People\Uncle\Uncle_002.mov
253,People,Uncle,SSL400\Dataset - Original\People\Uncle\Uncle_003.mov
253,People,Uncle,SSL400\Dataset - Original\People\Uncle\Uncle_004.mov
253,People,Uncle,SSL400\Dataset - Original\People\Uncle\Uncle_005.mov
253,People,Uncle,SSL400\Dataset - Original\People\Uncle\Uncle_006.mov
254,People,Us,SSL400\Dataset - Original\People\Us\Us_001.mp4
254,People,Us,SSL400\Dataset - Original\People\Us\Us_002.mp4
254,People,Us,SSL400\Dataset - Original\People\Us\Us_003.mp4
254,People,Us,SSL400\Dataset - Original\People\Us\Us_004.mp4
254,People,Us,SSL400\Dataset - Original\People\Us\Us_005.mp4
254,People,Us,SSL400\Dataset - Original\People\Us\Us_006.mp4
254,People,Us,SSL400\Dataset - Original\People\Us\Us_007.mp4
254,People,Us,SSL400\Dataset - Original\People\Us\Us_008.mp4
254,People,Us,SSL400\Dataset - Original\People\Us\Us_009.mp4
254,People,Us,SSL400\Dataset - Original\People\Us\Us_010.mp4
254,People,Us,SSL400\Dataset - Original\People\Us\Us_011.mp4
254,People,Us,SSL400\Dataset - Original\People\Us\Us_012.mp4
254,People,Us,SSL400\Dataset - Original\People\Us\Us_013.mp4
254,People,Us,SSL400\Dataset - Original\People\Us\Us_014.mp4
254,People,Us,SSL400\Dataset - Original\People\Us\Us_015.mp4
254,People,Us,SSL400\Dataset - Original\People\Us\Us_016.mp4
254,People,Us,SSL400\Dataset - Original\People\Us\Us_017.mp4
254,People,Us,SSL400\Dataset - Original\People\Us\Us_018.mp4
254,People,Us,SSL400\Dataset - Original\People\Us\Us_019.mp4
254,People,Us,SSL400\Dataset - Original\People\Us\Us_020.mp4
254,People,Us,SSL400\Dataset - Original\People\Us\Us_021.mov
254,People,Us,SSL400\Dataset - Original\People\Us\Us_022.mov
254,People,Us,SSL400\Dataset - Original\People\Us\Us_023.mov
254,People,Us,SSL400\Dataset - Original\People\Us\Us_024.mov
255,People,Wife,SSL400\Dataset - Original\People\Wife\Wife_001.mov
255,People,Wife,SSL400\Dataset - Original\People\Wife\Wife_002.mov
255,People,Wife,SSL400\Dataset - Original\People\Wife\Wife_003.mov
256,People,Younger bro,SSL400\Dataset - Original\People\Younger bro\Younger bro_001.mp4
256,People,Younger bro,SSL400\Dataset - Original\People\Younger bro\Younger bro_002.mp4
256,People,Younger bro,SSL400\Dataset - Original\People\Younger bro\Younger bro_003.mp4
256,People,Younger bro,SSL400\Dataset - Original\People\Younger bro\Younger bro_004.mp4
256,People,Younger bro,SSL400\Dataset - Original\People\Younger bro\Younger bro_005.mp4
256,People,Younger bro,SSL400\Dataset - Original\People\Younger bro\Younger bro_006.mp4
256,People,Younger bro,SSL400\Dataset - Original\People\Younger bro\Younger bro_007.mp4
256,People,Younger bro,SSL400\Dataset - Original\People\Younger bro\Younger bro_008.mp4
256,People,Younger bro,SSL400\Dataset - Original\People\Younger bro\Younger bro_009.mp4
256,People,Younger bro,SSL400\Dataset - Original\People\Younger bro\Younger bro_010.mp4
256,People,Younger bro,SSL400\Dataset - Original\People\Younger bro\Younger bro_011.mp4
256,People,Younger bro,SSL400\Dataset - Original\People\Younger bro\Younger bro_012.mp4
256,People,Younger bro,SSL400\Dataset - Original\People\Younger bro\Younger bro_013.mp4
256,People,Younger bro,SSL400\Dataset - Original\People\Younger bro\Younger bro_014.mp4
256,People,Younger bro,SSL400\Dataset - Original\People\Younger bro\Younger bro_015.mp4
256,People,Younger bro,SSL400\Dataset - Original\People\Younger bro\Younger bro_016.mp4
256,People,Younger bro,SSL400\Dataset - Original\People\Younger bro\Younger bro_017.mp4
256,People,Younger bro,SSL400\Dataset - Original\People\Younger bro\Younger bro_018.mp4
256,People,Younger bro,SSL400\Dataset - Original\People\Younger bro\Younger bro_019.mp4
256,People,Younger bro,SSL400\Dataset - Original\People\Younger bro\Younger bro_020.mp4
256,People,Younger bro,SSL400\Dataset - Original\People\Younger bro\Younger bro_021.mov
256,People,Younger bro,SSL400\Dataset - Original\People\Younger bro\Younger bro_022.mov
256,People,Younger bro,SSL400\Dataset - Original\People\Younger bro\Younger bro_023.mov
257,People,Younger sister,SSL400\Dataset - Original\People\Younger sister\Younger sister_001.mov
257,People,Younger sister,SSL400\Dataset - Original\People\Younger sister\Younger sister_002.mov
257,People,Younger sister,SSL400\Dataset - Original\People\Younger sister\Younger sister_003.mov
257,People,Younger sister,SSL400\Dataset - Original\People\Younger sister\Younger sister_004.mov
257,People,Younger sister,SSL400\Dataset - Original\People\Younger sister\Younger sister_005.mov
257,People,Younger sister,SSL400\Dataset - Original\People\Younger sister\Younger sister_006.mov
257,People,Younger sister,SSL400\Dataset - Original\People\Younger sister\Younger sister_007.mov
257,People,Younger sister,SSL400\Dataset - Original\People\Younger sister\Younger sister_008.mov
258,Places,Airport,SSL400\Dataset - Original\Places\Airport\Airport_001.mov
258,Places,Airport,SSL400\Dataset - Original\Places\Airport\Airport_002.mov
259,Places,Bank,SSL400\Dataset - Original\Places\Bank\Bank_001.mov
259,Places,Bank,SSL400\Dataset - Original\Places\Bank\Bank_002.mov
260,Places,Bus station,SSL400\Dataset - Original\Places\Bus station\Bus station_001.mov
260,Places,Bus station,SSL400\Dataset - Original\Places\Bus station\Bus station_002.mov
261,Places,Church,SSL400\Dataset - Original\Places\Church\Church_001.mov
261,Places,Church,SSL400\Dataset - Original\Places\Church\Church_002.mov
262,Places,Hospital,SSL400\Dataset - Original\Places\Hospital\Hospital_001.mov
262,Places,Hospital,SSL400\Dataset - Original\Places\Hospital\Hospital_002.mov
263,Places,House,SSL400\Dataset - Original\Places\House\House_001.mp4
263,Places,House,SSL400\Dataset - Original\Places\House\House_002.mp4
263,Places,House,SSL400\Dataset - Original\Places\House\House_003.mp4
263,Places,House,SSL400\Dataset - Original\Places\House\House_004.mp4
263,Places,House,SSL400\Dataset - Original\Places\House\House_005.mp4
263,Places,House,SSL400\Dataset - Original\Places\House\House_006.mp4
263,Places,House,SSL400\Dataset - Original\Places\House\House_007.mp4
263,Places,House,SSL400\Dataset - Original\Places\House\House_008.mp4
263,Places,House,SSL400\Dataset - Original\Places\House\House_009.mp4
263,Places,House,SSL400\Dataset - Original\Places\House\House_010.mp4
263,Places,House,SSL400\Dataset - Original\Places\House\House_011.mov
263,Places,House,SSL400\Dataset - Original\Places\House\House_012.mp4
263,Places,House,SSL400\Dataset - Original\Places\House\House_013.mp4
263,Places,House,SSL400\Dataset - Original\Places\House\House_014.mp4
263,Places,House,SSL400\Dataset - Original\Places\House\House_015.mp4
263,Places,House,SSL400\Dataset - Original\Places\House\House_016.mp4
263,Places,House,SSL400\Dataset - Original\Places\House\House_017.mp4
263,Places,House,SSL400\Dataset - Original\Places\House\House_018.mp4
263,Places,House,SSL400\Dataset - Original\Places\House\House_019.mp4
263,Places,House,SSL400\Dataset - Original\Places\House\House_020.mp4
263,Places,House,SSL400\Dataset - Original\Places\House\House_021.mp4
263,Places,House,SSL400\Dataset - Original\Places\House\House_022.mp4
263,Places,House,SSL400\Dataset - Original\Places\House\House_023.mp4
263,Places,House,SSL400\Dataset - Original\Places\House\House_024.mp4
263,Places,House,SSL400\Dataset - Original\Places\House\House_025.mp4
263,Places,House,SSL400\Dataset - Original\Places\House\House_026.mp4
263,Places,House,SSL400\Dataset - Original\Places\House\House_027.mp4
263,Places,House,SSL400\Dataset - Original\Places\House\House_028.mp4
263,Places,House,SSL400\Dataset - Original\Places\House\House_029.mp4
263,Places,House,SSL400\Dataset - Original\Places\House\House_030.mp4
263,Places,House,SSL400\Dataset - Original\Places\House\House_031.mp4
263,Places,House,SSL400\Dataset - Original\Places\House\House_032.mp4
263,Places,House,SSL400\Dataset - Original\Places\House\House_033.mp4
263,Places,House,SSL400\Dataset - Original\Places\House\House_034.mp4
263,Places,House,SSL400\Dataset - Original\Places\House\House_035.mp4
263,Places,House,SSL400\Dataset - Original\Places\House\House_036.mp4
263,Places,House,SSL400\Dataset - Original\Places\House\House_037.mp4
263,Places,House,SSL400\Dataset - Original\Places\House\House_038.mp4
263,Places,House,SSL400\Dataset - Original\Places\House\House_039.mp4
263,Places,House,SSL400\Dataset - Original\Places\House\House_040.mp4
263,Places,House,SSL400\Dataset - Original\Places\House\House_041.mp4
263,Places,House,SSL400\Dataset - Original\Places\House\House_042.mp4
263,Places,House,SSL400\Dataset - Original\Places\House\House_043.mp4
263,Places,House,SSL400\Dataset - Original\Places\House\House_044.mp4
263,Places,House,SSL400\Dataset - Original\Places\House\House_045.mp4
263,Places,House,SSL400\Dataset - Original\Places\House\House_046.mp4
263,Places,House,SSL400\Dataset - Original\Places\House\House_047.mp4
263,Places,House,SSL400\Dataset - Original\Places\House\House_048.mp4
263,Places,House,SSL400\Dataset - Original\Places\House\House_049.mp4
263,Places,House,SSL400\Dataset - Original\Places\House\House_050.mp4
263,Places,House,SSL400\Dataset - Original\Places\House\House_051.mp4
263,Places,House,SSL400\Dataset - Original\Places\House\House_052.mp4
263,Places,House,SSL400\Dataset - Original\Places\House\House_053.mp4
263,Places,House,SSL400\Dataset - Original\Places\House\House_054.mp4
263,Places,House,SSL400\Dataset - Original\Places\House\House_055.mp4
263,Places,House,SSL400\Dataset - Original\Places\House\House_056.mp4
263,Places,House,SSL400\Dataset - Original\Places\House\House_057.mp4
263,Places,House,SSL400\Dataset - Original\Places\House\House_058.mp4
263,Places,House,SSL400\Dataset - Original\Places\House\House_059.mp4
263,Places,House,SSL400\Dataset - Original\Places\House\House_060.mp4
263,Places,House,SSL400\Dataset - Original\Places\House\House_061.mp4
264,Places,Location,SSL400\Dataset - Original\Places\Location\Location_001.MOV
264,Places,Location,SSL400\Dataset - Original\Places\Location\Location_002.MOV
264,Places,Location,SSL400\Dataset - Original\Places\Location\Location_003.MOV
264,Places,Location,SSL400\Dataset - Original\Places\Location\Location_004.MOV
264,Places,Location,SSL400\Dataset - Original\Places\Location\Location_005.MOV
264,Places,Location,SSL400\Dataset - Original\Places\Location\Location_006.MOV
264,Places,Location,SSL400\Dataset - Original\Places\Location\Location_007.MOV
264,Places,Location,SSL400\Dataset - Original\Places\Location\Location_008.MOV
264,Places,Location,SSL400\Dataset - Original\Places\Location\Location_009.MOV
264,Places,Location,SSL400\Dataset - Original\Places\Location\Location_010.MOV
264,Places,Location,SSL400\Dataset - Original\Places\Location\Location_011.MOV
264,Places,Location,SSL400\Dataset - Original\Places\Location\Location_012.MOV
264,Places,Location,SSL400\Dataset - Original\Places\Location\Location_013.MOV
264,Places,Location,SSL400\Dataset - Original\Places\Location\Location_014.MOV
264,Places,Location,SSL400\Dataset - Original\Places\Location\Location_015.MOV
264,Places,Location,SSL400\Dataset - Original\Places\Location\Location_016.MOV
264,Places,Location,SSL400\Dataset - Original\Places\Location\Location_017.MOV
264,Places,Location,SSL400\Dataset - Original\Places\Location\Location_018.MOV
264,Places,Location,SSL400\Dataset - Original\Places\Location\Location_019.MOV
264,Places,Location,SSL400\Dataset - Original\Places\Location\Location_020.MOV
264,Places,Location,SSL400\Dataset - Original\Places\Location\Location_021.MOV
264,Places,Location,SSL400\Dataset - Original\Places\Location\Location_022.MOV
265,Places,Next door,SSL400\Dataset - Original\Places\Next door\Next door_001.mov
266,Places,Police station,SSL400\Dataset - Original\Places\Police station\Police station_001.mov
266,Places,Police station,SSL400\Dataset - Original\Places\Police station\Police station_002.mov
266,Places,Police station,SSL400\Dataset - Original\Places\Police station\Police station_003.mov
266,Places,Police station,SSL400\Dataset - Original\Places\Police station\Police station_004.mov
267,Places,Road,SSL400\Dataset - Original\Places\Road\Road_001.MOV
267,Places,Road,SSL400\Dataset - Original\Places\Road\Road_002.MOV
267,Places,Road,SSL400\Dataset - Original\Places\Road\Road_003.MOV
267,Places,Road,SSL400\Dataset - Original\Places\Road\Road_004.MOV
267,Places,Road,SSL400\Dataset - Original\Places\Road\Road_005.MOV
267,Places,Road,SSL400\Dataset - Original\Places\Road\Road_006.MOV
267,Places,Road,SSL400\Dataset - Original\Places\Road\Road_007.MOV
267,Places,Road,SSL400\Dataset - Original\Places\Road\Road_008.MOV
267,Places,Road,SSL400\Dataset - Original\Places\Road\Road_009.MOV
267,Places,Road,SSL400\Dataset - Original\Places\Road\Road_010.MOV
267,Places,Road,SSL400\Dataset - Original\Places\Road\Road_011.MOV
267,Places,Road,SSL400\Dataset - Original\Places\Road\Road_012.MOV
267,Places,Road,SSL400\Dataset - Original\Places\Road\Road_013.MOV
267,Places,Road,SSL400\Dataset - Original\Places\Road\Road_014.MOV
267,Places,Road,SSL400\Dataset - Original\Places\Road\Road_015.MOV
267,Places,Road,SSL400\Dataset - Original\Places\Road\Road_016.MOV
267,Places,Road,SSL400\Dataset - Original\Places\Road\Road_017.MOV
267,Places,Road,SSL400\Dataset - Original\Places\Road\Road_018.MOV
267,Places,Road,SSL400\Dataset - Original\Places\Road\Road_019.MOV
267,Places,Road,SSL400\Dataset - Original\Places\Road\Road_020.MOV
268,Places,Shop,SSL400\Dataset - Original\Places\Shop\Shop_001.MOV
268,Places,Shop,SSL400\Dataset - Original\Places\Shop\Shop_002.MOV
268,Places,Shop,SSL400\Dataset - Original\Places\Shop\Shop_003.MOV
268,Places,Shop,SSL400\Dataset - Original\Places\Shop\Shop_004.MOV
268,Places,Shop,SSL400\Dataset - Original\Places\Shop\Shop_005.MOV
268,Places,Shop,SSL400\Dataset - Original\Places\Shop\Shop_006.MOV
268,Places,Shop,SSL400\Dataset - Original\Places\Shop\Shop_007.MOV
268,Places,Shop,SSL400\Dataset - Original\Places\Shop\Shop_008.MOV
268,Places,Shop,SSL400\Dataset - Original\Places\Shop\Shop_009.MOV
268,Places,Shop,SSL400\Dataset - Original\Places\Shop\Shop_010.MOV
268,Places,Shop,SSL400\Dataset - Original\Places\Shop\Shop_011.MOV
268,Places,Shop,SSL400\Dataset - Original\Places\Shop\Shop_012.MOV
268,Places,Shop,SSL400\Dataset - Original\Places\Shop\Shop_013.MOV
268,Places,Shop,SSL400\Dataset - Original\Places\Shop\Shop_014.MOV
268,Places,Shop,SSL400\Dataset - Original\Places\Shop\Shop_015.MOV
268,Places,Shop,SSL400\Dataset - Original\Places\Shop\Shop_016.MOV
268,Places,Shop,SSL400\Dataset - Original\Places\Shop\Shop_017.MOV
268,Places,Shop,SSL400\Dataset - Original\Places\Shop\Shop_018.MOV
268,Places,Shop,SSL400\Dataset - Original\Places\Shop\Shop_019.MOV
268,Places,Shop,SSL400\Dataset - Original\Places\Shop\Shop_020.MOV
268,Places,Shop,SSL400\Dataset - Original\Places\Shop\Shop_021.MOV
268,Places,Shop,SSL400\Dataset - Original\Places\Shop\Shop_022.MOV
269,Places,Temple,SSL400\Dataset - Original\Places\Temple\Temple_001.mov
269,Places,Temple,SSL400\Dataset - Original\Places\Temple\Temple_002.mov
270,Places,Train station,SSL400\Dataset - Original\Places\Train station\Train station_001.mov
270,Places,Train station,SSL400\Dataset - Original\Places\Train station\Train station_002.mov
271,Preposition,After,SSL400\Dataset - Original\Preposition\After\After_001.mp4
271,Preposition,After,SSL400\Dataset - Original\Preposition\After\After_002.mp4
271,Preposition,After,SSL400\Dataset - Original\Preposition\After\After_003.mp4
271,Preposition,After,SSL400\Dataset - Original\Preposition\After\After_004.mp4
271,Preposition,After,SSL400\Dataset - Original\Preposition\After\After_005.mp4
271,Preposition,After,SSL400\Dataset - Original\Preposition\After\After_006.mp4
271,Preposition,After,SSL400\Dataset - Original\Preposition\After\After_007.mp4
272,Preposition,Around,SSL400\Dataset - Original\Preposition\Around\Around_001.mp4
272,Preposition,Around,SSL400\Dataset - Original\Preposition\Around\Around_002.mp4
272,Preposition,Around,SSL400\Dataset - Original\Preposition\Around\Around_003.mp4
272,Preposition,Around,SSL400\Dataset - Original\Preposition\Around\Around_004.mp4
272,Preposition,Around,SSL400\Dataset - Original\Preposition\Around\Around_005.mp4
273,Preposition,In,SSL400\Dataset - Original\Preposition\In\In_001.mp4
273,Preposition,In,SSL400\Dataset - Original\Preposition\In\In_002.mp4
273,Preposition,In,SSL400\Dataset - Original\Preposition\In\In_003.mp4
273,Preposition,In,SSL400\Dataset - Original\Preposition\In\In_004.mp4
273,Preposition,In,SSL400\Dataset - Original\Preposition\In\In_005.mp4
273,Preposition,In,SSL400\Dataset - Original\Preposition\In\In_006.mp4
273,Preposition,In,SSL400\Dataset - Original\Preposition\In\In_007.mp4
273,Preposition,In,SSL400\Dataset - Original\Preposition\In\In_008.mp4
274,Preposition,Inside,SSL400\Dataset - Original\Preposition\Inside\Inside_001.mp4
274,Preposition,Inside,SSL400\Dataset - Original\Preposition\Inside\Inside_002.mp4
274,Preposition,Inside,SSL400\Dataset - Original\Preposition\Inside\Inside_003.mp4
274,Preposition,Inside,SSL400\Dataset - Original\Preposition\Inside\Inside_004.mp4
274,Preposition,Inside,SSL400\Dataset - Original\Preposition\Inside\Inside_005.mp4
274,Preposition,Inside,SSL400\Dataset - Original\Preposition\Inside\Inside_006.mp4
274,Preposition,Inside,SSL400\Dataset - Original\Preposition\Inside\Inside_007.mp4
275,Preposition,Near,SSL400\Dataset - Original\Preposition\Near\Near_001.mp4
275,Preposition,Near,SSL400\Dataset - Original\Preposition\Near\Near_002.mp4
275,Preposition,Near,SSL400\Dataset - Original\Preposition\Near\Near_003.mp4
275,Preposition,Near,SSL400\Dataset - Original\Preposition\Near\Near_004.mp4
275,Preposition,Near,SSL400\Dataset - Original\Preposition\Near\Near_005.mp4
275,Preposition,Near,SSL400\Dataset - Original\Preposition\Near\Near_006.mp4
275,Preposition,Near,SSL400\Dataset - Original\Preposition\Near\Near_007.mp4
275,Preposition,Near,SSL400\Dataset - Original\Preposition\Near\Near_008.mp4
275,Preposition,Near,SSL400\Dataset - Original\Preposition\Near\Near_009.mp4
276,Preposition,On,SSL400\Dataset - Original\Preposition\On\On_001.mp4
276,Preposition,On,SSL400\Dataset - Original\Preposition\On\On_002.mp4
276,Preposition,On,SSL400\Dataset - Original\Preposition\On\On_003.mp4
276,Preposition,On,SSL400\Dataset - Original\Preposition\On\On_004.mp4
276,Preposition,On,SSL400\Dataset - Original\Preposition\On\On_005.mp4
276,Preposition,On,SSL400\Dataset - Original\Preposition\On\On_006.mp4
277,Preposition,Out,SSL400\Dataset - Original\Preposition\Out\Out_001.mp4
277,Preposition,Out,SSL400\Dataset - Original\Preposition\Out\Out_002.mp4
277,Preposition,Out,SSL400\Dataset - Original\Preposition\Out\Out_003.mp4
277,Preposition,Out,SSL400\Dataset - Original\Preposition\Out\Out_004.mp4
277,Preposition,Out,SSL400\Dataset - Original\Preposition\Out\Out_005.mp4
278,Preposition,Over,SSL400\Dataset - Original\Preposition\Over\Over_001.mp4
278,Preposition,Over,SSL400\Dataset - Original\Preposition\Over\Over_002.mp4
278,Preposition,Over,SSL400\Dataset - Original\Preposition\Over\Over_003.mp4
278,Preposition,Over,SSL400\Dataset - Original\Preposition\Over\Over_004.mp4
278,Preposition,Over,SSL400\Dataset - Original\Preposition\Over\Over_005.mp4
278,Preposition,Over,SSL400\Dataset - Original\Preposition\Over\Over_006.mp4
279,Preposition,Than,SSL400\Dataset - Original\Preposition\Than\Than_001.mp4
279,Preposition,Than,SSL400\Dataset - Original\Preposition\Than\Than_002.mp4
279,Preposition,Than,SSL400\Dataset - Original\Preposition\Than\Than_003.mp4
279,Preposition,Than,SSL400\Dataset - Original\Preposition\Than\Than_004.mp4
280,Preposition,To,SSL400\Dataset - Original\Preposition\To\To_001.mp4
280,Preposition,To,SSL400\Dataset - Original\Preposition\To\To_002.mp4
280,Preposition,To,SSL400\Dataset - Original\Preposition\To\To_003.mp4
280,Preposition,To,SSL400\Dataset - Original\Preposition\To\To_004.mp4
280,Preposition,To,SSL400\Dataset - Original\Preposition\To\To_005.mp4
280,Preposition,To,SSL400\Dataset - Original\Preposition\To\To_006.mp4
280,Preposition,To,SSL400\Dataset - Original\Preposition\To\To_007.mp4
280,Preposition,To,SSL400\Dataset - Original\Preposition\To\To_008.mp4
281,Preposition,Until,SSL400\Dataset - Original\Preposition\Until\Until_001.mp4
281,Preposition,Until,SSL400\Dataset - Original\Preposition\Until\Until_002.mp4
281,Preposition,Until,SSL400\Dataset - Original\Preposition\Until\Until_003.mp4
281,Preposition,Until,SSL400\Dataset - Original\Preposition\Until\Until_004.mp4
281,Preposition,Until,SSL400\Dataset - Original\Preposition\Until\Until_005.mp4
281,Preposition,Until,SSL400\Dataset - Original\Preposition\Until\Until_006.mp4
281,Preposition,Until,SSL400\Dataset - Original\Preposition\Until\Until_007.mp4
281,Preposition,Until,SSL400\Dataset - Original\Preposition\Until\Until_008.mp4
282,Preposition,Up,SSL400\Dataset - Original\Preposition\Up\Up_001.mp4
282,Preposition,Up,SSL400\Dataset - Original\Preposition\Up\Up_002.mp4
282,Preposition,Up,SSL400\Dataset - Original\Preposition\Up\Up_003.mp4
282,Preposition,Up,SSL400\Dataset - Original\Preposition\Up\Up_004.mp4
282,Preposition,Up,SSL400\Dataset - Original\Preposition\Up\Up_005.mp4
282,Preposition,Up,SSL400\Dataset - Original\Preposition\Up\Up_006.mp4
282,Preposition,Up,SSL400\Dataset - Original\Preposition\Up\Up_007.mp4
282,Preposition,Up,SSL400\Dataset - Original\Preposition\Up\Up_008.mp4
283,Vehicles,Bicycle,SSL400\Dataset - Original\Vehicles\Bicycle\Bicycle_001.mov
283,Vehicles,Bicycle,SSL400\Dataset - Original\Vehicles\Bicycle\Bicycle_002.mov
283,Vehicles,Bicycle,SSL400\Dataset - Original\Vehicles\Bicycle\Bicycle_003.mov
284,Vehicles,Boat,SSL400\Dataset - Original\Vehicles\Boat\Boat_001.MOV
284,Vehicles,Boat,SSL400\Dataset - Original\Vehicles\Boat\Boat_002.MOV
284,Vehicles,Boat,SSL400\Dataset - Original\Vehicles\Boat\Boat_003.MOV
284,Vehicles,Boat,SSL400\Dataset - Original\Vehicles\Boat\Boat_004.MOV
284,Vehicles,Boat,SSL400\Dataset - Original\Vehicles\Boat\Boat_005.MOV
284,Vehicles,Boat,SSL400\Dataset - Original\Vehicles\Boat\Boat_006.MOV
284,Vehicles,Boat,SSL400\Dataset - Original\Vehicles\Boat\Boat_007.MOV
284,Vehicles,Boat,SSL400\Dataset - Original\Vehicles\Boat\Boat_008.MOV
284,Vehicles,Boat,SSL400\Dataset - Original\Vehicles\Boat\Boat_009.MOV
284,Vehicles,Boat,SSL400\Dataset - Original\Vehicles\Boat\Boat_010.MOV
284,Vehicles,Boat,SSL400\Dataset - Original\Vehicles\Boat\Boat_011.MOV
284,Vehicles,Boat,SSL400\Dataset - Original\Vehicles\Boat\Boat_012.MOV
284,Vehicles,Boat,SSL400\Dataset - Original\Vehicles\Boat\Boat_013.MOV
284,Vehicles,Boat,SSL400\Dataset - Original\Vehicles\Boat\Boat_014.MOV
284,Vehicles,Boat,SSL400\Dataset - Original\Vehicles\Boat\Boat_015.MOV
284,Vehicles,Boat,SSL400\Dataset - Original\Vehicles\Boat\Boat_016.MOV
284,Vehicles,Boat,SSL400\Dataset - Original\Vehicles\Boat\Boat_017.MOV
284,Vehicles,Boat,SSL400\Dataset - Original\Vehicles\Boat\Boat_018.MOV
284,Vehicles,Boat,SSL400\Dataset - Original\Vehicles\Boat\Boat_019.MOV
284,Vehicles,Boat,SSL400\Dataset - Original\Vehicles\Boat\Boat_020.MP4
284,Vehicles,Boat,SSL400\Dataset - Original\Vehicles\Boat\Boat_021.MP4
285,Vehicles,Bus,SSL400\Dataset - Original\Vehicles\Bus\Bus_001.mov
285,Vehicles,Bus,SSL400\Dataset - Original\Vehicles\Bus\Bus_002.mov
285,Vehicles,Bus,SSL400\Dataset - Original\Vehicles\Bus\Bus_003.mov
286,Vehicles,Car,SSL400\Dataset - Original\Vehicles\Car\Car_001.mov
286,Vehicles,Car,SSL400\Dataset - Original\Vehicles\Car\Car_002.mov
286,Vehicles,Car,SSL400\Dataset - Original\Vehicles\Car\Car_003.mov
287,Vehicles,Motorcycle,SSL400\Dataset - Original\Vehicles\Motorcycle\Motorcycle_001.mp4
287,Vehicles,Motorcycle,SSL400\Dataset - Original\Vehicles\Motorcycle\Motorcycle_002.mp4
287,Vehicles,Motorcycle,SSL400\Dataset - Original\Vehicles\Motorcycle\Motorcycle_003.mp4
287,Vehicles,Motorcycle,SSL400\Dataset - Original\Vehicles\Motorcycle\Motorcycle_004.mp4
287,Vehicles,Motorcycle,SSL400\Dataset - Original\Vehicles\Motorcycle\Motorcycle_005.mp4
287,Vehicles,Motorcycle,SSL400\Dataset - Original\Vehicles\Motorcycle\Motorcycle_006.mp4
287,Vehicles,Motorcycle,SSL400\Dataset - Original\Vehicles\Motorcycle\Motorcycle_007.mp4
287,Vehicles,Motorcycle,SSL400\Dataset - Original\Vehicles\Motorcycle\Motorcycle_008.mov
287,Vehicles,Motorcycle,SSL400\Dataset - Original\Vehicles\Motorcycle\Motorcycle_009.mov
288,Vehicles,Plane,SSL400\Dataset - Original\Vehicles\Plane\Plane_001.mp4
288,Vehicles,Plane,SSL400\Dataset - Original\Vehicles\Plane\Plane_002.mp4
288,Vehicles,Plane,SSL400\Dataset - Original\Vehicles\Plane\Plane_003.mp4
288,Vehicles,Plane,SSL400\Dataset - Original\Vehicles\Plane\Plane_004.mp4
288,Vehicles,Plane,SSL400\Dataset - Original\Vehicles\Plane\Plane_005.mp4
288,Vehicles,Plane,SSL400\Dataset - Original\Vehicles\Plane\Plane_006.mp4
288,Vehicles,Plane,SSL400\Dataset - Original\Vehicles\Plane\Plane_007.mp4
288,Vehicles,Plane,SSL400\Dataset - Original\Vehicles\Plane\Plane_008.MOV
288,Vehicles,Plane,SSL400\Dataset - Original\Vehicles\Plane\Plane_009.MOV
288,Vehicles,Plane,SSL400\Dataset - Original\Vehicles\Plane\Plane_010.MOV
288,Vehicles,Plane,SSL400\Dataset - Original\Vehicles\Plane\Plane_011.MOV
288,Vehicles,Plane,SSL400\Dataset - Original\Vehicles\Plane\Plane_012.MOV
288,Vehicles,Plane,SSL400\Dataset - Original\Vehicles\Plane\Plane_013.MOV
288,Vehicles,Plane,SSL400\Dataset - Original\Vehicles\Plane\Plane_014.MOV
288,Vehicles,Plane,SSL400\Dataset - Original\Vehicles\Plane\Plane_015.MOV
288,Vehicles,Plane,SSL400\Dataset - Original\Vehicles\Plane\Plane_016.MOV
288,Vehicles,Plane,SSL400\Dataset - Original\Vehicles\Plane\Plane_017.MOV
288,Vehicles,Plane,SSL400\Dataset - Original\Vehicles\Plane\Plane_018.MOV
288,Vehicles,Plane,SSL400\Dataset - Original\Vehicles\Plane\Plane_019.MOV
288,Vehicles,Plane,SSL400\Dataset - Original\Vehicles\Plane\Plane_020.MOV
288,Vehicles,Plane,SSL400\Dataset - Original\Vehicles\Plane\Plane_021.MOV
288,Vehicles,Plane,SSL400\Dataset - Original\Vehicles\Plane\Plane_022.MOV
288,Vehicles,Plane,SSL400\Dataset - Original\Vehicles\Plane\Plane_023.MOV
288,Vehicles,Plane,SSL400\Dataset - Original\Vehicles\Plane\Plane_024.MOV
288,Vehicles,Plane,SSL400\Dataset - Original\Vehicles\Plane\Plane_025.MOV
288,Vehicles,Plane,SSL400\Dataset - Original\Vehicles\Plane\Plane_026.MOV
288,Vehicles,Plane,SSL400\Dataset - Original\Vehicles\Plane\Plane_027.MP4
288,Vehicles,Plane,SSL400\Dataset - Original\Vehicles\Plane\Plane_028.MP4
288,Vehicles,Plane,SSL400\Dataset - Original\Vehicles\Plane\Plane_029.mov
288,Vehicles,Plane,SSL400\Dataset - Original\Vehicles\Plane\Plane_030.mov
289,Vehicles,Tire,SSL400\Dataset - Original\Vehicles\Tire\Tire_001.mov
290,Vehicles,Train,SSL400\Dataset - Original\Vehicles\Train\Train_001.mov
290,Vehicles,Train,SSL400\Dataset - Original\Vehicles\Train\Train_002.mov
291,Vehicles,Van,SSL400\Dataset - Original\Vehicles\Van\Van_001.mov
291,Vehicles,Van,SSL400\Dataset - Original\Vehicles\Van\Van_002.mov
291,Vehicles,Van,SSL400\Dataset - Original\Vehicles\Van\Van_003.mov
292,Vehicles,Vehicle,SSL400\Dataset - Original\Vehicles\Vehicle\Vehicle_001.mp4
292,Vehicles,Vehicle,SSL400\Dataset - Original\Vehicles\Vehicle\Vehicle_002.mp4
292,Vehicles,Vehicle,SSL400\Dataset - Original\Vehicles\Vehicle\Vehicle_003.mp4
292,Vehicles,Vehicle,SSL400\Dataset - Original\Vehicles\Vehicle\Vehicle_004.mp4
292,Vehicles,Vehicle,SSL400\Dataset - Original\Vehicles\Vehicle\Vehicle_005.mp4
292,Vehicles,Vehicle,SSL400\Dataset - Original\Vehicles\Vehicle\Vehicle_006.mp4
292,Vehicles,Vehicle,SSL400\Dataset - Original\Vehicles\Vehicle\Vehicle_007.mp4
292,Vehicles,Vehicle,SSL400\Dataset - Original\Vehicles\Vehicle\Vehicle_008.mov
293,Verbs,Allow,SSL400\Dataset - Original\Verbs\Allow\Allow_001.mp4
293,Verbs,Allow,SSL400\Dataset - Original\Verbs\Allow\Allow_002.mp4
293,Verbs,Allow,SSL400\Dataset - Original\Verbs\Allow\Allow_003.mp4
293,Verbs,Allow,SSL400\Dataset - Original\Verbs\Allow\Allow_004.mp4
293,Verbs,Allow,SSL400\Dataset - Original\Verbs\Allow\Allow_005.mp4
293,Verbs,Allow,SSL400\Dataset - Original\Verbs\Allow\Allow_006.mp4
293,Verbs,Allow,SSL400\Dataset - Original\Verbs\Allow\Allow_007.mp4
293,Verbs,Allow,SSL400\Dataset - Original\Verbs\Allow\Allow_008.mp4
294,Verbs,Bathe,SSL400\Dataset - Original\Verbs\Bathe\Bathe_001.mov
294,Verbs,Bathe,SSL400\Dataset - Original\Verbs\Bathe\Bathe_002.mov
295,Verbs,Boil,SSL400\Dataset - Original\Verbs\Boil\Boil_001.mov
295,Verbs,Boil,SSL400\Dataset - Original\Verbs\Boil\Boil_002.mov
296,Verbs,Break,SSL400\Dataset - Original\Verbs\Break\Break_001.mov
296,Verbs,Break,SSL400\Dataset - Original\Verbs\Break\Break_002.mov
297,Verbs,Bring,SSL400\Dataset - Original\Verbs\Bring\Bring_001.mov
297,Verbs,Bring,SSL400\Dataset - Original\Verbs\Bring\Bring_002.mov
298,Verbs,Buy,SSL400\Dataset - Original\Verbs\Buy\Buy_001.mov
298,Verbs,Buy,SSL400\Dataset - Original\Verbs\Buy\Buy_002.mov
299,Verbs,Carry,SSL400\Dataset - Original\Verbs\Carry\Carry_001.mov
299,Verbs,Carry,SSL400\Dataset - Original\Verbs\Carry\Carry_002.mov
300,Verbs,Change,SSL400\Dataset - Original\Verbs\Change\Change_001.mp4
300,Verbs,Change,SSL400\Dataset - Original\Verbs\Change\Change_002.mp4
300,Verbs,Change,SSL400\Dataset - Original\Verbs\Change\Change_003.mp4
300,Verbs,Change,SSL400\Dataset - Original\Verbs\Change\Change_004.mp4
300,Verbs,Change,SSL400\Dataset - Original\Verbs\Change\Change_005.mp4
300,Verbs,Change,SSL400\Dataset - Original\Verbs\Change\Change_006.mp4
300,Verbs,Change,SSL400\Dataset - Original\Verbs\Change\Change_007.mp4
300,Verbs,Change,SSL400\Dataset - Original\Verbs\Change\Change_008.mp4
300,Verbs,Change,SSL400\Dataset - Original\Verbs\Change\Change_009.mp4
300,Verbs,Change,SSL400\Dataset - Original\Verbs\Change\Change_010.mp4
300,Verbs,Change,SSL400\Dataset - Original\Verbs\Change\Change_011.mp4
300,Verbs,Change,SSL400\Dataset - Original\Verbs\Change\Change_012.mp4
301,Verbs,Choose,SSL400\Dataset - Original\Verbs\Choose\Choose_001.mp4
301,Verbs,Choose,SSL400\Dataset - Original\Verbs\Choose\Choose_002.mp4
301,Verbs,Choose,SSL400\Dataset - Original\Verbs\Choose\Choose_003.mp4
301,Verbs,Choose,SSL400\Dataset - Original\Verbs\Choose\Choose_004.mp4
301,Verbs,Choose,SSL400\Dataset - Original\Verbs\Choose\Choose_005.mp4
301,Verbs,Choose,SSL400\Dataset - Original\Verbs\Choose\Choose_006.mp4
301,Verbs,Choose,SSL400\Dataset - Original\Verbs\Choose\Choose_007.mp4
301,Verbs,Choose,SSL400\Dataset - Original\Verbs\Choose\Choose_008.mp4
302,Verbs,Click,SSL400\Dataset - Original\Verbs\Click\Click_001.mp4
302,Verbs,Click,SSL400\Dataset - Original\Verbs\Click\Click_002.mp4
302,Verbs,Click,SSL400\Dataset - Original\Verbs\Click\Click_003.mp4
302,Verbs,Click,SSL400\Dataset - Original\Verbs\Click\Click_004.mp4
303,Verbs,Come,SSL400\Dataset - Original\Verbs\Come\Come_001.mp4
303,Verbs,Come,SSL400\Dataset - Original\Verbs\Come\Come_002.mp4
303,Verbs,Come,SSL400\Dataset - Original\Verbs\Come\Come_003.mp4
303,Verbs,Come,SSL400\Dataset - Original\Verbs\Come\Come_004.mp4
303,Verbs,Come,SSL400\Dataset - Original\Verbs\Come\Come_005.mp4
303,Verbs,Come,SSL400\Dataset - Original\Verbs\Come\Come_006.mp4
303,Verbs,Come,SSL400\Dataset - Original\Verbs\Come\Come_007.mp4
303,Verbs,Come,SSL400\Dataset - Original\Verbs\Come\Come_008.mp4
303,Verbs,Come,SSL400\Dataset - Original\Verbs\Come\Come_009.mp4
303,Verbs,Come,SSL400\Dataset - Original\Verbs\Come\Come_010.mp4
303,Verbs,Come,SSL400\Dataset - Original\Verbs\Come\Come_011.mp4
303,Verbs,Come,SSL400\Dataset - Original\Verbs\Come\Come_012.mp4
303,Verbs,Come,SSL400\Dataset - Original\Verbs\Come\Come_013.mp4
303,Verbs,Come,SSL400\Dataset - Original\Verbs\Come\Come_014.mp4
303,Verbs,Come,SSL400\Dataset - Original\Verbs\Come\Come_015.mp4
303,Verbs,Come,SSL400\Dataset - Original\Verbs\Come\Come_016.mp4
303,Verbs,Come,SSL400\Dataset - Original\Verbs\Come\Come_017.mp4
303,Verbs,Come,SSL400\Dataset - Original\Verbs\Come\Come_018.mp4
303,Verbs,Come,SSL400\Dataset - Original\Verbs\Come\Come_019.mp4
303,Verbs,Come,SSL400\Dataset - Original\Verbs\Come\Come_020.mp4
303,Verbs,Come,SSL400\Dataset - Original\Verbs\Come\Come_021.mp4
303,Verbs,Come,SSL400\Dataset - Original\Verbs\Come\Come_022.mp4
303,Verbs,Come,SSL400\Dataset - Original\Verbs\Come\Come_023.mp4
303,Verbs,Come,SSL400\Dataset - Original\Verbs\Come\Come_024.mp4
303,Verbs,Come,SSL400\Dataset - Original\Verbs\Come\Come_025.mov
303,Verbs,Come,SSL400\Dataset - Original\Verbs\Come\Come_026.mov
303,Verbs,Come,SSL400\Dataset - Original\Verbs\Come\Come_027.mov
303,Verbs,Come,SSL400\Dataset - Original\Verbs\Come\Come_028.mov
303,Verbs,Come,SSL400\Dataset - Original\Verbs\Come\Come_029.mov
303,Verbs,Come,SSL400\Dataset - Original\Verbs\Come\Come_030.mov
303,Verbs,Come,SSL400\Dataset - Original\Verbs\Come\Come_031.mov
303,Verbs,Come,SSL400\Dataset - Original\Verbs\Come\Come_032.mov
303,Verbs,Come,SSL400\Dataset - Original\Verbs\Come\Come_033.mov
303,Verbs,Come,SSL400\Dataset - Original\Verbs\Come\Come_034.mov
304,Verbs,Connect,SSL400\Dataset - Original\Verbs\Connect\Connect_001.mp4
304,Verbs,Connect,SSL400\Dataset - Original\Verbs\Connect\Connect_002.mp4
304,Verbs,Connect,SSL400\Dataset - Original\Verbs\Connect\Connect_003.mp4
304,Verbs,Connect,SSL400\Dataset - Original\Verbs\Connect\Connect_004.mp4
304,Verbs,Connect,SSL400\Dataset - Original\Verbs\Connect\Connect_005.mp4
304,Verbs,Connect,SSL400\Dataset - Original\Verbs\Connect\Connect_006.mp4
305,Verbs,Cook,SSL400\Dataset - Original\Verbs\Cook\Cook_001.mp4
305,Verbs,Cook,SSL400\Dataset - Original\Verbs\Cook\Cook_002.mp4
305,Verbs,Cook,SSL400\Dataset - Original\Verbs\Cook\Cook_003.mp4
305,Verbs,Cook,SSL400\Dataset - Original\Verbs\Cook\Cook_004.mp4
305,Verbs,Cook,SSL400\Dataset - Original\Verbs\Cook\Cook_005.mp4
305,Verbs,Cook,SSL400\Dataset - Original\Verbs\Cook\Cook_006.mp4
305,Verbs,Cook,SSL400\Dataset - Original\Verbs\Cook\Cook_007.mp4
305,Verbs,Cook,SSL400\Dataset - Original\Verbs\Cook\Cook_008.mp4
305,Verbs,Cook,SSL400\Dataset - Original\Verbs\Cook\Cook_009.mp4
305,Verbs,Cook,SSL400\Dataset - Original\Verbs\Cook\Cook_010.mp4
305,Verbs,Cook,SSL400\Dataset - Original\Verbs\Cook\Cook_011.mp4
305,Verbs,Cook,SSL400\Dataset - Original\Verbs\Cook\Cook_012.mp4
305,Verbs,Cook,SSL400\Dataset - Original\Verbs\Cook\Cook_013.mp4
305,Verbs,Cook,SSL400\Dataset - Original\Verbs\Cook\Cook_014.mp4
305,Verbs,Cook,SSL400\Dataset - Original\Verbs\Cook\Cook_015.mp4
305,Verbs,Cook,SSL400\Dataset - Original\Verbs\Cook\Cook_016.mp4
305,Verbs,Cook,SSL400\Dataset - Original\Verbs\Cook\Cook_017.mp4
305,Verbs,Cook,SSL400\Dataset - Original\Verbs\Cook\Cook_018.mp4
305,Verbs,Cook,SSL400\Dataset - Original\Verbs\Cook\Cook_019.mp4
305,Verbs,Cook,SSL400\Dataset - Original\Verbs\Cook\Cook_020.mp4
305,Verbs,Cook,SSL400\Dataset - Original\Verbs\Cook\Cook_021.mp4
305,Verbs,Cook,SSL400\Dataset - Original\Verbs\Cook\Cook_022.mp4
305,Verbs,Cook,SSL400\Dataset - Original\Verbs\Cook\Cook_023.mp4
305,Verbs,Cook,SSL400\Dataset - Original\Verbs\Cook\Cook_024.mp4
305,Verbs,Cook,SSL400\Dataset - Original\Verbs\Cook\Cook_025.mp4
305,Verbs,Cook,SSL400\Dataset - Original\Verbs\Cook\Cook_026.mov
305,Verbs,Cook,SSL400\Dataset - Original\Verbs\Cook\Cook_027.mov
305,Verbs,Cook,SSL400\Dataset - Original\Verbs\Cook\Cook_028.mov
306,Verbs,Copy,SSL400\Dataset - Original\Verbs\Copy\Copy_001.mp4
306,Verbs,Copy,SSL400\Dataset - Original\Verbs\Copy\Copy_002.mp4
306,Verbs,Copy,SSL400\Dataset - Original\Verbs\Copy\Copy_003.mp4
306,Verbs,Copy,SSL400\Dataset - Original\Verbs\Copy\Copy_004.mp4
306,Verbs,Copy,SSL400\Dataset - Original\Verbs\Copy\Copy_005.mp4
306,Verbs,Copy,SSL400\Dataset - Original\Verbs\Copy\Copy_006.mp4
306,Verbs,Copy,SSL400\Dataset - Original\Verbs\Copy\Copy_007.mp4
306,Verbs,Copy,SSL400\Dataset - Original\Verbs\Copy\Copy_008.mp4
307,Verbs,Cough,SSL400\Dataset - Original\Verbs\Cough\Cough_001.mp4
307,Verbs,Cough,SSL400\Dataset - Original\Verbs\Cough\Cough_002.mp4
307,Verbs,Cough,SSL400\Dataset - Original\Verbs\Cough\Cough_003.mp4
307,Verbs,Cough,SSL400\Dataset - Original\Verbs\Cough\Cough_004.mp4
307,Verbs,Cough,SSL400\Dataset - Original\Verbs\Cough\Cough_005.mp4
307,Verbs,Cough,SSL400\Dataset - Original\Verbs\Cough\Cough_006.mp4
307,Verbs,Cough,SSL400\Dataset - Original\Verbs\Cough\Cough_007.mp4
307,Verbs,Cough,SSL400\Dataset - Original\Verbs\Cough\Cough_008.mp4
307,Verbs,Cough,SSL400\Dataset - Original\Verbs\Cough\Cough_009.mp4
307,Verbs,Cough,SSL400\Dataset - Original\Verbs\Cough\Cough_010.mp4
307,Verbs,Cough,SSL400\Dataset - Original\Verbs\Cough\Cough_011.mp4
307,Verbs,Cough,SSL400\Dataset - Original\Verbs\Cough\Cough_012.mp4
307,Verbs,Cough,SSL400\Dataset - Original\Verbs\Cough\Cough_013.mp4
307,Verbs,Cough,SSL400\Dataset - Original\Verbs\Cough\Cough_014.mp4
307,Verbs,Cough,SSL400\Dataset - Original\Verbs\Cough\Cough_015.mp4
307,Verbs,Cough,SSL400\Dataset - Original\Verbs\Cough\Cough_016.mp4
307,Verbs,Cough,SSL400\Dataset - Original\Verbs\Cough\Cough_017.mp4
307,Verbs,Cough,SSL400\Dataset - Original\Verbs\Cough\Cough_018.mp4
307,Verbs,Cough,SSL400\Dataset - Original\Verbs\Cough\Cough_019.mp4
307,Verbs,Cough,SSL400\Dataset - Original\Verbs\Cough\Cough_020.mp4
307,Verbs,Cough,SSL400\Dataset - Original\Verbs\Cough\Cough_021.mp4
308,Verbs,Cover,SSL400\Dataset - Original\Verbs\Cover\Cover_001.mp4
308,Verbs,Cover,SSL400\Dataset - Original\Verbs\Cover\Cover_002.mp4
308,Verbs,Cover,SSL400\Dataset - Original\Verbs\Cover\Cover_003.mp4
308,Verbs,Cover,SSL400\Dataset - Original\Verbs\Cover\Cover_004.mp4
308,Verbs,Cover,SSL400\Dataset - Original\Verbs\Cover\Cover_005.mp4
309,Verbs,Cry,SSL400\Dataset - Original\Verbs\Cry\Cry_001.mp4
309,Verbs,Cry,SSL400\Dataset - Original\Verbs\Cry\Cry_002.mp4
309,Verbs,Cry,SSL400\Dataset - Original\Verbs\Cry\Cry_003.mp4
309,Verbs,Cry,SSL400\Dataset - Original\Verbs\Cry\Cry_004.mp4
309,Verbs,Cry,SSL400\Dataset - Original\Verbs\Cry\Cry_005.mp4
309,Verbs,Cry,SSL400\Dataset - Original\Verbs\Cry\Cry_006.mp4
309,Verbs,Cry,SSL400\Dataset - Original\Verbs\Cry\Cry_007.mp4
309,Verbs,Cry,SSL400\Dataset - Original\Verbs\Cry\Cry_008.mp4
309,Verbs,Cry,SSL400\Dataset - Original\Verbs\Cry\Cry_009.mp4
309,Verbs,Cry,SSL400\Dataset - Original\Verbs\Cry\Cry_010.mp4
309,Verbs,Cry,SSL400\Dataset - Original\Verbs\Cry\Cry_011.mp4
309,Verbs,Cry,SSL400\Dataset - Original\Verbs\Cry\Cry_012.mp4
309,Verbs,Cry,SSL400\Dataset - Original\Verbs\Cry\Cry_013.mp4
309,Verbs,Cry,SSL400\Dataset - Original\Verbs\Cry\Cry_014.mp4
309,Verbs,Cry,SSL400\Dataset - Original\Verbs\Cry\Cry_015.mp4
309,Verbs,Cry,SSL400\Dataset - Original\Verbs\Cry\Cry_016.mp4
309,Verbs,Cry,SSL400\Dataset - Original\Verbs\Cry\Cry_017.mp4
309,Verbs,Cry,SSL400\Dataset - Original\Verbs\Cry\Cry_018.mp4
309,Verbs,Cry,SSL400\Dataset - Original\Verbs\Cry\Cry_019.mp4
309,Verbs,Cry,SSL400\Dataset - Original\Verbs\Cry\Cry_020.mp4
309,Verbs,Cry,SSL400\Dataset - Original\Verbs\Cry\Cry_021.mp4
309,Verbs,Cry,SSL400\Dataset - Original\Verbs\Cry\Cry_022.mp4
309,Verbs,Cry,SSL400\Dataset - Original\Verbs\Cry\Cry_023.mp4
309,Verbs,Cry,SSL400\Dataset - Original\Verbs\Cry\Cry_024.mp4
309,Verbs,Cry,SSL400\Dataset - Original\Verbs\Cry\Cry_025.mov
309,Verbs,Cry,SSL400\Dataset - Original\Verbs\Cry\Cry_026.mov
309,Verbs,Cry,SSL400\Dataset - Original\Verbs\Cry\Cry_027.mov
310,Verbs,Cut,SSL400\Dataset - Original\Verbs\Cut\Cut_001.mp4
310,Verbs,Cut,SSL400\Dataset - Original\Verbs\Cut\Cut_002.mp4
310,Verbs,Cut,SSL400\Dataset - Original\Verbs\Cut\Cut_003.mp4
310,Verbs,Cut,SSL400\Dataset - Original\Verbs\Cut\Cut_004.mp4
310,Verbs,Cut,SSL400\Dataset - Original\Verbs\Cut\Cut_005.mp4
310,Verbs,Cut,SSL400\Dataset - Original\Verbs\Cut\Cut_006.mp4
310,Verbs,Cut,SSL400\Dataset - Original\Verbs\Cut\Cut_007.mp4
310,Verbs,Cut,SSL400\Dataset - Original\Verbs\Cut\Cut_008.mp4
310,Verbs,Cut,SSL400\Dataset - Original\Verbs\Cut\Cut_009.mp4
310,Verbs,Cut,SSL400\Dataset - Original\Verbs\Cut\Cut_010.mp4
310,Verbs,Cut,SSL400\Dataset - Original\Verbs\Cut\Cut_011.mp4
310,Verbs,Cut,SSL400\Dataset - Original\Verbs\Cut\Cut_012.mp4
310,Verbs,Cut,SSL400\Dataset - Original\Verbs\Cut\Cut_013.mp4
310,Verbs,Cut,SSL400\Dataset - Original\Verbs\Cut\Cut_014.mp4
310,Verbs,Cut,SSL400\Dataset - Original\Verbs\Cut\Cut_015.mp4
310,Verbs,Cut,SSL400\Dataset - Original\Verbs\Cut\Cut_016.mp4
310,Verbs,Cut,SSL400\Dataset - Original\Verbs\Cut\Cut_017.mp4
310,Verbs,Cut,SSL400\Dataset - Original\Verbs\Cut\Cut_018.mp4
310,Verbs,Cut,SSL400\Dataset - Original\Verbs\Cut\Cut_019.mp4
310,Verbs,Cut,SSL400\Dataset - Original\Verbs\Cut\Cut_020.mp4
310,Verbs,Cut,SSL400\Dataset - Original\Verbs\Cut\Cut_021.mp4
310,Verbs,Cut,SSL400\Dataset - Original\Verbs\Cut\Cut_022.mp4
310,Verbs,Cut,SSL400\Dataset - Original\Verbs\Cut\Cut_023.mp4
310,Verbs,Cut,SSL400\Dataset - Original\Verbs\Cut\Cut_024.mp4
310,Verbs,Cut,SSL400\Dataset - Original\Verbs\Cut\Cut_025.mp4
310,Verbs,Cut,SSL400\Dataset - Original\Verbs\Cut\Cut_026.mp4
310,Verbs,Cut,SSL400\Dataset - Original\Verbs\Cut\Cut_027.mp4
310,Verbs,Cut,SSL400\Dataset - Original\Verbs\Cut\Cut_028.mp4
310,Verbs,Cut,SSL400\Dataset - Original\Verbs\Cut\Cut_029.mp4
310,Verbs,Cut,SSL400\Dataset - Original\Verbs\Cut\Cut_030.mp4
310,Verbs,Cut,SSL400\Dataset - Original\Verbs\Cut\Cut_031.mp4
310,Verbs,Cut,SSL400\Dataset - Original\Verbs\Cut\Cut_032.mov
310,Verbs,Cut,SSL400\Dataset - Original\Verbs\Cut\Cut_033.mov
311,Verbs,Dance,SSL400\Dataset - Original\Verbs\Dance\Dance_001.mov
311,Verbs,Dance,SSL400\Dataset - Original\Verbs\Dance\Dance_002.mov
311,Verbs,Dance,SSL400\Dataset - Original\Verbs\Dance\Dance_003.mov
312,Verbs,Done,SSL400\Dataset - Original\Verbs\Done\Done_001.mp4
312,Verbs,Done,SSL400\Dataset - Original\Verbs\Done\Done_002.mp4
312,Verbs,Done,SSL400\Dataset - Original\Verbs\Done\Done_003.mp4
312,Verbs,Done,SSL400\Dataset - Original\Verbs\Done\Done_004.mp4
312,Verbs,Done,SSL400\Dataset - Original\Verbs\Done\Done_005.mp4
313,Verbs,Draw,SSL400\Dataset - Original\Verbs\Draw\Draw_001.mov
313,Verbs,Draw,SSL400\Dataset - Original\Verbs\Draw\Draw_002.mov
314,Verbs,Drink,SSL400\Dataset - Original\Verbs\Drink\Drink_001.mp4
314,Verbs,Drink,SSL400\Dataset - Original\Verbs\Drink\Drink_002.mp4
314,Verbs,Drink,SSL400\Dataset - Original\Verbs\Drink\Drink_003.mp4
314,Verbs,Drink,SSL400\Dataset - Original\Verbs\Drink\Drink_004.mp4
314,Verbs,Drink,SSL400\Dataset - Original\Verbs\Drink\Drink_005.mp4
314,Verbs,Drink,SSL400\Dataset - Original\Verbs\Drink\Drink_006.mp4
314,Verbs,Drink,SSL400\Dataset - Original\Verbs\Drink\Drink_007.mp4
314,Verbs,Drink,SSL400\Dataset - Original\Verbs\Drink\Drink_008.mp4
314,Verbs,Drink,SSL400\Dataset - Original\Verbs\Drink\Drink_009.mp4
314,Verbs,Drink,SSL400\Dataset - Original\Verbs\Drink\Drink_010.mp4
314,Verbs,Drink,SSL400\Dataset - Original\Verbs\Drink\Drink_011.mp4
314,Verbs,Drink,SSL400\Dataset - Original\Verbs\Drink\Drink_012.mp4
314,Verbs,Drink,SSL400\Dataset - Original\Verbs\Drink\Drink_013.mp4
314,Verbs,Drink,SSL400\Dataset - Original\Verbs\Drink\Drink_014.mp4
314,Verbs,Drink,SSL400\Dataset - Original\Verbs\Drink\Drink_015.mp4
314,Verbs,Drink,SSL400\Dataset - Original\Verbs\Drink\Drink_016.mp4
314,Verbs,Drink,SSL400\Dataset - Original\Verbs\Drink\Drink_017.mp4
314,Verbs,Drink,SSL400\Dataset - Original\Verbs\Drink\Drink_018.mp4
314,Verbs,Drink,SSL400\Dataset - Original\Verbs\Drink\Drink_019.mp4
314,Verbs,Drink,SSL400\Dataset - Original\Verbs\Drink\Drink_020.mp4
314,Verbs,Drink,SSL400\Dataset - Original\Verbs\Drink\Drink_021.mp4
314,Verbs,Drink,SSL400\Dataset - Original\Verbs\Drink\Drink_022.mp4
314,Verbs,Drink,SSL400\Dataset - Original\Verbs\Drink\Drink_023.mp4
314,Verbs,Drink,SSL400\Dataset - Original\Verbs\Drink\Drink_024.mp4
314,Verbs,Drink,SSL400\Dataset - Original\Verbs\Drink\Drink_025.mp4
314,Verbs,Drink,SSL400\Dataset - Original\Verbs\Drink\Drink_026.mp4
314,Verbs,Drink,SSL400\Dataset - Original\Verbs\Drink\Drink_027.mp4
314,Verbs,Drink,SSL400\Dataset - Original\Verbs\Drink\Drink_028.mp4
314,Verbs,Drink,SSL400\Dataset - Original\Verbs\Drink\Drink_029.mp4
314,Verbs,Drink,SSL400\Dataset - Original\Verbs\Drink\Drink_030.mp4
314,Verbs,Drink,SSL400\Dataset - Original\Verbs\Drink\Drink_031.mp4
314,Verbs,Drink,SSL400\Dataset - Original\Verbs\Drink\Drink_032.mp4
314,Verbs,Drink,SSL400\Dataset - Original\Verbs\Drink\Drink_033.mp4
314,Verbs,Drink,SSL400\Dataset - Original\Verbs\Drink\Drink_034.mp4
314,Verbs,Drink,SSL400\Dataset - Original\Verbs\Drink\Drink_035.mp4
314,Verbs,Drink,SSL400\Dataset - Original\Verbs\Drink\Drink_036.mp4
314,Verbs,Drink,SSL400\Dataset - Original\Verbs\Drink\Drink_037.mp4
314,Verbs,Drink,SSL400\Dataset - Original\Verbs\Drink\Drink_038.mp4
314,Verbs,Drink,SSL400\Dataset - Original\Verbs\Drink\Drink_039.mp4
314,Verbs,Drink,SSL400\Dataset - Original\Verbs\Drink\Drink_040.mp4
314,Verbs,Drink,SSL400\Dataset - Original\Verbs\Drink\Drink_041.mov
314,Verbs,Drink,SSL400\Dataset - Original\Verbs\Drink\Drink_042.mov
315,Verbs,Eat,SSL400\Dataset - Original\Verbs\Eat\Eat_001.mp4
315,Verbs,Eat,SSL400\Dataset - Original\Verbs\Eat\Eat_002.mp4
315,Verbs,Eat,SSL400\Dataset - Original\Verbs\Eat\Eat_003.mp4
315,Verbs,Eat,SSL400\Dataset - Original\Verbs\Eat\Eat_004.mp4
315,Verbs,Eat,SSL400\Dataset - Original\Verbs\Eat\Eat_005.mp4
315,Verbs,Eat,SSL400\Dataset - Original\Verbs\Eat\Eat_006.mp4
315,Verbs,Eat,SSL400\Dataset - Original\Verbs\Eat\Eat_007.mp4
315,Verbs,Eat,SSL400\Dataset - Original\Verbs\Eat\Eat_008.mp4
315,Verbs,Eat,SSL400\Dataset - Original\Verbs\Eat\Eat_009.mp4
315,Verbs,Eat,SSL400\Dataset - Original\Verbs\Eat\Eat_010.mp4
315,Verbs,Eat,SSL400\Dataset - Original\Verbs\Eat\Eat_011.mp4
315,Verbs,Eat,SSL400\Dataset - Original\Verbs\Eat\Eat_012.mp4
315,Verbs,Eat,SSL400\Dataset - Original\Verbs\Eat\Eat_013.mp4
315,Verbs,Eat,SSL400\Dataset - Original\Verbs\Eat\Eat_014.mp4
315,Verbs,Eat,SSL400\Dataset - Original\Verbs\Eat\Eat_015.mp4
315,Verbs,Eat,SSL400\Dataset - Original\Verbs\Eat\Eat_016.mp4
315,Verbs,Eat,SSL400\Dataset - Original\Verbs\Eat\Eat_017.mp4
315,Verbs,Eat,SSL400\Dataset - Original\Verbs\Eat\Eat_018.mp4
315,Verbs,Eat,SSL400\Dataset - Original\Verbs\Eat\Eat_019.mp4
315,Verbs,Eat,SSL400\Dataset - Original\Verbs\Eat\Eat_020.mp4
315,Verbs,Eat,SSL400\Dataset - Original\Verbs\Eat\Eat_021.mp4
315,Verbs,Eat,SSL400\Dataset - Original\Verbs\Eat\Eat_022.mp4
315,Verbs,Eat,SSL400\Dataset - Original\Verbs\Eat\Eat_023.mp4
315,Verbs,Eat,SSL400\Dataset - Original\Verbs\Eat\Eat_024.mp4
315,Verbs,Eat,SSL400\Dataset - Original\Verbs\Eat\Eat_025.mp4
315,Verbs,Eat,SSL400\Dataset - Original\Verbs\Eat\Eat_026.mp4
315,Verbs,Eat,SSL400\Dataset - Original\Verbs\Eat\Eat_027.mp4
315,Verbs,Eat,SSL400\Dataset - Original\Verbs\Eat\Eat_028.mp4
315,Verbs,Eat,SSL400\Dataset - Original\Verbs\Eat\Eat_029.mp4
315,Verbs,Eat,SSL400\Dataset - Original\Verbs\Eat\Eat_030.mp4
315,Verbs,Eat,SSL400\Dataset - Original\Verbs\Eat\Eat_031.mov
315,Verbs,Eat,SSL400\Dataset - Original\Verbs\Eat\Eat_032.mov
315,Verbs,Eat,SSL400\Dataset - Original\Verbs\Eat\Eat_033.mp4
315,Verbs,Eat,SSL400\Dataset - Original\Verbs\Eat\Eat_034.mp4
315,Verbs,Eat,SSL400\Dataset - Original\Verbs\Eat\Eat_035.mp4
315,Verbs,Eat,SSL400\Dataset - Original\Verbs\Eat\Eat_036.mp4
315,Verbs,Eat,SSL400\Dataset - Original\Verbs\Eat\Eat_037.mp4
315,Verbs,Eat,SSL400\Dataset - Original\Verbs\Eat\Eat_038.mp4
315,Verbs,Eat,SSL400\Dataset - Original\Verbs\Eat\Eat_039.mp4
315,Verbs,Eat,SSL400\Dataset - Original\Verbs\Eat\Eat_040.mp4
315,Verbs,Eat,SSL400\Dataset - Original\Verbs\Eat\Eat_041.mp4
315,Verbs,Eat,SSL400\Dataset - Original\Verbs\Eat\Eat_042.mp4
315,Verbs,Eat,SSL400\Dataset - Original\Verbs\Eat\Eat_043.mp4
315,Verbs,Eat,SSL400\Dataset - Original\Verbs\Eat\Eat_044.mp4
315,Verbs,Eat,SSL400\Dataset - Original\Verbs\Eat\Eat_045.mp4
315,Verbs,Eat,SSL400\Dataset - Original\Verbs\Eat\Eat_046.mp4
316,Verbs,Enter,SSL400\Dataset - Original\Verbs\Enter\Enter_001.mp4
316,Verbs,Enter,SSL400\Dataset - Original\Verbs\Enter\Enter_002.mp4
316,Verbs,Enter,SSL400\Dataset - Original\Verbs\Enter\Enter_003.mp4
316,Verbs,Enter,SSL400\Dataset - Original\Verbs\Enter\Enter_004.mp4
316,Verbs,Enter,SSL400\Dataset - Original\Verbs\Enter\Enter_005.mp4
316,Verbs,Enter,SSL400\Dataset - Original\Verbs\Enter\Enter_006.mp4
317,Verbs,Erase,SSL400\Dataset - Original\Verbs\Erase\Erase_001.mp4
317,Verbs,Erase,SSL400\Dataset - Original\Verbs\Erase\Erase_002.mp4
317,Verbs,Erase,SSL400\Dataset - Original\Verbs\Erase\Erase_003.mp4
317,Verbs,Erase,SSL400\Dataset - Original\Verbs\Erase\Erase_004.mp4
317,Verbs,Erase,SSL400\Dataset - Original\Verbs\Erase\Erase_005.mp4
317,Verbs,Erase,SSL400\Dataset - Original\Verbs\Erase\Erase_006.mp4
317,Verbs,Erase,SSL400\Dataset - Original\Verbs\Erase\Erase_007.mov
317,Verbs,Erase,SSL400\Dataset - Original\Verbs\Erase\Erase_008.mov
318,Verbs,Exchange,SSL400\Dataset - Original\Verbs\Exchange\Exchange_001.mp4
318,Verbs,Exchange,SSL400\Dataset - Original\Verbs\Exchange\Exchange_002.mp4
318,Verbs,Exchange,SSL400\Dataset - Original\Verbs\Exchange\Exchange_003.mp4
318,Verbs,Exchange,SSL400\Dataset - Original\Verbs\Exchange\Exchange_004.mp4
318,Verbs,Exchange,SSL400\Dataset - Original\Verbs\Exchange\Exchange_005.mp4
318,Verbs,Exchange,SSL400\Dataset - Original\Verbs\Exchange\Exchange_006.mp4
318,Verbs,Exchange,SSL400\Dataset - Original\Verbs\Exchange\Exchange_007.mp4
318,Verbs,Exchange,SSL400\Dataset - Original\Verbs\Exchange\Exchange_008.mp4
318,Verbs,Exchange,SSL400\Dataset - Original\Verbs\Exchange\Exchange_009.mp4
319,Verbs,Feel,SSL400\Dataset - Original\Verbs\Feel\Feel_001.mp4
319,Verbs,Feel,SSL400\Dataset - Original\Verbs\Feel\Feel_002.mp4
319,Verbs,Feel,SSL400\Dataset - Original\Verbs\Feel\Feel_003.mp4
319,Verbs,Feel,SSL400\Dataset - Original\Verbs\Feel\Feel_004.mp4
319,Verbs,Feel,SSL400\Dataset - Original\Verbs\Feel\Feel_005.mp4
319,Verbs,Feel,SSL400\Dataset - Original\Verbs\Feel\Feel_006.mp4
319,Verbs,Feel,SSL400\Dataset - Original\Verbs\Feel\Feel_007.mp4
319,Verbs,Feel,SSL400\Dataset - Original\Verbs\Feel\Feel_008.mp4
320,Verbs,Fight,SSL400\Dataset - Original\Verbs\Fight\Fight_001.mp4
320,Verbs,Fight,SSL400\Dataset - Original\Verbs\Fight\Fight_002.mp4
320,Verbs,Fight,SSL400\Dataset - Original\Verbs\Fight\Fight_003.mp4
320,Verbs,Fight,SSL400\Dataset - Original\Verbs\Fight\Fight_004.mp4
320,Verbs,Fight,SSL400\Dataset - Original\Verbs\Fight\Fight_005.mp4
320,Verbs,Fight,SSL400\Dataset - Original\Verbs\Fight\Fight_006.mp4
320,Verbs,Fight,SSL400\Dataset - Original\Verbs\Fight\Fight_007.mp4
320,Verbs,Fight,SSL400\Dataset - Original\Verbs\Fight\Fight_008.mp4
320,Verbs,Fight,SSL400\Dataset - Original\Verbs\Fight\Fight_009.mp4
320,Verbs,Fight,SSL400\Dataset - Original\Verbs\Fight\Fight_010.mp4
320,Verbs,Fight,SSL400\Dataset - Original\Verbs\Fight\Fight_011.mp4
320,Verbs,Fight,SSL400\Dataset - Original\Verbs\Fight\Fight_012.mp4
320,Verbs,Fight,SSL400\Dataset - Original\Verbs\Fight\Fight_013.mp4
320,Verbs,Fight,SSL400\Dataset - Original\Verbs\Fight\Fight_014.mp4
320,Verbs,Fight,SSL400\Dataset - Original\Verbs\Fight\Fight_015.mp4
320,Verbs,Fight,SSL400\Dataset - Original\Verbs\Fight\Fight_016.mp4
320,Verbs,Fight,SSL400\Dataset - Original\Verbs\Fight\Fight_017.mp4
320,Verbs,Fight,SSL400\Dataset - Original\Verbs\Fight\Fight_018.mp4
320,Verbs,Fight,SSL400\Dataset - Original\Verbs\Fight\Fight_019.mp4
320,Verbs,Fight,SSL400\Dataset - Original\Verbs\Fight\Fight_020.mp4
320,Verbs,Fight,SSL400\Dataset - Original\Verbs\Fight\Fight_021.mp4
320,Verbs,Fight,SSL400\Dataset - Original\Verbs\Fight\Fight_022.mp4
320,Verbs,Fight,SSL400\Dataset - Original\Verbs\Fight\Fight_023.mp4
320,Verbs,Fight,SSL400\Dataset - Original\Verbs\Fight\Fight_024.mp4
320,Verbs,Fight,SSL400\Dataset - Original\Verbs\Fight\Fight_025.mov
320,Verbs,Fight,SSL400\Dataset - Original\Verbs\Fight\Fight_026.mov
321,Verbs,Follow,SSL400\Dataset - Original\Verbs\Follow\Follow_001.mp4
321,Verbs,Follow,SSL400\Dataset - Original\Verbs\Follow\Follow_002.mp4
321,Verbs,Follow,SSL400\Dataset - Original\Verbs\Follow\Follow_003.mp4
321,Verbs,Follow,SSL400\Dataset - Original\Verbs\Follow\Follow_004.mp4
321,Verbs,Follow,SSL400\Dataset - Original\Verbs\Follow\Follow_005.mp4
321,Verbs,Follow,SSL400\Dataset - Original\Verbs\Follow\Follow_006.mp4
321,Verbs,Follow,SSL400\Dataset - Original\Verbs\Follow\Follow_007.mp4
321,Verbs,Follow,SSL400\Dataset - Original\Verbs\Follow\Follow_008.mp4
321,Verbs,Follow,SSL400\Dataset - Original\Verbs\Follow\Follow_009.mp4
322,Verbs,Get up,SSL400\Dataset - Original\Verbs\Get up\Get up_001.mov
322,Verbs,Get up,SSL400\Dataset - Original\Verbs\Get up\Get up_002.mov
323,Verbs,Give,SSL400\Dataset - Original\Verbs\Give\Give_001.mp4
323,Verbs,Give,SSL400\Dataset - Original\Verbs\Give\Give_002.mp4
323,Verbs,Give,SSL400\Dataset - Original\Verbs\Give\Give_003.mp4
323,Verbs,Give,SSL400\Dataset - Original\Verbs\Give\Give_004.mp4
323,Verbs,Give,SSL400\Dataset - Original\Verbs\Give\Give_005.mp4
323,Verbs,Give,SSL400\Dataset - Original\Verbs\Give\Give_006.mp4
323,Verbs,Give,SSL400\Dataset - Original\Verbs\Give\Give_007.mp4
323,Verbs,Give,SSL400\Dataset - Original\Verbs\Give\Give_008.mp4
323,Verbs,Give,SSL400\Dataset - Original\Verbs\Give\Give_009.mp4
323,Verbs,Give,SSL400\Dataset - Original\Verbs\Give\Give_010.mp4
323,Verbs,Give,SSL400\Dataset - Original\Verbs\Give\Give_011.mp4
323,Verbs,Give,SSL400\Dataset - Original\Verbs\Give\Give_012.mp4
323,Verbs,Give,SSL400\Dataset - Original\Verbs\Give\Give_013.mp4
323,Verbs,Give,SSL400\Dataset - Original\Verbs\Give\Give_014.mov
323,Verbs,Give,SSL400\Dataset - Original\Verbs\Give\Give_015.mov
324,Verbs,Go,SSL400\Dataset - Original\Verbs\Go\Go_001.mp4
324,Verbs,Go,SSL400\Dataset - Original\Verbs\Go\Go_002.mp4
324,Verbs,Go,SSL400\Dataset - Original\Verbs\Go\Go_003.mp4
324,Verbs,Go,SSL400\Dataset - Original\Verbs\Go\Go_004.mp4
324,Verbs,Go,SSL400\Dataset - Original\Verbs\Go\Go_005.mp4
324,Verbs,Go,SSL400\Dataset - Original\Verbs\Go\Go_006.mp4
324,Verbs,Go,SSL400\Dataset - Original\Verbs\Go\Go_007.mp4
324,Verbs,Go,SSL400\Dataset - Original\Verbs\Go\Go_008.mp4
324,Verbs,Go,SSL400\Dataset - Original\Verbs\Go\Go_009.mp4
324,Verbs,Go,SSL400\Dataset - Original\Verbs\Go\Go_010.mp4
324,Verbs,Go,SSL400\Dataset - Original\Verbs\Go\Go_011.mp4
324,Verbs,Go,SSL400\Dataset - Original\Verbs\Go\Go_012.mp4
324,Verbs,Go,SSL400\Dataset - Original\Verbs\Go\Go_013.mp4
324,Verbs,Go,SSL400\Dataset - Original\Verbs\Go\Go_014.mp4
324,Verbs,Go,SSL400\Dataset - Original\Verbs\Go\Go_015.mp4
324,Verbs,Go,SSL400\Dataset - Original\Verbs\Go\Go_016.mp4
324,Verbs,Go,SSL400\Dataset - Original\Verbs\Go\Go_017.mp4
324,Verbs,Go,SSL400\Dataset - Original\Verbs\Go\Go_018.mp4
324,Verbs,Go,SSL400\Dataset - Original\Verbs\Go\Go_019.mp4
324,Verbs,Go,SSL400\Dataset - Original\Verbs\Go\Go_020.mp4
324,Verbs,Go,SSL400\Dataset - Original\Verbs\Go\Go_021.mp4
324,Verbs,Go,SSL400\Dataset - Original\Verbs\Go\Go_022.mp4
324,Verbs,Go,SSL400\Dataset - Original\Verbs\Go\Go_023.mp4
324,Verbs,Go,SSL400\Dataset - Original\Verbs\Go\Go_024.mp4
324,Verbs,Go,SSL400\Dataset - Original\Verbs\Go\Go_025.mp4
324,Verbs,Go,SSL400\Dataset - Original\Verbs\Go\Go_026.mov
324,Verbs,Go,SSL400\Dataset - Original\Verbs\Go\Go_027.mov
324,Verbs,Go,SSL400\Dataset - Original\Verbs\Go\Go_028.mov
324,Verbs,Go,SSL400\Dataset - Original\Verbs\Go\Go_029.mov
324,Verbs,Go,SSL400\Dataset - Original\Verbs\Go\Go_030.mov
324,Verbs,Go,SSL400\Dataset - Original\Verbs\Go\Go_031.mov
324,Verbs,Go,SSL400\Dataset - Original\Verbs\Go\Go_032.mov
324,Verbs,Go,SSL400\Dataset - Original\Verbs\Go\Go_033.mov
324,Verbs,Go,SSL400\Dataset - Original\Verbs\Go\Go_034.mov
325,Verbs,Guide,SSL400\Dataset - Original\Verbs\Guide\Guide_001.mp4
325,Verbs,Guide,SSL400\Dataset - Original\Verbs\Guide\Guide_002.mp4
325,Verbs,Guide,SSL400\Dataset - Original\Verbs\Guide\Guide_003.mp4
325,Verbs,Guide,SSL400\Dataset - Original\Verbs\Guide\Guide_004.mp4
325,Verbs,Guide,SSL400\Dataset - Original\Verbs\Guide\Guide_005.mp4
326,Verbs,Hang,SSL400\Dataset - Original\Verbs\Hang\Hang_001.mov
326,Verbs,Hang,SSL400\Dataset - Original\Verbs\Hang\Hang_002.mov
326,Verbs,Hang,SSL400\Dataset - Original\Verbs\Hang\Hang_003.mov
327,Verbs,Hear,SSL400\Dataset - Original\Verbs\Hear\Hear_001.mp4
327,Verbs,Hear,SSL400\Dataset - Original\Verbs\Hear\Hear_002.mp4
327,Verbs,Hear,SSL400\Dataset - Original\Verbs\Hear\Hear_003.mp4
327,Verbs,Hear,SSL400\Dataset - Original\Verbs\Hear\Hear_004.mp4
327,Verbs,Hear,SSL400\Dataset - Original\Verbs\Hear\Hear_005.mp4
327,Verbs,Hear,SSL400\Dataset - Original\Verbs\Hear\Hear_006.mp4
327,Verbs,Hear,SSL400\Dataset - Original\Verbs\Hear\Hear_007.mp4
327,Verbs,Hear,SSL400\Dataset - Original\Verbs\Hear\Hear_008.mp4
327,Verbs,Hear,SSL400\Dataset - Original\Verbs\Hear\Hear_009.mp4
328,Verbs,Help,SSL400\Dataset - Original\Verbs\Help\Help_001.mp4
328,Verbs,Help,SSL400\Dataset - Original\Verbs\Help\Help_002.mp4
328,Verbs,Help,SSL400\Dataset - Original\Verbs\Help\Help_003.mp4
328,Verbs,Help,SSL400\Dataset - Original\Verbs\Help\Help_004.mp4
328,Verbs,Help,SSL400\Dataset - Original\Verbs\Help\Help_005.mp4
328,Verbs,Help,SSL400\Dataset - Original\Verbs\Help\Help_006.mp4
328,Verbs,Help,SSL400\Dataset - Original\Verbs\Help\Help_007.mp4
328,Verbs,Help,SSL400\Dataset - Original\Verbs\Help\Help_008.mp4
328,Verbs,Help,SSL400\Dataset - Original\Verbs\Help\Help_009.mp4
328,Verbs,Help,SSL400\Dataset - Original\Verbs\Help\Help_010.mp4
328,Verbs,Help,SSL400\Dataset - Original\Verbs\Help\Help_011.mp4
328,Verbs,Help,SSL400\Dataset - Original\Verbs\Help\Help_012.mp4
328,Verbs,Help,SSL400\Dataset - Original\Verbs\Help\Help_013.mp4
328,Verbs,Help,SSL400\Dataset - Original\Verbs\Help\Help_014.mp4
328,Verbs,Help,SSL400\Dataset - Original\Verbs\Help\Help_015.mp4
328,Verbs,Help,SSL400\Dataset - Original\Verbs\Help\Help_016.mp4
328,Verbs,Help,SSL400\Dataset - Original\Verbs\Help\Help_017.mp4
328,Verbs,Help,SSL400\Dataset - Original\Verbs\Help\Help_018.mp4
328,Verbs,Help,SSL400\Dataset - Original\Verbs\Help\Help_019.mp4
328,Verbs,Help,SSL400\Dataset - Original\Verbs\Help\Help_020.mp4
328,Verbs,Help,SSL400\Dataset - Original\Verbs\Help\Help_021.mp4
328,Verbs,Help,SSL400\Dataset - Original\Verbs\Help\Help_022.mp4
328,Verbs,Help,SSL400\Dataset - Original\Verbs\Help\Help_023.mp4
328,Verbs,Help,SSL400\Dataset - Original\Verbs\Help\Help_024.mp4
328,Verbs,Help,SSL400\Dataset - Original\Verbs\Help\Help_025.mov
328,Verbs,Help,SSL400\Dataset - Original\Verbs\Help\Help_026.mov
328,Verbs,Help,SSL400\Dataset - Original\Verbs\Help\Help_027.mov
328,Verbs,Help,SSL400\Dataset - Original\Verbs\Help\Help_028.mov
328,Verbs,Help,SSL400\Dataset - Original\Verbs\Help\Help_029.mov
328,Verbs,Help,SSL400\Dataset - Original\Verbs\Help\Help_030.mov
329,Verbs,Hit,SSL400\Dataset - Original\Verbs\Hit\Hit_001.mp4
329,Verbs,Hit,SSL400\Dataset - Original\Verbs\Hit\Hit_002.mp4
329,Verbs,Hit,SSL400\Dataset - Original\Verbs\Hit\Hit_003.mp4
329,Verbs,Hit,SSL400\Dataset - Original\Verbs\Hit\Hit_004.mp4
329,Verbs,Hit,SSL400\Dataset - Original\Verbs\Hit\Hit_005.mp4
329,Verbs,Hit,SSL400\Dataset - Original\Verbs\Hit\Hit_006.mp4
329,Verbs,Hit,SSL400\Dataset - Original\Verbs\Hit\Hit_007.mp4
330,Verbs,How,SSL400\Dataset - Original\Verbs\How\How_001.mov
330,Verbs,How,SSL400\Dataset - Original\Verbs\How\How_002.mov
330,Verbs,How,SSL400\Dataset - Original\Verbs\How\How_003.mov
331,Verbs,I know,SSL400\Dataset - Original\Verbs\I know\I know_001.mov
331,Verbs,I know,SSL400\Dataset - Original\Verbs\I know\I know_002.mov
332,Verbs,Jump,SSL400\Dataset - Original\Verbs\Jump\Jump_001.mov
332,Verbs,Jump,SSL400\Dataset - Original\Verbs\Jump\Jump_002.mov
333,Verbs,Knock,SSL400\Dataset - Original\Verbs\Knock\Knock_001.mov
333,Verbs,Knock,SSL400\Dataset - Original\Verbs\Knock\Knock_002.mov
333,Verbs,Knock,SSL400\Dataset - Original\Verbs\Knock\Knock_003.mov
333,Verbs,Knock,SSL400\Dataset - Original\Verbs\Knock\Knock_004.mov
334,Verbs,Laugh,SSL400\Dataset - Original\Verbs\Laugh\Laugh_001.mov
334,Verbs,Laugh,SSL400\Dataset - Original\Verbs\Laugh\Laugh_002.mov
334,Verbs,Laugh,SSL400\Dataset - Original\Verbs\Laugh\Laugh_003.mov
334,Verbs,Laugh,SSL400\Dataset - Original\Verbs\Laugh\Laugh_004.mov
334,Verbs,Laugh,SSL400\Dataset - Original\Verbs\Laugh\Laugh_005.mov
335,Verbs,Lead,SSL400\Dataset - Original\Verbs\Lead\Lead_001.mp4
335,Verbs,Lead,SSL400\Dataset - Original\Verbs\Lead\Lead_002.mp4
335,Verbs,Lead,SSL400\Dataset - Original\Verbs\Lead\Lead_003.mp4
335,Verbs,Lead,SSL400\Dataset - Original\Verbs\Lead\Lead_004.mp4
335,Verbs,Lead,SSL400\Dataset - Original\Verbs\Lead\Lead_005.mp4
335,Verbs,Lead,SSL400\Dataset - Original\Verbs\Lead\Lead_006.mp4
335,Verbs,Lead,SSL400\Dataset - Original\Verbs\Lead\Lead_007.mp4
336,Verbs,Let,SSL400\Dataset - Original\Verbs\Let\Let_001.mp4
336,Verbs,Let,SSL400\Dataset - Original\Verbs\Let\Let_002.mp4
336,Verbs,Let,SSL400\Dataset - Original\Verbs\Let\Let_003.mp4
336,Verbs,Let,SSL400\Dataset - Original\Verbs\Let\Let_004.mp4
337,Verbs,Like,SSL400\Dataset - Original\Verbs\Like\Like_001.mov
337,Verbs,Like,SSL400\Dataset - Original\Verbs\Like\Like_002.mov
337,Verbs,Like,SSL400\Dataset - Original\Verbs\Like\Like_003.mov
337,Verbs,Like,SSL400\Dataset - Original\Verbs\Like\Like_004.mov
337,Verbs,Like,SSL400\Dataset - Original\Verbs\Like\Like_005.mov
337,Verbs,Like,SSL400\Dataset - Original\Verbs\Like\Like_006.mov
337,Verbs,Like,SSL400\Dataset - Original\Verbs\Like\Like_007.mov
338,Verbs,Listen,SSL400\Dataset - Original\Verbs\Listen\Listen_001.mp4
338,Verbs,Listen,SSL400\Dataset - Original\Verbs\Listen\Listen_002.mp4
338,Verbs,Listen,SSL400\Dataset - Original\Verbs\Listen\Listen_003.mp4
338,Verbs,Listen,SSL400\Dataset - Original\Verbs\Listen\Listen_004.mp4
338,Verbs,Listen,SSL400\Dataset - Original\Verbs\Listen\Listen_005.mov
338,Verbs,Listen,SSL400\Dataset - Original\Verbs\Listen\Listen_006.mov
339,Verbs,Look,SSL400\Dataset - Original\Verbs\Look\Look_001.mp4
339,Verbs,Look,SSL400\Dataset - Original\Verbs\Look\Look_002.mp4
339,Verbs,Look,SSL400\Dataset - Original\Verbs\Look\Look_003.mp4
339,Verbs,Look,SSL400\Dataset - Original\Verbs\Look\Look_004.mp4
339,Verbs,Look,SSL400\Dataset - Original\Verbs\Look\Look_005.mp4
339,Verbs,Look,SSL400\Dataset - Original\Verbs\Look\Look_006.mp4
339,Verbs,Look,SSL400\Dataset - Original\Verbs\Look\Look_007.mp4
339,Verbs,Look,SSL400\Dataset - Original\Verbs\Look\Look_008.mp4
339,Verbs,Look,SSL400\Dataset - Original\Verbs\Look\Look_009.mp4
339,Verbs,Look,SSL400\Dataset - Original\Verbs\Look\Look_010.mp4
339,Verbs,Look,SSL400\Dataset - Original\Verbs\Look\Look_011.mp4
339,Verbs,Look,SSL400\Dataset - Original\Verbs\Look\Look_012.mp4
339,Verbs,Look,SSL400\Dataset - Original\Verbs\Look\Look_013.mp4
339,Verbs,Look,SSL400\Dataset - Original\Verbs\Look\Look_014.mp4
339,Verbs,Look,SSL400\Dataset - Original\Verbs\Look\Look_015.mp4
339,Verbs,Look,SSL400\Dataset - Original\Verbs\Look\Look_016.mp4
339,Verbs,Look,SSL400\Dataset - Original\Verbs\Look\Look_017.mp4
339,Verbs,Look,SSL400\Dataset - Original\Verbs\Look\Look_018.mp4
339,Verbs,Look,SSL400\Dataset - Original\Verbs\Look\Look_019.mp4
339,Verbs,Look,SSL400\Dataset - Original\Verbs\Look\Look_020.mp4
339,Verbs,Look,SSL400\Dataset - Original\Verbs\Look\Look_021.mp4
339,Verbs,Look,SSL400\Dataset - Original\Verbs\Look\Look_022.mp4
339,Verbs,Look,SSL400\Dataset - Original\Verbs\Look\Look_023.mp4
339,Verbs,Look,SSL400\Dataset - Original\Verbs\Look\Look_024.mp4
339,Verbs,Look,SSL400\Dataset - Original\Verbs\Look\Look_025.mp4
339,Verbs,Look,SSL400\Dataset - Original\Verbs\Look\Look_026.mov
339,Verbs,Look,SSL400\Dataset - Original\Verbs\Look\Look_027.mov
340,Verbs,Love,SSL400\Dataset - Original\Verbs\Love\Love_001.mp4
340,Verbs,Love,SSL400\Dataset - Original\Verbs\Love\Love_002.mp4
340,Verbs,Love,SSL400\Dataset - Original\Verbs\Love\Love_003.mp4
340,Verbs,Love,SSL400\Dataset - Original\Verbs\Love\Love_004.mp4
340,Verbs,Love,SSL400\Dataset - Original\Verbs\Love\Love_005.mp4
340,Verbs,Love,SSL400\Dataset - Original\Verbs\Love\Love_006.mp4
340,Verbs,Love,SSL400\Dataset - Original\Verbs\Love\Love_007.mp4
340,Verbs,Love,SSL400\Dataset - Original\Verbs\Love\Love_008.mov
341,Verbs,Make,SSL400\Dataset - Original\Verbs\Make\Make_001.mov
341,Verbs,Make,SSL400\Dataset - Original\Verbs\Make\Make_002.mov
342,Verbs,Meet,SSL400\Dataset - Original\Verbs\Meet\Meet_001.mp4
342,Verbs,Meet,SSL400\Dataset - Original\Verbs\Meet\Meet_002.mp4
342,Verbs,Meet,SSL400\Dataset - Original\Verbs\Meet\Meet_003.mp4
342,Verbs,Meet,SSL400\Dataset - Original\Verbs\Meet\Meet_004.mp4
342,Verbs,Meet,SSL400\Dataset - Original\Verbs\Meet\Meet_005.mp4
342,Verbs,Meet,SSL400\Dataset - Original\Verbs\Meet\Meet_006.mp4
342,Verbs,Meet,SSL400\Dataset - Original\Verbs\Meet\Meet_007.mp4
342,Verbs,Meet,SSL400\Dataset - Original\Verbs\Meet\Meet_008.mp4
342,Verbs,Meet,SSL400\Dataset - Original\Verbs\Meet\Meet_009.mp4
342,Verbs,Meet,SSL400\Dataset - Original\Verbs\Meet\Meet_010.mov
342,Verbs,Meet,SSL400\Dataset - Original\Verbs\Meet\Meet_011.mov
342,Verbs,Meet,SSL400\Dataset - Original\Verbs\Meet\Meet_012.mov
342,Verbs,Meet,SSL400\Dataset - Original\Verbs\Meet\Meet_013.mov
342,Verbs,Meet,SSL400\Dataset - Original\Verbs\Meet\Meet_014.mov
342,Verbs,Meet,SSL400\Dataset - Original\Verbs\Meet\Meet_015.mp4
342,Verbs,Meet,SSL400\Dataset - Original\Verbs\Meet\Meet_016.mp4
342,Verbs,Meet,SSL400\Dataset - Original\Verbs\Meet\Meet_017.mp4
342,Verbs,Meet,SSL400\Dataset - Original\Verbs\Meet\Meet_018.mp4
342,Verbs,Meet,SSL400\Dataset - Original\Verbs\Meet\Meet_019.mp4
342,Verbs,Meet,SSL400\Dataset - Original\Verbs\Meet\Meet_020.mp4
342,Verbs,Meet,SSL400\Dataset - Original\Verbs\Meet\Meet_021.mp4
342,Verbs,Meet,SSL400\Dataset - Original\Verbs\Meet\Meet_022.mp4
342,Verbs,Meet,SSL400\Dataset - Original\Verbs\Meet\Meet_023.mp4
342,Verbs,Meet,SSL400\Dataset - Original\Verbs\Meet\Meet_024.mp4
342,Verbs,Meet,SSL400\Dataset - Original\Verbs\Meet\Meet_025.mp4
342,Verbs,Meet,SSL400\Dataset - Original\Verbs\Meet\Meet_026.mp4
342,Verbs,Meet,SSL400\Dataset - Original\Verbs\Meet\Meet_027.mp4
342,Verbs,Meet,SSL400\Dataset - Original\Verbs\Meet\Meet_028.mp4
342,Verbs,Meet,SSL400\Dataset - Original\Verbs\Meet\Meet_029.mp4
342,Verbs,Meet,SSL400\Dataset - Original\Verbs\Meet\Meet_030.mp4
342,Verbs,Meet,SSL400\Dataset - Original\Verbs\Meet\Meet_031.mp4
342,Verbs,Meet,SSL400\Dataset - Original\Verbs\Meet\Meet_032.mp4
342,Verbs,Meet,SSL400\Dataset - Original\Verbs\Meet\Meet_033.mp4
342,Verbs,Meet,SSL400\Dataset - Original\Verbs\Meet\Meet_034.mp4
343,Verbs,Now,SSL400\Dataset - Original\Verbs\Now\Now_001.mov
343,Verbs,Now,SSL400\Dataset - Original\Verbs\Now\Now_002.mov
344,Verbs,Open,SSL400\Dataset - Original\Verbs\Open\Open_001.mp4
344,Verbs,Open,SSL400\Dataset - Original\Verbs\Open\Open_002.mp4
344,Verbs,Open,SSL400\Dataset - Original\Verbs\Open\Open_003.mp4
344,Verbs,Open,SSL400\Dataset - Original\Verbs\Open\Open_004.mp4
344,Verbs,Open,SSL400\Dataset - Original\Verbs\Open\Open_005.mp4
344,Verbs,Open,SSL400\Dataset - Original\Verbs\Open\Open_006.mov
344,Verbs,Open,SSL400\Dataset - Original\Verbs\Open\Open_007.mov
345,Verbs,Order,SSL400\Dataset - Original\Verbs\Order\Order_001.mp4
345,Verbs,Order,SSL400\Dataset - Original\Verbs\Order\Order_002.mp4
345,Verbs,Order,SSL400\Dataset - Original\Verbs\Order\Order_003.mp4
345,Verbs,Order,SSL400\Dataset - Original\Verbs\Order\Order_004.mp4
345,Verbs,Order,SSL400\Dataset - Original\Verbs\Order\Order_005.mp4
345,Verbs,Order,SSL400\Dataset - Original\Verbs\Order\Order_006.mp4
345,Verbs,Order,SSL400\Dataset - Original\Verbs\Order\Order_007.mp4
345,Verbs,Order,SSL400\Dataset - Original\Verbs\Order\Order_008.mp4
345,Verbs,Order,SSL400\Dataset - Original\Verbs\Order\Order_009.mp4
345,Verbs,Order,SSL400\Dataset - Original\Verbs\Order\Order_010.mp4
346,Verbs,Peeing,SSL400\Dataset - Original\Verbs\Peeing\Peeing_001.mp4
346,Verbs,Peeing,SSL400\Dataset - Original\Verbs\Peeing\Peeing_002.mp4
346,Verbs,Peeing,SSL400\Dataset - Original\Verbs\Peeing\Peeing_003.mp4
346,Verbs,Peeing,SSL400\Dataset - Original\Verbs\Peeing\Peeing_004.mp4
346,Verbs,Peeing,SSL400\Dataset - Original\Verbs\Peeing\Peeing_005.mp4
346,Verbs,Peeing,SSL400\Dataset - Original\Verbs\Peeing\Peeing_006.mov
347,Verbs,Play,SSL400\Dataset - Original\Verbs\Play\Play_001.mp4
347,Verbs,Play,SSL400\Dataset - Original\Verbs\Play\Play_002.mp4
347,Verbs,Play,SSL400\Dataset - Original\Verbs\Play\Play_003.mp4
347,Verbs,Play,SSL400\Dataset - Original\Verbs\Play\Play_004.mp4
347,Verbs,Play,SSL400\Dataset - Original\Verbs\Play\Play_005.mp4
347,Verbs,Play,SSL400\Dataset - Original\Verbs\Play\Play_006.mp4
347,Verbs,Play,SSL400\Dataset - Original\Verbs\Play\Play_007.mp4
347,Verbs,Play,SSL400\Dataset - Original\Verbs\Play\Play_008.mp4
347,Verbs,Play,SSL400\Dataset - Original\Verbs\Play\Play_009.mp4
347,Verbs,Play,SSL400\Dataset - Original\Verbs\Play\Play_010.mp4
347,Verbs,Play,SSL400\Dataset - Original\Verbs\Play\Play_011.mp4
347,Verbs,Play,SSL400\Dataset - Original\Verbs\Play\Play_012.mp4
347,Verbs,Play,SSL400\Dataset - Original\Verbs\Play\Play_013.mp4
347,Verbs,Play,SSL400\Dataset - Original\Verbs\Play\Play_014.mp4
347,Verbs,Play,SSL400\Dataset - Original\Verbs\Play\Play_015.mp4
347,Verbs,Play,SSL400\Dataset - Original\Verbs\Play\Play_016.mp4
347,Verbs,Play,SSL400\Dataset - Original\Verbs\Play\Play_017.mp4
347,Verbs,Play,SSL400\Dataset - Original\Verbs\Play\Play_018.mp4
347,Verbs,Play,SSL400\Dataset - Original\Verbs\Play\Play_019.mp4
347,Verbs,Play,SSL400\Dataset - Original\Verbs\Play\Play_020.mp4
347,Verbs,Play,SSL400\Dataset - Original\Verbs\Play\Play_021.mp4
347,Verbs,Play,SSL400\Dataset - Original\Verbs\Play\Play_022.mp4
347,Verbs,Play,SSL400\Dataset - Original\Verbs\Play\Play_023.mp4
347,Verbs,Play,SSL400\Dataset - Original\Verbs\Play\Play_024.mp4
347,Verbs,Play,SSL400\Dataset - Original\Verbs\Play\Play_025.mov
347,Verbs,Play,SSL400\Dataset - Original\Verbs\Play\Play_026.mov
348,Verbs,Pull,SSL400\Dataset - Original\Verbs\Pull\Pull_001.mp4
348,Verbs,Pull,SSL400\Dataset - Original\Verbs\Pull\Pull_002.mp4
348,Verbs,Pull,SSL400\Dataset - Original\Verbs\Pull\Pull_003.mp4
348,Verbs,Pull,SSL400\Dataset - Original\Verbs\Pull\Pull_004.mp4
348,Verbs,Pull,SSL400\Dataset - Original\Verbs\Pull\Pull_005.mp4
348,Verbs,Pull,SSL400\Dataset - Original\Verbs\Pull\Pull_006.mp4
348,Verbs,Pull,SSL400\Dataset - Original\Verbs\Pull\Pull_007.mp4
348,Verbs,Pull,SSL400\Dataset - Original\Verbs\Pull\Pull_008.mp4
348,Verbs,Pull,SSL400\Dataset - Original\Verbs\Pull\Pull_009.mp4
348,Verbs,Pull,SSL400\Dataset - Original\Verbs\Pull\Pull_010.mov
348,Verbs,Pull,SSL400\Dataset - Original\Verbs\Pull\Pull_011.mov
349,Verbs,Put,SSL400\Dataset - Original\Verbs\Put\Put_001.mov
349,Verbs,Put,SSL400\Dataset - Original\Verbs\Put\Put_002.mov
349,Verbs,Put,SSL400\Dataset - Original\Verbs\Put\Put_003.mov
349,Verbs,Put,SSL400\Dataset - Original\Verbs\Put\Put_004.mov
350,Verbs,Quickly,SSL400\Dataset - Original\Verbs\Quickly\Quickly_001.mov
351,Verbs,Run,SSL400\Dataset - Original\Verbs\Run\Run_001.mp4
351,Verbs,Run,SSL400\Dataset - Original\Verbs\Run\Run_002.mp4
351,Verbs,Run,SSL400\Dataset - Original\Verbs\Run\Run_003.mp4
351,Verbs,Run,SSL400\Dataset - Original\Verbs\Run\Run_004.mp4
351,Verbs,Run,SSL400\Dataset - Original\Verbs\Run\Run_005.mp4
351,Verbs,Run,SSL400\Dataset - Original\Verbs\Run\Run_006.mp4
351,Verbs,Run,SSL400\Dataset - Original\Verbs\Run\Run_007.mp4
351,Verbs,Run,SSL400\Dataset - Original\Verbs\Run\Run_008.mp4
351,Verbs,Run,SSL400\Dataset - Original\Verbs\Run\Run_009.mp4
351,Verbs,Run,SSL400\Dataset - Original\Verbs\Run\Run_010.mp4
351,Verbs,Run,SSL400\Dataset - Original\Verbs\Run\Run_011.mp4
351,Verbs,Run,SSL400\Dataset - Original\Verbs\Run\Run_012.mp4
351,Verbs,Run,SSL400\Dataset - Original\Verbs\Run\Run_013.mp4
351,Verbs,Run,SSL400\Dataset - Original\Verbs\Run\Run_014.mp4
351,Verbs,Run,SSL400\Dataset - Original\Verbs\Run\Run_015.mp4
351,Verbs,Run,SSL400\Dataset - Original\Verbs\Run\Run_016.mp4
351,Verbs,Run,SSL400\Dataset - Original\Verbs\Run\Run_017.mp4
351,Verbs,Run,SSL400\Dataset - Original\Verbs\Run\Run_018.mp4
351,Verbs,Run,SSL400\Dataset - Original\Verbs\Run\Run_019.mp4
351,Verbs,Run,SSL400\Dataset - Original\Verbs\Run\Run_020.mp4
351,Verbs,Run,SSL400\Dataset - Original\Verbs\Run\Run_021.mp4
351,Verbs,Run,SSL400\Dataset - Original\Verbs\Run\Run_022.mp4
351,Verbs,Run,SSL400\Dataset - Original\Verbs\Run\Run_023.mp4
351,Verbs,Run,SSL400\Dataset - Original\Verbs\Run\Run_024.mp4
351,Verbs,Run,SSL400\Dataset - Original\Verbs\Run\Run_025.mov
351,Verbs,Run,SSL400\Dataset - Original\Verbs\Run\Run_026.mov
352,Verbs,Scratch,SSL400\Dataset - Original\Verbs\Scratch\Scratch_001.mov
352,Verbs,Scratch,SSL400\Dataset - Original\Verbs\Scratch\Scratch_002.mov
352,Verbs,Scratch,SSL400\Dataset - Original\Verbs\Scratch\Scratch_003.mov
353,Verbs,Search,SSL400\Dataset - Original\Verbs\Search\Search_001.mov
353,Verbs,Search,SSL400\Dataset - Original\Verbs\Search\Search_002.mov
354,Verbs,See,SSL400\Dataset - Original\Verbs\See\See_001.mp4
354,Verbs,See,SSL400\Dataset - Original\Verbs\See\See_002.mp4
354,Verbs,See,SSL400\Dataset - Original\Verbs\See\See_003.mp4
354,Verbs,See,SSL400\Dataset - Original\Verbs\See\See_004.mp4
354,Verbs,See,SSL400\Dataset - Original\Verbs\See\See_005.mp4
354,Verbs,See,SSL400\Dataset - Original\Verbs\See\See_006.mp4
354,Verbs,See,SSL400\Dataset - Original\Verbs\See\See_007.mp4
354,Verbs,See,SSL400\Dataset - Original\Verbs\See\See_008.mp4
354,Verbs,See,SSL400\Dataset - Original\Verbs\See\See_009.mp4
354,Verbs,See,SSL400\Dataset - Original\Verbs\See\See_010.mp4
354,Verbs,See,SSL400\Dataset - Original\Verbs\See\See_011.mp4
354,Verbs,See,SSL400\Dataset - Original\Verbs\See\See_012.mp4
354,Verbs,See,SSL400\Dataset - Original\Verbs\See\See_013.mp4
354,Verbs,See,SSL400\Dataset - Original\Verbs\See\See_014.mp4
354,Verbs,See,SSL400\Dataset - Original\Verbs\See\See_015.mp4
354,Verbs,See,SSL400\Dataset - Original\Verbs\See\See_016.mp4
354,Verbs,See,SSL400\Dataset - Original\Verbs\See\See_017.mp4
354,Verbs,See,SSL400\Dataset - Original\Verbs\See\See_018.mp4
354,Verbs,See,SSL400\Dataset - Original\Verbs\See\See_019.mp4
354,Verbs,See,SSL400\Dataset - Original\Verbs\See\See_020.mp4
354,Verbs,See,SSL400\Dataset - Original\Verbs\See\See_021.mp4
354,Verbs,See,SSL400\Dataset - Original\Verbs\See\See_022.mp4
354,Verbs,See,SSL400\Dataset - Original\Verbs\See\See_023.mp4
354,Verbs,See,SSL400\Dataset - Original\Verbs\See\See_024.mov
354,Verbs,See,SSL400\Dataset - Original\Verbs\See\See_025.mov
354,Verbs,See,SSL400\Dataset - Original\Verbs\See\See_026.mov
354,Verbs,See,SSL400\Dataset - Original\Verbs\See\See_027.mov
354,Verbs,See,SSL400\Dataset - Original\Verbs\See\See_028.mov
354,Verbs,See,SSL400\Dataset - Original\Verbs\See\See_029.mov
354,Verbs,See,SSL400\Dataset - Original\Verbs\See\See_030.mov
354,Verbs,See,SSL400\Dataset - Original\Verbs\See\See_031.mov
354,Verbs,See,SSL400\Dataset - Original\Verbs\See\See_032.mov
355,Verbs,Select,SSL400\Dataset - Original\Verbs\Select\Select_001.mov
355,Verbs,Select,SSL400\Dataset - Original\Verbs\Select\Select_002.mov
355,Verbs,Select,SSL400\Dataset - Original\Verbs\Select\Select_003.mov
356,Verbs,Sell,SSL400\Dataset - Original\Verbs\Sell\Sell_001.mp4
356,Verbs,Sell,SSL400\Dataset - Original\Verbs\Sell\Sell_002.mp4
356,Verbs,Sell,SSL400\Dataset - Original\Verbs\Sell\Sell_003.mp4
356,Verbs,Sell,SSL400\Dataset - Original\Verbs\Sell\Sell_004.mp4
356,Verbs,Sell,SSL400\Dataset - Original\Verbs\Sell\Sell_005.mp4
356,Verbs,Sell,SSL400\Dataset - Original\Verbs\Sell\Sell_006.mp4
356,Verbs,Sell,SSL400\Dataset - Original\Verbs\Sell\Sell_007.mp4
356,Verbs,Sell,SSL400\Dataset - Original\Verbs\Sell\Sell_008.mp4
356,Verbs,Sell,SSL400\Dataset - Original\Verbs\Sell\Sell_009.mp4
356,Verbs,Sell,SSL400\Dataset - Original\Verbs\Sell\Sell_010.mp4
356,Verbs,Sell,SSL400\Dataset - Original\Verbs\Sell\Sell_011.mp4
356,Verbs,Sell,SSL400\Dataset - Original\Verbs\Sell\Sell_012.mp4
356,Verbs,Sell,SSL400\Dataset - Original\Verbs\Sell\Sell_013.mp4
356,Verbs,Sell,SSL400\Dataset - Original\Verbs\Sell\Sell_014.mp4
356,Verbs,Sell,SSL400\Dataset - Original\Verbs\Sell\Sell_015.mp4
356,Verbs,Sell,SSL400\Dataset - Original\Verbs\Sell\Sell_016.mp4
356,Verbs,Sell,SSL400\Dataset - Original\Verbs\Sell\Sell_017.mp4
356,Verbs,Sell,SSL400\Dataset - Original\Verbs\Sell\Sell_018.mp4
356,Verbs,Sell,SSL400\Dataset - Original\Verbs\Sell\Sell_019.mp4
356,Verbs,Sell,SSL400\Dataset - Original\Verbs\Sell\Sell_020.mp4
356,Verbs,Sell,SSL400\Dataset - Original\Verbs\Sell\Sell_021.mp4
356,Verbs,Sell,SSL400\Dataset - Original\Verbs\Sell\Sell_022.mp4
356,Verbs,Sell,SSL400\Dataset - Original\Verbs\Sell\Sell_023.mp4
356,Verbs,Sell,SSL400\Dataset - Original\Verbs\Sell\Sell_024.mp4
356,Verbs,Sell,SSL400\Dataset - Original\Verbs\Sell\Sell_025.mov
356,Verbs,Sell,SSL400\Dataset - Original\Verbs\Sell\Sell_026.mov
357,Verbs,Show,SSL400\Dataset - Original\Verbs\Show\Show_001.mp4
357,Verbs,Show,SSL400\Dataset - Original\Verbs\Show\Show_002.mp4
357,Verbs,Show,SSL400\Dataset - Original\Verbs\Show\Show_003.mp4
357,Verbs,Show,SSL400\Dataset - Original\Verbs\Show\Show_004.mp4
357,Verbs,Show,SSL400\Dataset - Original\Verbs\Show\Show_005.mp4
357,Verbs,Show,SSL400\Dataset - Original\Verbs\Show\Show_006.mp4
357,Verbs,Show,SSL400\Dataset - Original\Verbs\Show\Show_007.mp4
357,Verbs,Show,SSL400\Dataset - Original\Verbs\Show\Show_008.mp4
357,Verbs,Show,SSL400\Dataset - Original\Verbs\Show\Show_009.mp4
358,Verbs,Sit,SSL400\Dataset - Original\Verbs\Sit\Sit_001.mov
358,Verbs,Sit,SSL400\Dataset - Original\Verbs\Sit\Sit_002.mov
359,Verbs,Sleep,SSL400\Dataset - Original\Verbs\Sleep\Sleep_001.mp4
359,Verbs,Sleep,SSL400\Dataset - Original\Verbs\Sleep\Sleep_002.mp4
359,Verbs,Sleep,SSL400\Dataset - Original\Verbs\Sleep\Sleep_003.mp4
359,Verbs,Sleep,SSL400\Dataset - Original\Verbs\Sleep\Sleep_004.mp4
359,Verbs,Sleep,SSL400\Dataset - Original\Verbs\Sleep\Sleep_005.mp4
359,Verbs,Sleep,SSL400\Dataset - Original\Verbs\Sleep\Sleep_006.mp4
359,Verbs,Sleep,SSL400\Dataset - Original\Verbs\Sleep\Sleep_007.mp4
359,Verbs,Sleep,SSL400\Dataset - Original\Verbs\Sleep\Sleep_008.mp4
359,Verbs,Sleep,SSL400\Dataset - Original\Verbs\Sleep\Sleep_009.mp4
359,Verbs,Sleep,SSL400\Dataset - Original\Verbs\Sleep\Sleep_010.mp4
359,Verbs,Sleep,SSL400\Dataset - Original\Verbs\Sleep\Sleep_011.mp4
359,Verbs,Sleep,SSL400\Dataset - Original\Verbs\Sleep\Sleep_012.mp4
359,Verbs,Sleep,SSL400\Dataset - Original\Verbs\Sleep\Sleep_013.mp4
359,Verbs,Sleep,SSL400\Dataset - Original\Verbs\Sleep\Sleep_014.mp4
359,Verbs,Sleep,SSL400\Dataset - Original\Verbs\Sleep\Sleep_015.mp4
359,Verbs,Sleep,SSL400\Dataset - Original\Verbs\Sleep\Sleep_016.mp4
359,Verbs,Sleep,SSL400\Dataset - Original\Verbs\Sleep\Sleep_017.mp4
359,Verbs,Sleep,SSL400\Dataset - Original\Verbs\Sleep\Sleep_018.mp4
359,Verbs,Sleep,SSL400\Dataset - Original\Verbs\Sleep\Sleep_019.mp4
359,Verbs,Sleep,SSL400\Dataset - Original\Verbs\Sleep\Sleep_020.mp4
359,Verbs,Sleep,SSL400\Dataset - Original\Verbs\Sleep\Sleep_021.mp4
359,Verbs,Sleep,SSL400\Dataset - Original\Verbs\Sleep\Sleep_022.mp4
359,Verbs,Sleep,SSL400\Dataset - Original\Verbs\Sleep\Sleep_023.mp4
359,Verbs,Sleep,SSL400\Dataset - Original\Verbs\Sleep\Sleep_024.mp4
359,Verbs,Sleep,SSL400\Dataset - Original\Verbs\Sleep\Sleep_025.mp4
359,Verbs,Sleep,SSL400\Dataset - Original\Verbs\Sleep\Sleep_026.mov
359,Verbs,Sleep,SSL400\Dataset - Original\Verbs\Sleep\Sleep_027.mov
360,Verbs,Smile,SSL400\Dataset - Original\Verbs\Smile\Smile_001.mov
360,Verbs,Smile,SSL400\Dataset - Original\Verbs\Smile\Smile_002.mov
360,Verbs,Smile,SSL400\Dataset - Original\Verbs\Smile\Smile_003.mov
361,Verbs,Stop,SSL400\Dataset - Original\Verbs\Stop\Stop_001.mp4
361,Verbs,Stop,SSL400\Dataset - Original\Verbs\Stop\Stop_002.mp4
361,Verbs,Stop,SSL400\Dataset - Original\Verbs\Stop\Stop_003.mp4
361,Verbs,Stop,SSL400\Dataset - Original\Verbs\Stop\Stop_004.mp4
361,Verbs,Stop,SSL400\Dataset - Original\Verbs\Stop\Stop_005.mp4
361,Verbs,Stop,SSL400\Dataset - Original\Verbs\Stop\Stop_006.mov
361,Verbs,Stop,SSL400\Dataset - Original\Verbs\Stop\Stop_007.mov
362,Verbs,Study,SSL400\Dataset - Original\Verbs\Study\Study_001.mov
362,Verbs,Study,SSL400\Dataset - Original\Verbs\Study\Study_002.mov
362,Verbs,Study,SSL400\Dataset - Original\Verbs\Study\Study_003.mov
362,Verbs,Study,SSL400\Dataset - Original\Verbs\Study\Study_004.mov
362,Verbs,Study,SSL400\Dataset - Original\Verbs\Study\Study_005.mov
363,Verbs,Sweep,SSL400\Dataset - Original\Verbs\Sweep\Sweep_001.mov
363,Verbs,Sweep,SSL400\Dataset - Original\Verbs\Sweep\Sweep_002.mov
364,Verbs,Swim,SSL400\Dataset - Original\Verbs\Swim\Swim_001.mp4
364,Verbs,Swim,SSL400\Dataset - Original\Verbs\Swim\Swim_002.mp4
364,Verbs,Swim,SSL400\Dataset - Original\Verbs\Swim\Swim_003.mp4
364,Verbs,Swim,SSL400\Dataset - Original\Verbs\Swim\Swim_004.mp4
364,Verbs,Swim,SSL400\Dataset - Original\Verbs\Swim\Swim_005.mov
365,Verbs,Take,SSL400\Dataset - Original\Verbs\Take\Take_001.mov
365,Verbs,Take,SSL400\Dataset - Original\Verbs\Take\Take_002.mov
365,Verbs,Take,SSL400\Dataset - Original\Verbs\Take\Take_003.mov
366,Verbs,Talk,SSL400\Dataset - Original\Verbs\Talk\Talk_001.mov
366,Verbs,Talk,SSL400\Dataset - Original\Verbs\Talk\Talk_002.mov
367,Verbs,Teach,SSL400\Dataset - Original\Verbs\Teach\Teach_001.mp4
367,Verbs,Teach,SSL400\Dataset - Original\Verbs\Teach\Teach_002.mp4
367,Verbs,Teach,SSL400\Dataset - Original\Verbs\Teach\Teach_003.mp4
367,Verbs,Teach,SSL400\Dataset - Original\Verbs\Teach\Teach_004.mp4
367,Verbs,Teach,SSL400\Dataset - Original\Verbs\Teach\Teach_005.mp4
367,Verbs,Teach,SSL400\Dataset - Original\Verbs\Teach\Teach_006.mp4
367,Verbs,Teach,SSL400\Dataset - Original\Verbs\Teach\Teach_007.mp4
367,Verbs,Teach,SSL400\Dataset - Original\Verbs\Teach\Teach_008.mp4
367,Verbs,Teach,SSL400\Dataset - Original\Verbs\Teach\Teach_009.mp4
367,Verbs,Teach,SSL400\Dataset - Original\Verbs\Teach\Teach_010.mp4
367,Verbs,Teach,SSL400\Dataset - Original\Verbs\Teach\Teach_011.mp4
367,Verbs,Teach,SSL400\Dataset - Original\Verbs\Teach\Teach_012.mp4
367,Verbs,Teach,SSL400\Dataset - Original\Verbs\Teach\Teach_013.mp4
367,Verbs,Teach,SSL400\Dataset - Original\Verbs\Teach\Teach_014.mp4
367,Verbs,Teach,SSL400\Dataset - Original\Verbs\Teach\Teach_015.mp4
367,Verbs,Teach,SSL400\Dataset - Original\Verbs\Teach\Teach_016.mp4
367,Verbs,Teach,SSL400\Dataset - Original\Verbs\Teach\Teach_017.mp4
367,Verbs,Teach,SSL400\Dataset - Original\Verbs\Teach\Teach_018.mp4
367,Verbs,Teach,SSL400\Dataset - Original\Verbs\Teach\Teach_019.mp4
367,Verbs,Teach,SSL400\Dataset - Original\Verbs\Teach\Teach_020.mp4
367,Verbs,Teach,SSL400\Dataset - Original\Verbs\Teach\Teach_021.mp4
367,Verbs,Teach,SSL400\Dataset - Original\Verbs\Teach\Teach_022.mp4
367,Verbs,Teach,SSL400\Dataset - Original\Verbs\Teach\Teach_023.mp4
367,Verbs,Teach,SSL400\Dataset - Original\Verbs\Teach\Teach_024.mp4
368,Verbs,Tear,SSL400\Dataset - Original\Verbs\Tear\Tear_001.mov
368,Verbs,Tear,SSL400\Dataset - Original\Verbs\Tear\Tear_002.mov
368,Verbs,Tear,SSL400\Dataset - Original\Verbs\Tear\Tear_003.mov
369,Verbs,Tell,SSL400\Dataset - Original\Verbs\Tell\Tell_001.mp4
369,Verbs,Tell,SSL400\Dataset - Original\Verbs\Tell\Tell_002.mp4
369,Verbs,Tell,SSL400\Dataset - Original\Verbs\Tell\Tell_003.mp4
369,Verbs,Tell,SSL400\Dataset - Original\Verbs\Tell\Tell_004.mp4
369,Verbs,Tell,SSL400\Dataset - Original\Verbs\Tell\Tell_005.mp4
369,Verbs,Tell,SSL400\Dataset - Original\Verbs\Tell\Tell_006.mp4
369,Verbs,Tell,SSL400\Dataset - Original\Verbs\Tell\Tell_007.mp4
369,Verbs,Tell,SSL400\Dataset - Original\Verbs\Tell\Tell_008.mp4
369,Verbs,Tell,SSL400\Dataset - Original\Verbs\Tell\Tell_009.mp4
369,Verbs,Tell,SSL400\Dataset - Original\Verbs\Tell\Tell_010.mp4
369,Verbs,Tell,SSL400\Dataset - Original\Verbs\Tell\Tell_011.mp4
369,Verbs,Tell,SSL400\Dataset - Original\Verbs\Tell\Tell_012.mp4
369,Verbs,Tell,SSL400\Dataset - Original\Verbs\Tell\Tell_013.mp4
369,Verbs,Tell,SSL400\Dataset - Original\Verbs\Tell\Tell_014.mp4
369,Verbs,Tell,SSL400\Dataset - Original\Verbs\Tell\Tell_015.mp4
369,Verbs,Tell,SSL400\Dataset - Original\Verbs\Tell\Tell_016.mp4
369,Verbs,Tell,SSL400\Dataset - Original\Verbs\Tell\Tell_017.mp4
369,Verbs,Tell,SSL400\Dataset - Original\Verbs\Tell\Tell_018.mp4
369,Verbs,Tell,SSL400\Dataset - Original\Verbs\Tell\Tell_019.mp4
369,Verbs,Tell,SSL400\Dataset - Original\Verbs\Tell\Tell_020.mp4
369,Verbs,Tell,SSL400\Dataset - Original\Verbs\Tell\Tell_021.mp4
369,Verbs,Tell,SSL400\Dataset - Original\Verbs\Tell\Tell_022.mp4
369,Verbs,Tell,SSL400\Dataset - Original\Verbs\Tell\Tell_023.mp4
369,Verbs,Tell,SSL400\Dataset - Original\Verbs\Tell\Tell_024.mp4
369,Verbs,Tell,SSL400\Dataset - Original\Verbs\Tell\Tell_025.mp4
369,Verbs,Tell,SSL400\Dataset - Original\Verbs\Tell\Tell_026.mp4
369,Verbs,Tell,SSL400\Dataset - Original\Verbs\Tell\Tell_027.mp4
369,Verbs,Tell,SSL400\Dataset - Original\Verbs\Tell\Tell_028.mp4
369,Verbs,Tell,SSL400\Dataset - Original\Verbs\Tell\Tell_029.mp4
369,Verbs,Tell,SSL400\Dataset - Original\Verbs\Tell\Tell_030.mp4
369,Verbs,Tell,SSL400\Dataset - Original\Verbs\Tell\Tell_031.mp4
369,Verbs,Tell,SSL400\Dataset - Original\Verbs\Tell\Tell_032.mp4
369,Verbs,Tell,SSL400\Dataset - Original\Verbs\Tell\Tell_033.mp4
369,Verbs,Tell,SSL400\Dataset - Original\Verbs\Tell\Tell_034.mp4
369,Verbs,Tell,SSL400\Dataset - Original\Verbs\Tell\Tell_035.mp4
370,Verbs,Text,SSL400\Dataset - Original\Verbs\Text\Text_001.mp4
370,Verbs,Text,SSL400\Dataset - Original\Verbs\Text\Text_002.mp4
370,Verbs,Text,SSL400\Dataset - Original\Verbs\Text\Text_003.mp4
370,Verbs,Text,SSL400\Dataset - Original\Verbs\Text\Text_004.mp4
370,Verbs,Text,SSL400\Dataset - Original\Verbs\Text\Text_005.mp4
370,Verbs,Text,SSL400\Dataset - Original\Verbs\Text\Text_006.mp4
371,Verbs,Think,SSL400\Dataset - Original\Verbs\Think\Think_001.mp4
371,Verbs,Think,SSL400\Dataset - Original\Verbs\Think\Think_002.mp4
371,Verbs,Think,SSL400\Dataset - Original\Verbs\Think\Think_003.mp4
371,Verbs,Think,SSL400\Dataset - Original\Verbs\Think\Think_004.mp4
371,Verbs,Think,SSL400\Dataset - Original\Verbs\Think\Think_005.mp4
371,Verbs,Think,SSL400\Dataset - Original\Verbs\Think\Think_006.mp4
371,Verbs,Think,SSL400\Dataset - Original\Verbs\Think\Think_007.mp4
372,Verbs,Throw,SSL400\Dataset - Original\Verbs\Throw\Throw_001.mov
372,Verbs,Throw,SSL400\Dataset - Original\Verbs\Throw\Throw_002.mov
373,Verbs,Trust,SSL400\Dataset - Original\Verbs\Trust\Trust_001.mov
374,Verbs,Understand,SSL400\Dataset - Original\Verbs\Understand\Understand_001.mov
374,Verbs,Understand,SSL400\Dataset - Original\Verbs\Understand\Understand_002.mov
374,Verbs,Understand,SSL400\Dataset - Original\Verbs\Understand\Understand_003.mov
374,Verbs,Understand,SSL400\Dataset - Original\Verbs\Understand\Understand_004.mov
374,Verbs,Understand,SSL400\Dataset - Original\Verbs\Understand\Understand_005.mov
374,Verbs,Understand,SSL400\Dataset - Original\Verbs\Understand\Understand_006.mov
375,Verbs,Use,SSL400\Dataset - Original\Verbs\Use\Use_001.mp4
375,Verbs,Use,SSL400\Dataset - Original\Verbs\Use\Use_002.mp4
375,Verbs,Use,SSL400\Dataset - Original\Verbs\Use\Use_003.mp4
375,Verbs,Use,SSL400\Dataset - Original\Verbs\Use\Use_004.mp4
375,Verbs,Use,SSL400\Dataset - Original\Verbs\Use\Use_005.mp4
376,Verbs,Visit,SSL400\Dataset - Original\Verbs\Visit\Visit_001.mp4
376,Verbs,Visit,SSL400\Dataset - Original\Verbs\Visit\Visit_002.mp4
376,Verbs,Visit,SSL400\Dataset - Original\Verbs\Visit\Visit_003.mp4
376,Verbs,Visit,SSL400\Dataset - Original\Verbs\Visit\Visit_004.mp4
376,Verbs,Visit,SSL400\Dataset - Original\Verbs\Visit\Visit_005.mp4
376,Verbs,Visit,SSL400\Dataset - Original\Verbs\Visit\Visit_006.mp4
376,Verbs,Visit,SSL400\Dataset - Original\Verbs\Visit\Visit_007.mp4
376,Verbs,Visit,SSL400\Dataset - Original\Verbs\Visit\Visit_008.mp4
376,Verbs,Visit,SSL400\Dataset - Original\Verbs\Visit\Visit_009.mp4
377,Verbs,Walk,SSL400\Dataset - Original\Verbs\Walk\Walk_001.mp4
377,Verbs,Walk,SSL400\Dataset - Original\Verbs\Walk\Walk_002.mp4
377,Verbs,Walk,SSL400\Dataset - Original\Verbs\Walk\Walk_003.mp4
377,Verbs,Walk,SSL400\Dataset - Original\Verbs\Walk\Walk_004.mp4
377,Verbs,Walk,SSL400\Dataset - Original\Verbs\Walk\Walk_005.mp4
377,Verbs,Walk,SSL400\Dataset - Original\Verbs\Walk\Walk_006.mp4
377,Verbs,Walk,SSL400\Dataset - Original\Verbs\Walk\Walk_007.mp4
377,Verbs,Walk,SSL400\Dataset - Original\Verbs\Walk\Walk_008.mp4
377,Verbs,Walk,SSL400\Dataset - Original\Verbs\Walk\Walk_009.mp4
377,Verbs,Walk,SSL400\Dataset - Original\Verbs\Walk\Walk_010.mp4
377,Verbs,Walk,SSL400\Dataset - Original\Verbs\Walk\Walk_011.mp4
377,Verbs,Walk,SSL400\Dataset - Original\Verbs\Walk\Walk_012.mp4
377,Verbs,Walk,SSL400\Dataset - Original\Verbs\Walk\Walk_013.mp4
377,Verbs,Walk,SSL400\Dataset - Original\Verbs\Walk\Walk_014.mp4
377,Verbs,Walk,SSL400\Dataset - Original\Verbs\Walk\Walk_015.mp4
377,Verbs,Walk,SSL400\Dataset - Original\Verbs\Walk\Walk_016.mp4
377,Verbs,Walk,SSL400\Dataset - Original\Verbs\Walk\Walk_017.mp4
377,Verbs,Walk,SSL400\Dataset - Original\Verbs\Walk\Walk_018.mp4
377,Verbs,Walk,SSL400\Dataset - Original\Verbs\Walk\Walk_019.mp4
377,Verbs,Walk,SSL400\Dataset - Original\Verbs\Walk\Walk_020.mp4
377,Verbs,Walk,SSL400\Dataset - Original\Verbs\Walk\Walk_021.mp4
377,Verbs,Walk,SSL400\Dataset - Original\Verbs\Walk\Walk_022.mp4
377,Verbs,Walk,SSL400\Dataset - Original\Verbs\Walk\Walk_023.mp4
377,Verbs,Walk,SSL400\Dataset - Original\Verbs\Walk\Walk_024.mp4
377,Verbs,Walk,SSL400\Dataset - Original\Verbs\Walk\Walk_025.mov
377,Verbs,Walk,SSL400\Dataset - Original\Verbs\Walk\Walk_026.mov
377,Verbs,Walk,SSL400\Dataset - Original\Verbs\Walk\Walk_027.mov
378,Verbs,Want,SSL400\Dataset - Original\Verbs\Want\Want_001.mp4
378,Verbs,Want,SSL400\Dataset - Original\Verbs\Want\Want_002.mp4
378,Verbs,Want,SSL400\Dataset - Original\Verbs\Want\Want_003.mp4
378,Verbs,Want,SSL400\Dataset - Original\Verbs\Want\Want_004.mp4
378,Verbs,Want,SSL400\Dataset - Original\Verbs\Want\Want_005.mp4
378,Verbs,Want,SSL400\Dataset - Original\Verbs\Want\Want_006.mp4
378,Verbs,Want,SSL400\Dataset - Original\Verbs\Want\Want_007.mp4
378,Verbs,Want,SSL400\Dataset - Original\Verbs\Want\Want_008.mp4
378,Verbs,Want,SSL400\Dataset - Original\Verbs\Want\Want_009.mp4
378,Verbs,Want,SSL400\Dataset - Original\Verbs\Want\Want_010.mp4
378,Verbs,Want,SSL400\Dataset - Original\Verbs\Want\Want_011.mp4
378,Verbs,Want,SSL400\Dataset - Original\Verbs\Want\Want_012.mp4
378,Verbs,Want,SSL400\Dataset - Original\Verbs\Want\Want_013.mp4
378,Verbs,Want,SSL400\Dataset - Original\Verbs\Want\Want_014.mp4
378,Verbs,Want,SSL400\Dataset - Original\Verbs\Want\Want_015.mp4
378,Verbs,Want,SSL400\Dataset - Original\Verbs\Want\Want_016.mp4
378,Verbs,Want,SSL400\Dataset - Original\Verbs\Want\Want_017.mp4
378,Verbs,Want,SSL400\Dataset - Original\Verbs\Want\Want_018.mp4
378,Verbs,Want,SSL400\Dataset - Original\Verbs\Want\Want_019.mp4
378,Verbs,Want,SSL400\Dataset - Original\Verbs\Want\Want_020.mp4
378,Verbs,Want,SSL400\Dataset - Original\Verbs\Want\Want_021.mp4
378,Verbs,Want,SSL400\Dataset - Original\Verbs\Want\Want_022.mp4
379,Verbs,Wash,SSL400\Dataset - Original\Verbs\Wash\Wash_001.mp4
379,Verbs,Wash,SSL400\Dataset - Original\Verbs\Wash\Wash_002.mp4
379,Verbs,Wash,SSL400\Dataset - Original\Verbs\Wash\Wash_003.mp4
379,Verbs,Wash,SSL400\Dataset - Original\Verbs\Wash\Wash_004.mp4
379,Verbs,Wash,SSL400\Dataset - Original\Verbs\Wash\Wash_005.mp4
379,Verbs,Wash,SSL400\Dataset - Original\Verbs\Wash\Wash_006.mp4
379,Verbs,Wash,SSL400\Dataset - Original\Verbs\Wash\Wash_007.mov
379,Verbs,Wash,SSL400\Dataset - Original\Verbs\Wash\Wash_008.mov
379,Verbs,Wash,SSL400\Dataset - Original\Verbs\Wash\Wash_009.mov
379,Verbs,Wash,SSL400\Dataset - Original\Verbs\Wash\Wash_010.mov
380,Verbs,Watch,SSL400\Dataset - Original\Verbs\Watch\Watch_001.mp4
380,Verbs,Watch,SSL400\Dataset - Original\Verbs\Watch\Watch_002.mp4
380,Verbs,Watch,SSL400\Dataset - Original\Verbs\Watch\Watch_003.mp4
380,Verbs,Watch,SSL400\Dataset - Original\Verbs\Watch\Watch_004.mp4
380,Verbs,Watch,SSL400\Dataset - Original\Verbs\Watch\Watch_005.mp4
380,Verbs,Watch,SSL400\Dataset - Original\Verbs\Watch\Watch_006.mp4
380,Verbs,Watch,SSL400\Dataset - Original\Verbs\Watch\Watch_007.mp4
380,Verbs,Watch,SSL400\Dataset - Original\Verbs\Watch\Watch_008.mp4
381,Verbs,Work,SSL400\Dataset - Original\Verbs\Work\Work_001.mov
381,Verbs,Work,SSL400\Dataset - Original\Verbs\Work\Work_002.mov
382,Verbs,Write,SSL400\Dataset - Original\Verbs\Write\Write_001.mp4
382,Verbs,Write,SSL400\Dataset - Original\Verbs\Write\Write_002.mp4
382,Verbs,Write,SSL400\Dataset - Original\Verbs\Write\Write_003.mp4
382,Verbs,Write,SSL400\Dataset - Original\Verbs\Write\Write_004.mp4
382,Verbs,Write,SSL400\Dataset - Original\Verbs\Write\Write_005.mp4
382,Verbs,Write,SSL400\Dataset - Original\Verbs\Write\Write_006.mp4
382,Verbs,Write,SSL400\Dataset - Original\Verbs\Write\Write_007.mp4
382,Verbs,Write,SSL400\Dataset - Original\Verbs\Write\Write_008.mp4
382,Verbs,Write,SSL400\Dataset - Original\Verbs\Write\Write_009.mp4
382,Verbs,Write,SSL400\Dataset - Original\Verbs\Write\Write_010.mp4
382,Verbs,Write,SSL400\Dataset - Original\Verbs\Write\Write_011.mp4
382,Verbs,Write,SSL400\Dataset - Original\Verbs\Write\Write_012.mp4
382,Verbs,Write,SSL400\Dataset - Original\Verbs\Write\Write_013.mp4
382,Verbs,Write,SSL400\Dataset - Original\Verbs\Write\Write_014.mp4
382,Verbs,Write,SSL400\Dataset - Original\Verbs\Write\Write_015.mp4
382,Verbs,Write,SSL400\Dataset - Original\Verbs\Write\Write_016.mp4
382,Verbs,Write,SSL400\Dataset - Original\Verbs\Write\Write_017.mp4
382,Verbs,Write,SSL400\Dataset - Original\Verbs\Write\Write_018.mp4
382,Verbs,Write,SSL400\Dataset - Original\Verbs\Write\Write_019.mp4
382,Verbs,Write,SSL400\Dataset - Original\Verbs\Write\Write_020.mp4
382,Verbs,Write,SSL400\Dataset - Original\Verbs\Write\Write_021.mp4
382,Verbs,Write,SSL400\Dataset - Original\Verbs\Write\Write_022.mp4
382,Verbs,Write,SSL400\Dataset - Original\Verbs\Write\Write_023.mp4
382,Verbs,Write,SSL400\Dataset - Original\Verbs\Write\Write_024.mp4
382,Verbs,Write,SSL400\Dataset - Original\Verbs\Write\Write_025.mp4
382,Verbs,Write,SSL400\Dataset - Original\Verbs\Write\Write_026.mp4
382,Verbs,Write,SSL400\Dataset - Original\Verbs\Write\Write_027.mp4
382,Verbs,Write,SSL400\Dataset - Original\Verbs\Write\Write_028.mp4
382,Verbs,Write,SSL400\Dataset - Original\Verbs\Write\Write_029.mp4
382,Verbs,Write,SSL400\Dataset - Original\Verbs\Write\Write_030.mp4
382,Verbs,Write,SSL400\Dataset - Original\Verbs\Write\Write_031.mp4
382,Verbs,Write,SSL400\Dataset - Original\Verbs\Write\Write_032.mp4
382,Verbs,Write,SSL400\Dataset - Original\Verbs\Write\Write_033.mp4
382,Verbs,Write,SSL400\Dataset - Original\Verbs\Write\Write_034.mp4
382,Verbs,Write,SSL400\Dataset - Original\Verbs\Write\Write_035.mov
